:020000040800F2
:10000000F8410020CD0100085112000849120008F3
:100010004D1200087D0200082F16000800000000A5
:10002000000000000000000000000000D1130008E4
:100030008102000800000000AD130008E51400086C
:10004000E7010008E7010008E7010008E7010008F0
:10005000E7010008E7010008E7010008E7010008E0
:10006000E7010008E7010008E7010008E7010008D0
:10007000E7010008E7010008E7010008E7010008C0
:10008000E7010008E7010008E7010008E7010008B0
:10009000E7010008E7010008E7010008E7010008A0
:1000A000E7010008E7010008E7010008E701000890
:1000B000E7010008E7010008E7010008E701000880
:1000C000E7010008E7010008E7010008E701000870
:1000D000E701000849150008E7010008E7010008EA
:1000E000E7010008E7010008E7010008E701000850
:1000F000E7010008E7010008E7010008E701000840
:10010000E7010008E7010008E7010008E70100082F
:10011000E7010008E7010008E7010008E70100081F
:10012000E7010008E7010008E7010008E70100080F
:1001300000F002F800F03AF80AA090E8000C8244BF
:100140008344AAF10107DA4501D100F02FF8AFF29C
:10015000090EBAE80F0013F0010F18BFFB1A43F0A5
:1001600001031847D00B0100F00B0100103A24BF27
:1001700078C878C1FAD8520724BF30C830C144BF0C
:1001800004680C607047000000230024002500264E
:10019000103A28BF78C1FBD8520728BF30C148BFEA
:1001A0000B6070471FB51FBD10B510BD00F033F8D0
:1001B0001146FFF7F7FF01F087FA00F051F803B49A
:1001C000FFF7F2FF03BC01F034FA00000948804752
:1001D00009480047FEE7FEE7FEE7FEE7FEE7FEE729
:1001E000FEE7FEE7FEE7FEE704480549054A064B41
:1001F00070470000E914000831010008F83B0020B6
:10020000F8410020F83D0020F83D0020704770477D
:10021000704770477047754600F02CF8AE460500F1
:100220006946534620F00700854618B020B5FFF711
:10023000DBFFBDE820404FF000064FF000074FF015
:1002400000084FF0000B21F00701AC46ACE8C009F4
:10025000ACE8C009ACE8C009ACE8C0098D467047FD
:1002600010B50446AFF300802046BDE81040FFF70C
:10027000A6BF000000487047943B002000BFFEE787
:1002800070472DE9F04106460C4617461D464420AE
:1002900000F030FFC6F3C70000F026FFC7F3C70029
:1002A00000F022FF452000F025FFE0B200F01CFF27
:1002B000200A00F019FFE8B200F016FF280A00F04B
:1002C00013FFBDE8F0812DE9F04132264FF4967717
:1002D00000F060FA242000F00DFF00250AE0002461
:1002E00004E0FF2000F000FF601C84B2B442F8DBA1
:1002F000681C85B2BD42F2DB00F0A0FEBDE8F081D3
:100300002DE9F041064632274FF49678242000F07C
:10031000F1FE00250CE0002406E005FB0741705CBF
:1003200000F0E2FE601C84B2BC42F6DB681C85B2C1
:100330004545F0DB00F082FEBDE8F0812DE9F0419B
:10034000064632274FF49678242000F0D3FE00258D
:100350000CE0002406E005FB0741705C00F0C4FEE1
:10036000601C84B2BC42F6DB681C85B24545F0DBFC
:1003700000F071FEBDE8F0812DE9F05F82468B460A
:1003800014461E462246E31704EB5373DB10A4EB1E
:10039000C3032BB92146CB1701EB5373DB1005E0E8
:1003A0002046E31704EB5373DB105B1C9FB2B0468F
:1003B0003C2000F09FFE802000F096FE212000F0FF
:1003C00099FE002000F090FE002000F08DFE3C2001
:1003D00000F090FE802000F087FE0BEB0600401E30
:1003E00083B20AEB0400401E82B259465046FFF722
:1003F00048FF5946504600F079FA242000F07AFE72
:10040000002510E04FF0000909E005FB07920A996A
:10041000885C00F069FE09F101001FFA80F9B94516
:10042000F3DB681C85B24545ECDB00F021FEBDE83E
:10043000F09F2DE9F04F05460E4692469B4600245C
:1004400057460320A0EB4A090998002858D054E0E9
:10045000A04641E006EB080291B22A1990B25A4632
:1004600000F036FF06EB080291B22A1B90B25A4602
:1004700000F02EFF321991B2A5EB080290B25A4655
:1004800000F026FF321B91B2A5EB080290B25A464B
:1004900000F01EFFA6EB080291B22A1B90B25A464A
:1004A00000F016FFA6EB080291B22A1990B25A4644
:1004B00000F00EFF321B91B205EB080290B25A46D3
:1004C00000F006FF321991B205EB080290B25A46CD
:1004D00000F0FEFE08F10108B845BBDDB9F1000FE0
:1004E00003DAA000801D814405E0E01B80000A3093
:1004F0008144781E87B2601C84B2BC42A8DD49E00A
:1005000046E0F21991B22A1990B25A4600F0E0FE84
:10051000F21991B22A1B90B25A4600F0D9FE321954
:1005200091B2EA1B90B25A4600F0D2FE321B91B251
:10053000EA1B90B25A4600F0CBFEF21B91B22A1B86
:1005400090B25A4600F0C4FEF21B91B22A1990B242
:100550005A4600F0BDFE321B91B2EA1990B25A46DB
:1005600000F0B6FE321991B2EA1990B25A4600F084
:10057000AFFEB9F1000F03DAA000801D814405E051
:10058000E01B80000A308144781E87B2601C84B270
:10059000BC42B6DDBDE8F08F2DE9FF4F04460D46A5
:1005A00016461F46A146AA46301B01D4301B00E068
:1005B000A01B8346781B002801DC781B00E0E81BA9
:1005C0000390B44201DA012001E04FF0FF300290C5
:1005D000BD4201DA012001E04FF0FF3001900398A5
:1005E0000BEB00080020009000BF0098401CC0B238
:1005F0000090514648460D9A00F06AFE4FEA4801C5
:100600000398814208DBB14500D112E00398804491
:10061000029848441FFA80F94FEA48005845E4DC44
:10062000BA4500D105E0D844019850441FFA80FA39
:10063000DBE700BFBDE8FF8F2DE9F84780460E4697
:1006400091461F46DDE9094ABAF1000F0DD0354643
:1006500008E02B464A46294640460094FFF79CFF97
:10066000681C85B2BD42F4DB1BE033464A46314686
:1006700040460094FFF790FF3B46424631464046D5
:100680000094FFF789FF33464A46394648460094AE
:10069000FFF782FF3B464246394648460094FFF743
:1006A0007BFFBDE8F887000030B50246002110E06E
:1006B000002008E0094C248A01FB0403074D2D6843
:1006C000EA54441CA0B2054C248A8442F2DC4C1C3F
:1006D000A1B2024C648A8C42EADC30BDB83A0020F8
:1006E00008B501214FF4B07000F062FE4FF4805065
:1006F000ADF8000010208DF8030003208DF80200F3
:100700006946214800F008FD2020ADF800001020C7
:100710008DF8030003208DF8020069461B4800F0A5
:10072000FBFC1020ADF800008DF8030003208DF8CD
:1007300002006946154800F0EFFC4FF40040ADF8A8
:10074000000010208DF8030003208DF80200694698
:100750000E4800F0E1FC0220ADF8000010208DF8FA
:10076000030003208DF802006946084800F0D4FC1D
:100770004FF48070ADF8000048208DF80300694602
:10078000034800F0C9FC08BD0020014000140140EE
:100790000018014010B500F081F800F099F812201F
:1007A00000F0A8FC00F094F8212000F0A3FC402009
:1007B00000F09AFC002000F097FC3C2000F09AFC2E
:1007C000052000F091FC112000F094FC032000F0C3
:1007D0008BFC40F22B1340F28F1200210846FFF7EA
:1007E00050FD0021084600F081F800F071F810BDBE
:1007F00010B5044600F052F800F06AF8122000F03C
:1008000079FC00F065F8212000F074FC402000F035
:100810006BFC002000F068FC3C2000F06BFC052025
:1008200000F062FC34B91A2000F064FC6E2000F085
:100830005BFC07E0012C05D11A2000F05BFC5A207C
:1008400000F052FC222000F055FC912000F04CFCFE
:10085000202000F04FFC00F03BF8112000F04AFC93
:10086000032000F041FC40F22B1340F28F120021D4
:100870000846FFF706FD0021084600F037F800F0B3
:1008800027F810BD10B50246012000E050430B1EB2
:10089000A1F10104A1B2F9D110BD000010B51021E1
:1008A0000A4800F0CFFC642000F0E8FE1021074861
:1008B00000F0C6FC0A2000F0E1FE1021034800F021
:1008C000C1FC642000F0DAFE10BD000000140140FD
:1008D00010B506E04FF48071034800F0A8FC00B9A1
:1008E00000E0F7E700BF10BD0018014070B50546F5
:1008F0000C464E2000F0FEFBE8B200F0F5FB4F2066
:1009000000F0F8FBE0B200F0EFFB200A00F0ECFB97
:1009100070BD00002DE9FE4F0746884692461C46F2
:10092000781C87B208F101001FFA80F80197CDF812
:100930000080082C02D14FF006091FE02046E31783
:1009400004EB5373DB1021464FEAE47C04EB5C7C40
:100950004FEAEC0CA4EBCC0CBCF1000F02D04FF032
:10096000010C01E04FF0000C6344224604EBD27C02
:100970004FEA6C0C03FB0CF31FFA83F9AAF1200079
:1009800086B2002568E0082C07D106EB4600344902
:1009900001EB400010F805B027E00C2C07D106EB66
:1009A0004600304901EB800010F805B01DE0102C26
:1009B00005D12D4800EB061010F805B015E0182CF5
:1009C00007D106EBC600294901EB800010F805B0FD
:1009D0000BE0302C07D106EBC600254901EB0010D7
:1009E00010F805B001E0BDE8FE8F002002901CE089
:1009F0000BF0010028B1414638460C9A00F068FC23
:100A000009E00C9808B9012000E0002002464146A8
:100A1000384600F05DFC4FEA6B0B08F101001FFA4D
:100A200080F80298401C80B2029002980828DFDB10
:100A3000781C87B2082C0BD004EBD4714A100199B2
:100A4000791A8A4204D1019F0098083080B2009040
:100A5000DDF80080681C85B24D4594DB00BFC2E71D
:100A6000C4B70008ECB9000860BE000850C4000814
:100A7000ACD100082DE9F8410746884616461C46C9
:100A8000079D2CE00C2C07D12346324641463846C0
:100A9000009500F029F81FE0102C07D123463246BC
:100AA00041463846009500F091F815E0182C07D122
:100AB0002346324641463846009500F0F3F80BE0F5
:100AC000202C07D12346324641463846009500F097
:100AD0005BF901E0BDE8F881B61C381987B23078BF
:100AE0000028CFD100BFF5E72DE9FF4F81B00646C2
:100AF00017461C4600962046E21704EB5272D210AD
:100B00002146E31704EB5373DB10A4EBC3030BB1D3
:100B1000012300E000231A4462431FFA82FB4FF0D6
:100B2000050A00254BE005EB850000EBC5002649D2
:100B300011F81000397888423ED105EB850000EBB2
:100B4000C500214901EB400040787978884233D1D3
:100B50004FF000082EE04FF0000923E005EB850080
:100B600000EBC500184901EB4000801C10F808009C
:100B7000012101FA09F1084020B130460E9A02998C
:100B800000F0A6FB701C86B20098301AA04205D176
:100B9000009E0298401C80B2029006E009F101001C
:100BA00000F0FF09B9F1080FD8DB00BF08F1010020
:100BB00000F0FF08D845CEDB00BF681C85B2554564
:100BC000B1DB05B0BDE8F08F1C0701082DE9FF4F30
:100BD00081B0064617461C4600962046E21704EBF5
:100BE0005272D2102146E31704EB5373DB10A4EBCF
:100BF000C3030BB1012300E000231A4462431FFA30
:100C000082FB4FF00C0A002545E005EB0510244956
:100C100011F81000397888423AD105EB05102049C7
:100C200001EB400040787978884231D14FF00008DC
:100C30002CE04FF0000921E005EB0510184901EB0D
:100C40004000801C10F80800012101FA09F1084059
:100C500020B130460E9A029900F03AFB701C86B221
:100C60000098301AA04205D1009E0298401C80B224
:100C7000029006E009F1010000F0FF09B9F1080F48
:100C8000DADB00BF08F1010000F0FF08D845D0DB37
:100C900000BF681C85B25545B7DB05B0BDE8F08FD5
:100CA0009E0701082DE9FF4F81B0064617461C46F6
:100CB00000962046E21704EB5272D2102146E31749
:100CC00004EB5373DB10A4EBC3030BB1012300E06F
:100CD00000231A4462431FFA82FB4FF0050A0025E5
:100CE0004BE005EB850000EB4510264911F810009C
:100CF000397888423ED105EB850000EB451021494B
:100D000001EB400040787978884233D14FF00008F9
:100D10002EE04FF0000923E005EB850000EB4510C5
:100D2000184901EB4000801C10F80800012101FA6D
:100D300009F1084020B130460E9A029900F0C8FA35
:100D4000701C86B20098301AA04205D1009E02980D
:100D5000401C80B2029006E009F1010000F0FF099A
:100D6000B9F1080FD8DB00BF08F1010000F0FF085F
:100D7000D845CEDB00BF681C85B25545B1DB05B058
:100D8000BDE8F08F360901082DE9FF4F81B0064616
:100D900017461C4600962046E21704EB5272D2100A
:100DA0002146E31704EB5373DB10A4EBC3030BB131
:100DB000012300E000231A4462431FFA82FB4FF034
:100DC000050A002545E005EB8510244911F81000BF
:100DD000397888423AD105EB8510204901EB400073
:100DE00040787978884231D14FF000082CE04FF0FC
:100DF000000921E005EB8510184901EB4000801C3B
:100E000010F80800012101FA09F1084020B130462C
:100E10000E9A029900F05CFA701C86B20098301AA3
:100E2000A04205D1009E0298401C80B2029006E0CC
:100E300009F1010000F0FF09B9F1080FDADB00BF8A
:100E400008F1010000F0FF08D845D0DB00BF681CA6
:100E500085B25545B7DB05B0BDE8F08FA80A01089B
:100E60002DE9FE4F06460F46144699460020029093
:100E70000025701C86B2781C87B200962546204655
:100E8000E21704EB5272D2102146E31704EB5373BE
:100E9000DB10A4EBC3030BB1012300E000231A44D1
:100EA00094B24FF0000841E04FF0000B38E0029997
:100EB0000C98405C01904FF0000A1FE0019800F090
:100EC000800050B10D9808B9012000E000200246D2
:100ED0003946304600F0FCF904E0394630460D9AB8
:100EE00000F0F6F9701C86B24FF6FF71019801EA26
:100EF000400001900AF101001FFA80FABAF1080FD0
:100F0000DCDB0098301AA84202D1009E781C87B220
:100F10000298401C80B202900BF101001FFA80FB86
:100F2000A345C4DB08F101001FFA80F8C845BBDB0C
:100F3000BDE8FE8F2DE9F84106460F4614461D46D2
:100F4000DDF81C800EE0CDF8008022782B46394673
:100F50003046FFF7DFFC641C284605EBD07106EB3A
:100F600061018EB220780028EDD1BDE8F8812DE92D
:100F7000FF4F85B007468A461C46DDE91289484680
:100F800009EBD071C1F3470641460A20FFF77AFC0E
:100F9000019000F0CDFE8346079900F0DDFE02903F
:100FA00000F0A6FE80B20390002537E0601B401ED3
:100FB00081B20A20FFF766FC0399B1FBF0F00A2129
:100FC000B0FBF1F201FB12000490A4EB0800A84270
:100FD00017D11498B34606EBDB725210921EA4EBA5
:100FE000080303FB06731A44009090B2AAF10602AC
:100FF00091B24B463A22FFF78DFC681CC5B2601CCB
:10100000C4B2149805FB0671009088B24B46049A4E
:1010100030325146FFF77EFC681CC5B2A542C5DBE5
:1010200009B0BDE8F08F10B5102000F063F8012082
:1010300000F05AF8C82000F021FB10BD10B52220A6
:1010400000F058F8F72000F04FF8202000F052F898
:10105000FFF73EFC10BD10B5222000F04BF8C72072
:1010600000F042F8202000F045F8FFF731FC10BDF9
:1010700010B5222000F03EF8FF2000F035F82020C7
:1010800000F038F8FFF724FC10BD000070B50446EE
:101090000221134800F0D4F8002519E04FF48051E4
:1010A000104800F0CDF804F0800020B120210C4859
:1010B00000F0C8F803E02021094800F0C1F84FF41F
:1010C0008051084800F0BEF86006040E681CC5B2E6
:1010D000082DE3DB0221024800F0B4F870BD0000E7
:1010E000001401400020014010B504462046FFF7DF
:1010F000CDFF10BD10B504464FF40041054800F087
:101100009FF82046FFF7C2FF4FF40041014800F06E
:1011100099F810BD001401402DE9F0410246002568
:101120000026002000230024002791F803C00CF0C3
:101130000F0591F803C00CF0100CBCF1000F03D0A8
:1011400091F802C04CEA050591F800C0BCF1000F0F
:1011500031D0146800202BE04FF0010C0CFA00F3A2
:10116000B1F800C00CEA03069E4220D183004FF084
:101170000F0C0CFA03F7BC4305FA03FC4CEA040419
:1011800091F803C0BCF1280F06D14FF0010C0CFA06
:1011900000FCC2F814C00AE091F803C0BCF1480F8B
:1011A00005D14FF0010C0CFA00FCC2F810C0401C35
:1011B0000828D1D31460B1F800C0BCF1FF0F34DDB2
:1011C000546800202EE000F1080C4FF0010808FAE6
:1011D0000CF3B1F800C00CEA03069E4221D1830053
:1011E0004FF00F0C0CFA03F7BC4305FA03FC4CEA72
:1011F000040491F803C0BCF1280F05D100F1080CDC
:1012000008FA0CF8C2F8148091F803C0BCF1480F3A
:1012100007D100F1080C4FF0010808FA0CF8C2F8E9
:101220001080401C0828CED35460BDE8F0810246EF
:10123000002093680B400BB1012000E000207047B4
:10124000416170470161704700BFFEE700BFFEE7E4
:10125000704700002DE9F0410646069F00201B4C18
:101260002060204606600181428187810C464FEA5A
:10127000E17C01EB5C7C4FEAEC0CA1EBCC0CBCF10B
:10128000000F07D10D464FEAE57C05EB5C7C4FEA89
:10129000EC0C08E008464FEAE17C01EB5C7C4FEA8D
:1012A000EC0C0CF1010CDFF82480A8F810C04046CB
:1012B0004282C3810BB1B42B03D104488180C28028
:1012C00002E002488280C180BDE8F081B83A002087
:1012D0002DE9F04103461746334EF6893EB15A2EAA
:1012E00008D0B42E0DD0B6F5877F1CD114E0184677
:1012F0000A461AE02C4E3689761A761EB0B21A4685
:1013000013E0294E3689F61A761EB0B2264E76893B
:10131000761A761EB2B208E00846234E7689F61A8F
:10132000761EB2B201E0BDE8F08100BF06464FEA8A
:10133000E07C00EB5C7C4FEAEC0CDFF86C80B8F8EA
:10134000108002FB08C4184E3668355DAFB90646FA
:101350004FEAE07C00EB5C7C4FEAEC0CA0EBCC08A5
:101360004FF0800C4CFA08FC25EA0C0CDFF83880B2
:10137000D8F8008008F804C014E006464FEAE07C84
:1013800000EB5C7C4FEAEC0CA0EBCC084FF0800C3F
:101390004CFA08FC4CEA050CDFF80C80D8F8008009
:1013A00008F804C000BFBEE7B83A0020704700004C
:1013B00029B1064A92690243044B9A6104E0034A48
:1013C00092698243014B9A6170470000001002400D
:1013D000704710B500F002F810BD00000CB50020F9
:1013E000019000903348006840F480303149086033
:1013F00000BF3048006800F4003000900198401CA5
:101400000190009818B90198B0F5A06FF1D1294862
:10141000006800F4003010B10120009001E00020CD
:1014200000900098012843D12348006840F0100044
:10143000214908600846006820F00300086008465B
:10144000006840F0020008601A4840681949486086
:101450000846406848600846406840F4806048603C
:101460000846406820F47C1048600846406840F414
:10147000E81048600846006840F08070086000BFCF
:101480000C48006800F000700028F9D00948406856
:1014900020F00300074948600846406840F0020019
:1014A000486000BF0348406800F00C000828F9D1EC
:1014B0000CBD00000010024000200240042808D1AA
:1014C0004FF0E021096941F004014FF0E022116181
:1014D00007E04FF0E021096921F004014FF0E0221C
:1014E000116170477047000010B51348006840F064
:1014F00001001149086008464068104908400E493B
:101500004860084600680E4908400B4908600846D4
:10151000006820F4802008600846406820F4FE003F
:1015200048604FF41F008860FFF753FF4FF00060E2
:101530000449086010BD0000001002400000FFF8E0
:10154000FFFFF6FE08ED00E010B540F225511D4802
:1015500000F03EF810B31B4800F064F8C4B21A481B
:10156000008800F40040C8B91748008800F48040A3
:1015700060B10A2C03D000201349088020E01248F3
:10158000008840F400401049088019E00D2C06D175
:101590000D48008840F480400B49088010E00A485C
:1015A0000088C0F30D0009490C5407480088401C0E
:1015B0000549088008460088C72801DD002008800A
:1015C00010BD0000003801401C000020CC3A002073
:1015D00070B50246002400230025002040F66A165C
:1015E000B14200D100BFC1F3421501F01F03012633
:1015F00006FA03F3012D02D19689334006E0022D4D
:1016000002D1168A334001E0968A33400C1201263B
:1016100006FA04F41688344013B10CB1012000E03E
:10162000002070BD01468888C0F30800704700BFE5
:10163000FEE7014600BF704710B56FF00400FFF7EA
:101640003DFF0A4800680A49B0FBF1F009490870FB
:101650000846007800EB4001C1EBC0104FF6FF7167
:1016600001EAC0000449088010BD0000000000200D
:1016700000127A0014000020160000200146114AD2
:1016800012884A434FF0E0235A6100229A611A46B9
:10169000126942F001021A6100BF4FF0E0221069A6
:1016A00000F001021AB100F48032002AF5D04FF0A8
:1016B000E022126922F001024FF0E0231A610022B9
:1016C0009A617047160000200EB5524CFFF7B4FF28
:1016D000FFF706F8FFF75EF84F48FEF711FEFFF739
:1016E000A2FC0120FFF784F84C48FEF727FEFFF725
:1016F0009AFC4FF47A70FFF7C1FFFEF7E4FDFF207C
:1017000000234FF496724FF4C87100904448FFF7DD
:10171000A1FDFF20FEF7C8FF41484FF496734FF438
:10172000C872002100900846FEF726FE70E00020F7
:101730003C49C6234FF4B872CDE900100146102091
:10174000FFF78EFB0020182337A2C8210090442009
:10175000FFF7F0FB0020102339A2E621009054206F
:10176000FFF7E8FB0020102337A2E62100908C2031
:10177000FFF780F90120002140F227134122CDE933
:101780000010FA211420FEF757FF0020009040F2CD
:1017900027137D22FA2101905020FEF74DFF0120F2
:1017A000002314224FF487710090C820FEF741FEF9
:1017B0000020034614224FF487710090E620FEF7C4
:1017C00038FE0020302102220423CDE900210290BE
:1017D0002246FA214FF48770FFF7C9FB204600F03C
:1017E0005BFA05461E4A1F4B00F070F8074600F0F2
:1017F0003BF804460A484FF496734FF4C872002130
:1018000000900846FEF7B8FD4FF47A70FFF736FFF8
:101810008DE70000CDCC40412C7D0008F01E000873
:1018200020000020885900087A68656E677A686F22
:10183000757A686F6E676A696E677975616E0000A8
:10184000342E32696E636800B5E7D7D3C4ABCBAE34
:10185000C6C1B6CFB5E7BFC9CFD4CABE000000002D
:101860007B14AE47E17A843F21F00042A2F160523E
:10187000B2F5801F01F0004328BFD2F17F6C0BD975
:101880005FEA001C43EAC20242EB507018BF704787
:1018900028BF20F001007047B2F5801FBCBF18467A
:1018A00070474FEA410C1CF5001F02D2084600F0B9
:1018B0001ABB70B500F0B2F800000089FFF7F6BF60
:1018C0004FF00040A0F580007047000010B591EA8D
:1018D000030F48BF83F0004300F1FC80841A71EBD2
:1018E000030C05D2121943EB0C03001B61EB0C0136
:1018F000DFF824E14FEA1154A4EB135C1EEA430F16
:1019000018BF9EEA445F73D023EA0E03DCF1200E79
:1019100021EA045143F4801332D322FA0CFE10EB77
:101920000E0023FA0CFE41EB0E01CCF1200E03FA5F
:101930000EFE10EB0E0051F10001B1F5801FCCF14D
:10194000200E32D201EB045112FA0EF2BDE8104023
:1019500058BF7047401C38BF5FEA420218BF70474B
:10196000002814BF20F0010041F100014FEA4103BB
:1019700013F5001F38BF7047A1F1C04100F09CB8BB
:10198000012A43EB0302ACF1200CDCF11F0E32BF45
:101990004FF0000E23FA0CF310EB030041EB04515F
:1019A000B4EB115FD0D0A1EB045101F580114908CF
:1019B0005FEA300001EB04510ED350F1000038BF54
:1019C00012FA0EFE08D1BDE81040C9E7401C38BF2E
:1019D0005FEA4202CAD1C3E7BDE810404FEA4103C3
:1019E00013F5001F38BF7047A1F1C04100F064B883
:1019F0009EEA445F08D011EA5E0FBDE8104004BFC4
:101A000001F0004100207047BDE8104070B500F0C3
:101A100005F800BF64FBBE3E0000E0FF0EF1020EC1
:101A20002EF0030E5EF8046B364205D4012A43EB18
:101A3000030515F5001F12D8012841EB010C1CF518
:101A4000001F0CD80ED14FEAD17C15F5001F0CEB0E
:101A50004C0C0CF1020C08BF4CEBD37C04E04FF0B3
:101A6000080C01E04FEAD37C0CEB4C0526FA05F696
:101A700006F00706B6F1040C06D20EEB860CBDE8A4
:101A800070404CF0010C6047DFE80CF0090B0202DB
:101A90004FF000414FF00000A1F5002170BD194644
:101AA0001046012851EB010418BFD4F5001484BF7F
:101AB000002001F0004170BD0808A0F500114FEAB8
:101AC0003101704710B591EA030F48BF83F000431E
:101AD0003FF504AF841A71EB030C07D212198CF096
:101AE000004C43EB0C03001B61EB0C01DFF8A4E19D
:101AF0004FEA1154A4EB135C1EEA430F18BF9EEA91
:101B0000445F00F0B08023EA6E03524221EA0451A0
:101B1000C3EB6E0338BF5B1EDCF1200E25D322FA27
:101B20000CFE10EB0E0043FA0CFE41EB0E01CCF163
:101B3000200E03FA0EFE10EB0E0051F10001CCF165
:101B4000200E29D412FA0EF201EB0451BDE8104028
:101B500058BF7047401C1CBFB2F1004F70470028AF
:101B60000CBF491C20F00100704712EB020E43EB42
:101B7000030218BF4FF0010E4EEA4202ACF1200CF6
:101B8000DCF11E0E54D943FA0CFE10EB0E0051F19D
:101B9000FF31CCF11E0ED5D50EF1010E12FA0EFE5C
:101BA000404141EB010101EB445C5FEA5C5C10D910
:101BB00010EBDE7001EB045138BFBEF1004FBDE801
:101BC000104018BF704700280CBF491C20F00100CE
:101BD000704730D24FEAD42C11F5001124F4006480
:101BE0001BD0B1FA81F20B3AA41AA41ED2F1200341
:101BF000914030FA03F31943904001EBCC71002C73
:101C000001EB0451BDE81040A8BF704701F1C0418D
:101C10004FF0000001F000417047B0FA80F310FA75
:101C200003F100D110BDE41A173C4805C90AE4E7E6
:101C300001EB045110BD491001EB0451BDE8104007
:101C40004FEA300002E04FF0000170474A0008BF41
:101C50000042F8D0B2F5001F28BF704701F00041E4
:101C60004FF0000070479EEA445F07D011EA5E0F14
:101C7000BDE8104004BF002100207047BDE81040BF
:101C800070B5FFF7CBFE00BF40DFF63E83F00041AA
:101C9000104670470000E0FF43004FEAD30C4FEAC4
:101CA0003C0C43401FBF40070CF1605113F0FE4F46
:101CB00070471CF0006F03D100200CF0004170470A
:101CC0000CF0004343EA507010B540EACC0000F03D
:101CD000C4F800BF000000924FEA0001FFF7ECBE1D
:101CE0004FF000414FF00000A1F5002170470000C7
:101CF000C10DD1F19E0206DB4FEA002343F0004301
:101D000023FA02F07047004207D54FEA4001B1F1D3
:101D1000FE4F02D24FF00000704710B500F09DF862
:101D200049922480002070476FEA2000704700002D
:101D3000B0FA80F310FA03F2C3F19D030AD0D9057B
:101D400001EB1220530638BF704700F1010008BFB5
:101D500020F00100704700004FF47F0C1CEAD01205
:101D60001EBF1CEAD11392EA0C0F93EA0C0F00F08D
:101D7000478090EA010F48BF42F480724FF0004C58
:101D80004CEA00204CEA012102EB0302A0FB011304
:101D9000A2F50002002918BF43F001035B0028BF31
:101DA0004FEA330342EB22425FEA132C4CEBC25062
:101DB0002EBFBCEB436FB2F57C0F70474FEA036C4C
:101DC000BCF1004F08BF20F00100B2F57C0F38BF16
:101DD00070470BD582F0FF0212F5803FC8BF7047F5
:101DE00000F1C040D8BF00F00040704700F5000C83
:101DF0005FEA4C0C48BF7047B0F1C04000F073B8C8
:101E000090EA010F0CEAD11348BF42F48072624598
:101E100038BF634504D280EA010000F000407047FB
:101E200010B500F01AF800BF8900013E00F007B8B5
:101E300000F009B85FEA410C5FEA1C6C08D080EA48
:101E4000010000F050B85FEA400C5FEA1C6CF6D16C
:101E50004FF00040A0F5800070470EF1020E2EF00A
:101E6000030E5EF8044B244204D44FEA4102B2F15F
:101E70007F4F11D84FEA4003B3F17F4F0CD80ED1FA
:101E80004FEAD07CB2F17F4F0CEB4C0C0CF1020C02
:101E900008BF4CEBD17C04E04FF0080C01E04FEAA6
:101EA000D17C0CEB4C0324FA03F404F00704B4F1E6
:101EB000040C06D20EEB840CBDE810404CF0010C73
:101EC0006047DFE80CF0070802024FF00040A0F581
:101ED000800010BD0846420018BFD2F1807288BF52
:101EE00000F0004010BDFF2141EAD050C00570470E
:101EF000FFFFFFFFFFFFFFFFFFFFFFFFFFFFFFFFF2
:101F0000FFFFFFFFFFFFFFFFFFFFFFFFFFFFFFFFE1
:101F1000FFFFFFFFFFFFFFFFFFFFFFFFFFFFFFFFD1
:101F2000FFFFFFFFFFFFFFFFFFFFFFFFFFFFFFFFC1
:101F3000FFFFFFFFFFFFFFFFFFFFFFFFFFFFFFFFB1
:101F4000FFFFFFFFFFFFFFFFFFFFFFFFFFFFFFFFA1
:101F5000FFFFFFFFFFFFFFFFFFFFFFFFFFFFFFFF91
:101F6000FFFFFFFFFFFFFFFFFFFFFFFFFFFFFFFF81
:101F7000FFFFFFFFFFFFFFFFFFFFFFFFFFFFFFFF71
:101F8000FFFFFFFFFFFFFFFFFFFFFFFFFFFFFFFF61
:101F9000FFFFFFFFFFFFFFFFFFFFFFFFFFFFFFFF51
:101FA000FFFFFFFFFFFFFFFFFFFFFFFFFFFFFFFF41
:101FB000FFFFFFFFFFFFFFFFFFFFFFFFFFFFFFFF31
:101FC000FFFFFFFFFFFFFFFFFFFFFFFFFFFFFFFF21
:101FD000FFFFFFFFFFFFFFFFFFFFFFFFFFFFFFFF11
:101FE000FFFFFFFFFFFFFFFFFFFFFFFFFFFFFFFF01
:101FF000FFFFFFFFFFFFFFFFFFFFFFFFFFFFFFFFF1
:10200000FFFFFFFFFFFFFFFFFFFFFFFFFFFFFFFFE0
:10201000FFFFFFFFFFFFFFFFFFFFFFFFFFFFFFFFD0
:10202000FFFFFFFFFFFFFFFFFFFFFFFFFFFFFFFFC0
:10203000FFFFFFFFFFFFFFFFFFFFFFFFFFFFFFFFB0
:10204000FFFFFFFFFFFFFFFFFFFFFFFFFFFFFFFFA0
:10205000FFFFFFFFFFFFFFFFFFFFFFFFFFFFFFFF90
:10206000FFFFFFFFFFFFFFFFFFFFFFFFFFFFFFFF80
:10207000FFFFFFFFFFFFFFFFFFFFFFFFFFFFFFFF70
:10208000FFFFFFFFFFFFFFFFFFFFFFFFFFFFFFFF60
:10209000FFFFFFFFFFFFFFFFFFFFFFFFFFFFFFFF50
:1020A000FFFFFFFFFFFC00000007FFFFFFFFFFFF38
:1020B000FFFFFFFFFFFFFFFFFFFFFDFFFFFFFFF73A
:1020C000FFFFFFFFFFFFFFFFFFFFFFFFFFFFFFFF20
:1020D000FFFFFFFFFFFFFFFBFFFFFFFBFFFFFFFF18
:1020E000FF3F7FFFFFFFFFFFFFFFFFFFFBFFFFFF44
:1020F000FFEFFFFFFFFFFFFFFFFFFFFFFFFFFFFF00
:10210000FFFFFFFFFFFFFFFFFFFBFFFFFFFBFFFFE7
:102110009FF87EDF7FFFFFF83FC1FC1FC1FFFBF090
:102120007FEFFFEF83FFBFFFFFFFFFFFFFFFFFFF1B
:10213000FFFFFFFFFFFFFFFFFFFFFFFBFFFFFFFBB7
:10214000FFFF9FE39DEEFFFFFFE79F9CF3CFBCFFE8
:10215000F7E73FCFFFDF39FF3FFFFFFFFFFFFFFF45
:10216000FFFFFFFFFFFFFFFFFFFFFFFFFFFBB9FFC9
:10217000FFFBFFFF1FE7DDEEFFFFFFDFCF3E6FE757
:102180003E7FF7CF9E0FFFDE7CF83FFFFFFFFFFF94
:10219000FFFFFFFFFFFFFFFFFFFFFFFFFFFFFFFB53
:1021A000B9FFFFFBFFFE1FCFCDEDFFFFFFDFCF3EEF
:1021B0006FE73E7FE7CF9FCFFF9E7CFF3FFFFFFF94
:1021C000FFFFFFFFFFFFFFFFFFFFFFFFFFFFFFFF1F
:1021D000FFFBB9FFFFFBFFFE9FCFCDEDFFFFFFCF62
:1021E000CF7F27E73E7FEFDFCFCFFFBEFE7F3FFFF2
:1021F000FFFFFFFFFFFFFFFFFFFFFFFFFFFFFFFFEF
:10220000FFFFFFFBB9FFFFF83FFD9F9FE5EBFFFFDF
:10221000FFCFCE7F27E7FE7FCF9FCFCFFF3CFE7F54
:102220003FFFFFFFFFFFFFFFFFFFFFFFFFFFFFFF7E
:10223000FFFFFFFFFFFBB9FFFFFBBFFD9F9FE5EB2C
:10224000FFFFFFFFDE7F3FEFFEFFDF9FCFCFFF7C73
:10225000FE7F3FFFFFFFFFFFFFFFFFFFFFFFFFFFCF
:10226000FFFFFFFFFFFFFFFBB9FFFFFBBFFB9F9FD0
:10227000E6D7FFFFFFFF9E7F3FCFFCFF9F9FCFCFA3
:10228000FE7CFE7F3FFFFFFFFFFFFFFFFFFFFFFF23
:10229000FFFFFFFFFFFFFFFFFFFBB9FFFFFBBFF7E4
:1022A0009F9FE7167FFFFFFF3E7F3F9FF1FFBF9F8E
:1022B000CFCFFEFCFE7F3FFFFFFFFFFFFFFFFFFFD3
:1022C000FFFFFFFFFFFFFFFFFFFFFFFBB9FFFFFB6C
:1022D000BFF79F9FE7F5BFFFFFFF7E7F3FBFFE7FFA
:1022E0003F9FCFCFFCFCFE7F3FFFFFFFFFFFFFFFC5
:1022F000FFFFFFFFFFFFFFFFFFFFFFFFFFFBB9FF38
:10230000FFFBBFEF9F9FE7EBDFFFFFFEFE7F3F7FFF
:10231000FF7F7F9FCFCFFDFCFE7F3FFFFFFFFFFFD3
:10232000FFFFFFFFFFFFFFFFFFFFFFFFFFFFFFFBC1
:10233000B9FFFFFBBFDF9F9FE7EBDFFFFFFDFE7FE6
:102340003EFFFF3E7F9FCFCFF9FCFE7F3FFFFFFFA9
:10235000FFFFFFFFFFFFFFFFFFFFFFFFFFFFFFFF8D
:10236000FFFBB9FFFFF93FC0039FE7DBDFFFFFFB88
:10237000FF7F7DFF3F3EFFDFDFCFFBFEFEFF3FFF26
:10238000FFFFFFFFFFFFFFFFFFFFFFFFFFFFFFFF5D
:10239000FFFFFFFBB9FFFFF87FFF9FCFCFDBDFFF22
:1023A000FFF7EF3E7BF73F3CFFCF9FCFF3FE7CFF75
:1023B0003FFFFFFFFFFFFFFFFFFFFFFFFFFFFFFFED
:1023C000FFFFFFFFFFFBB9FFFFFBFFFF9FCFCFBB6F
:1023D000DFFFFFEFEF3E77F73F3DFFCF9FCFF7FEE9
:1023E0007CFF3FFFFFFFFFFFFFFFFFFFFFFFFFFF40
:1023F000FFFFFFFFFFFFFFFBB9FFFFFBFFFF9FE7B3
:10240000DFBBDFFFFFCFCF9CE7E7BE7DFFE73FCF1E
:10241000F7FF39FF3FFFFFFFFFFFFFFFFFFFFFFF5A
:10242000FFFFFFFFFFFFFFFFFFFBFFFFFFFBFFFFC4
:102430009FF39F7DBFFFFFC01FC1E00FC1FBFFF0F7
:102440007E01EFFF83F807FFFFFFFFFFFFFFFFFFA6
:10245000FFFFFFFFFFFFFFFFFFFFFFFBFFFFFFFB94
:10246000FFFC03F87F7E3FFFFFFFFFFFFFFFFFFB47
:10247000FFFFFFFFEFFFFFFFFFFFFFFFFFFFFFFF7C
:10248000FFFFFFFFFFFFFFFFFFFFFFFFFFFBFFFF60
:10249000FFFBFFFFFFFFFFFFFFFFFFFFFFFFFFFF50
:1024A000FFF7FFFFFFFFDFFFFFFFFFFFFFFFFFFF64
:1024B000FFFFFFFFFFFFFFFFFFFFFFFFFFFFFFFC2F
:1024C00000000003FFFFFFFFFFFFFFFFFFFFFFFF15
:1024D000FFFFFFFFFFFFFFFFFFFFFFFFFFFFFFFF0C
:1024E000FFFFFFFFFFFFFFFFFFFFFFFFFFFFFFFFFC
:1024F000FFFFFFFFFFFFFFFFFFFFFFFFFFFFFFFFEC
:10250000FFFFFFFFFFFFFFFFFFFFFFFFFFFFFFFFDB
:10251000FFFFFFFFFFFFFFFFFFFFFFFFFFFFFFFFCB
:10252000FFFFFFFFFFFFFFFFFFFFFFFFFFFFFFFFBB
:10253000FFFFFFFFFFFFFFFFFFFFFFFFFFFFFFFFAB
:10254000FFFFFFFFFFFFFFFFFFFFFFFFFFFFFFFF9B
:10255000FFFFFFFFFFFFFFFFFFFFFFFFFFFFFFFF8B
:10256000FFFFFFFFFFFFFFFFFFFFFFFFFFFFFFFF7B
:10257000FFFFFFFFFFFFFFFFFFFFFFFFFFFFFFFF6B
:10258000FFFFFFFFFFFFFFFFFFFFFFFFFFFFFFFF5B
:10259000FFFFFFFFFFFFFFFFFFFFFFFFFFFFFFFF4B
:1025A000FFFFFFFFFFFFFFFFFFFFFFFFFFFFFFFF3B
:1025B000FFFFFFFFFFFFFFFFFFFFFFFFFFFFFFFF2B
:1025C000FFFFFFFFFFFFFFFFFFFFFFFFFFFFFFFF1B
:1025D000FFFFFFFFFFFFFFFFFFFFFFFFFFFFFFFF0B
:1025E000FFFFFFFFFFFFFFFFFFFFFFFFFFFFFFFFFB
:1025F000FFFFFFFFFFFFFFFFFFFFFFFFFFFFFFFFEB
:10260000FFFFFFFFFFFFFFFFFFFFFFFFFFFFFFFFDA
:10261000FFFFFFFFFFFFFFFFFFFFFFFFFFFFFFFFCA
:10262000FFFFFFFFFFFFFFFFFFFFFFFFFFFFFFFFBA
:10263000FFFFFFFFFFFFFFFFFFFFFFFFFFFFFFFFAA
:10264000FFFFFFFFFFFFFFFFFFFFFFFFFFFFFFFF9A
:10265000FFFFFFFFFFFFFFFFFFFFFFFFFFFFFFFF8A
:10266000FFFFFFFFFFFFFFFFFFFFFFFFFFFFFFFF7A
:10267000FFFFFFFFFFFFFFFFFFFFFFFFFFFFFFFF6A
:10268000FFFFFFFFFFFFFFFFFFFFFFFFFFFFFFFF5A
:10269000FFFFFFFFFFFFFFFFFFFFFFFFFFFFFFFF4A
:1026A000FFFFFFFFFFFFFFFFFFFFFFFFFFFFFFFF3A
:1026B000FFFFFFFFFFFFFFFFFFFFFFFFFFFFFFFF2A
:1026C000FFFFFFFFFFFFFFFFFFFFFFFFFFFFFFFF1A
:1026D000FFFFFFFFFFFFFFFFFFFFFFFFFFFFFFFF0A
:1026E000FFFFFFFFFFFFFFFFFFFFFFFFFFFFFFFFFA
:1026F000FFFFFFFFFFFFFFFFFFFFFFFFFFFFFFFFEA
:10270000FFFFFFFFFFFFFFFFFFFFFFFFFFFFFFFFD9
:10271000FFFFFFFFFFFFFFFFFFFFFFFFFFFFFFFFC9
:10272000FFFFFFFFFFFFFFFFFFFFFFFFFFFFFFFFB9
:10273000FFFFFFFFFFFFFFFFFFFFFFFFFFFFFFFFA9
:10274000FFFFFFFFFFFFFFFFFFFFFFFFFFFFFFFF99
:10275000FFFFFFFFFFFFFFFFFFFFFFFFFFFFFFFF89
:10276000FFFFFFFFFFFFFFFFFFFFFFFFFFFFFFFF79
:10277000FFFFFFFFFFFFFFFFFFFFFFFFFFFFFFFF69
:10278000FFFFFFFFFFFFFFFFFFFFFFFFFFFFFFFF59
:10279000FFFFFFFFFFFFFFFFFFFFFFFFFFFFFFFF49
:1027A000FFFFFFFFFFFFFFFFFFFFFFFFFFFFFFFF39
:1027B000FFFFFFFFFFFFFFFFFFFFFFFFFFFFFFFF29
:1027C000FFFFFFFFFFFFFFFFFFFFFFFFFFFFFFFF19
:1027D000FFFFFFFFFFFFFFFFFFFFFFFFFFFFFFFF09
:1027E000FFFFFFFFFFFFFFFFFFFFFFFFFFFFFFFFF9
:1027F000FFFFFFFFFFFFFFFFFFFFFFFFFFFFFFFFE9
:10280000FFFFFFFFFFFFFFFFFFFFFFFFFFFFFFFFD8
:10281000FFFFFFFFFFFFFFFFFFFFFFFFFFFFFFFFC8
:10282000FFFFFFFFFFFFFFFFFFFFFFFFFFFFFFFFB8
:10283000FFFFFFFFFFFFFFFFFFFFFFFFFFFFFFFFA8
:10284000FFFFFFFFFFFFFFFFFFFFFFFFFFFFFFFF98
:10285000FFFFFFFFFFFFFFFFFFFFFFFFFFFFFFFF88
:10286000FFFFFFFFFFFFFFFFFFFFFFFFFFFFFFFF78
:10287000FFFFFFFFFFFFFFFFFFFFFFFFFFFFFFFF68
:10288000FFFFFFFFFFFFFFFFFFFFFFFFFFFFFFFF58
:10289000FFFFFFFFFFFFFFFFFFFFFFFFFFFFFFFF48
:1028A000FFFFFFFFFFFFFFFFFFFFFFFFFFFFFFFF38
:1028B000FFFFFFFFFFFFFFFFFFFFFFFFFFFFFFFF28
:1028C000FFFFFFFFFFFFFFFFFFFFFFFFFFFFFFFF18
:1028D000FFFFFFFFFFFFFFFFFFFFFFFFFFFFFFFF08
:1028E000FFFFFFFFFFFFFFFFFFFFFFFFFFFFFFFFF8
:1028F000FFFFFFFFFFFFFFFFFFFFFFFFFFFFFFFFE8
:10290000FFFFFFFFFFFFFFFFFFFFFFFFFFFFFFFFD7
:10291000FFFFFFFFFFFFFFFFFFFFFFFFFFFFFFFFC7
:10292000FFFFFFFFFFFFFFFFFFFFFFFFFFFFFFFFB7
:10293000FFFFFFFFFFFFFFFFFFFFFFFFFFFFFFFFA7
:10294000FFFFFFFFFFFFFFFFFFFFFFFFFFFFFFFF97
:10295000FFC07FFFFFFF80FFFFFFFFFFFFFFFFFFC5
:10296000CFFFFFFFE00FFFFFFFFFFFFFFFFF80FF35
:10297000FFFFFFF3FFFFFFFFFFFFFFFFFFFFFFFF73
:10298000FFFFFF001FFFFFFE003FFFFFFFFFFFFFF6
:10299000FFFFCFFFFFFF8001FFFFFFFFFFFFFFFEF5
:1029A000003FFFFFFFF3FFFFFFFFFFFFFFFFFFFF02
:1029B000FFFFFFFFFC1F07FFFFF83E0FFFFFFFFFBA
:1029C000FFFFFFFF8FFFFFFE1FC0FFFFFFFFFFFFA7
:1029D000FFF83E0FFFFFFFE3FFFFFFFFFFFFFFFFDB
:1029E000FFFFFFFFFFFFF83FC3FFFFF07F87FFFF01
:1029F000FFFFFFFFFFFF0FFFFFF87FF07FFFFFFFED
:102A0000FFFFFFF07F87FFFFFFC3FFFFFFFFFFFF19
:102A1000FFFFFFFFFFFFFFFFF07FE1FFFFE0FFC3CE
:102A2000FFFFFFFFFFFFFFF80FFFFFF0FFF83FFF83
:102A3000FFFFFFFFFFE0FFC3FFFFFE03FFFFFFFFFE
:102A4000FFFFFFFFFFFFFFFFFFFFF0FFF0FFFFE1D2
:102A5000FFE1FFFFFFFFFFFFFE000FFFFFE1FFFCB5
:102A60001FFFFFFFFFFFFFE1FFE1FFFF8003FFFF0D
:102A7000FFFFFFFFFFFFFFFFFFFFFFFFE1FFF0FF93
:102A8000FFC3FFE1FFFFFFFFFFFFFE000FFFFFE3BC
:102A9000FFFE0FFFFFFFFFFFFFC3FFE1FFFF80030C
:102AA000FFFFFFFFFFFFFFFFFFFFFFFFFFFFC1FF74
:102AB000F87FFF83FFF0FFFFFFFFFFFFFFFC0FFF2B
:102AC000FFC3FFFE0FFFFFFFFFFFFF83FFF0FFFFCE
:102AD000FF03FFFFFFFFFFFFFFFFFFFFFFFFFFFF02
:102AE000C3FFF87FFF87FFF0FFFFFFFFFFFFFFFE41
:102AF0000FFFFFC3FFFE0FFFFFFFFFFFFF87FFF08A
:102B0000FFFFFF83FFFFFFFFFFFFFFFFFFFFFFFF51
:102B1000FFFF83FFFC3FFF07FFF87FFFFFFFFFFF83
:102B2000FFFE0FFFFF83FFFF07FFFFFFFFFFFF0712
:102B3000FFF87FFFFF83FFFFFFFFFFFFFFFFFFFFA8
:102B4000FFFFFFFF87FFFC3FFF0FFFF87FFFFFFF47
:102B5000FFFFFFFE0FFFFF83FFFF07FFFFFFFFFFEA
:102B6000FF0FFFF87FFFFF83FFFFFFFFFFFFFFFF68
:102B7000FFFFFFFFFFFF07FFFC1FFE0FFFF83FFFF8
:102B8000FFFFFFFFFFFE0FFFFF83FFFF07FFFFFFBA
:102B9000FFFFFE0FFFF83FFFFF83FFFFFFFFFFFF79
:102BA000FFFFFFFFFFFFFFFF07FFFE1FFE0FFFFC02
:102BB0003FFFFFFFFFFFFFFE0FFFFF81FFFF07FF4C
:102BC000FFFFFFFFFE0FFFFC3FFFFF83FFFFFFFF45
:102BD000FFFFFFFFFFFFFFFFFFFF0FFFFE1FFE1FB7
:102BE000FFFC3FFFFFFFFFFFFFFE0FFFFF80FFFF28
:102BF00007FFFFFFFFFFFE1FFFFC3FFFFF83FFFFFD
:102C0000FFFFFFFFFFFFFFFFFFFFFFFE0FFFFE0FB6
:102C1000FC1FFFFC1FFFFFFFFFFFFFFE0FFFFF80FA
:102C2000FFFF07FFFFFFFFFFFC1FFFFC1FFFFF83EE
:102C3000FFFFFFFFFFFFFFFFFFFFFFFFFFFE0FFF95
:102C4000FE0FFC1FFFFC1FFFFFFFFFFFFFFE0FFF3C
:102C5000FF80FFFF07FFFFFFFFFFFC1FFFFC1FFFC1
:102C6000FF83FFFFFFFFFFFFFFFFFFFFFFFFFFFEF1
:102C70000FFFFE0FFC1FFFFC1FFFFE1FFFFFFFFEED
:102C80000FFFFFC0FFFF07FFFFE1FFFFFC1FFFFC7F
:102C90001FFFFF83FFFFFFFFFFFFFFFFFFFFFFFFA0
:102CA000FFFE0FFFFF0FFC1FFFFE1FFFFC0FFFFFCC
:102CB000FFFE0FFFFFE1FFFE0FFFFFC0FFFFFC1F46
:102CC000FFFE1FFFFF83FFFFFFFFFFFFFFFFFFFF71
:102CD000FFFFFFFE1FFFFF0FFC3FFFFE1FFFF80778
:102CE000FFFFFFFE0FFFFFFFFFFE0FFFFF807FFFD5
:102CF000FC3FFFFE1FFFFF83FFFFFFFFFFFFFFFF04
:102D0000FFFFFFFFFFFC1FFFFF07F83FFFFE0FFF66
:102D1000F807FFFFFFFE0FFFFFFFFFFE0FFFFF8023
:102D20007FFFF83FFFFE0FFFFF83FFFFFFFFFFFF67
:102D3000FFFFFFFFFFFFFFFC1FFFFF07F83FFFFE46
:102D40000FFFF807FFFFFFFE0FFFFFFFFFFC1FFF56
:102D5000FF807FFFF83FFFFE0FFFFF83FFFFFFFFB6
:102D6000FFFFFFFFFFFFFFFFFFFC1FFFFF07F83F15
:102D7000FFFE0FFFF807FFFFFFFE0FFFFFFFFFFC47
:102D80001FFFFF807FFFF83FFFFE0FFFFF83FFFF66
:102D9000FFFFFFFFFFFFFFFFFFFFFFFC1FFFFF071E
:102DA000F83FFFFE0FFFFC0FFFFFFFFE0FFFFFFFCF
:102DB000FFF83FFFFFC0FFFFF83FFFFE0FFFFF835D
:102DC000FFFFFFFFFFFFFFFFFFFFFFFFFFFC1FFFF6
:102DD000FF07F83FFFFE0FFFFE1FFFFFFFFE0FFF85
:102DE000FFFFFFF07FFFFFE1FFFFF83FFFFE0FFF58
:102DF000FF83FFFFFFFFFFFFFFFFFFFFFFFFFFFC62
:102E00001FFFFF07F83FFFFE0FFFFFFFFFFFFFFE63
:102E10000FFFFFFFFFF07FFFFFFFFFFFF83FFFFE09
:102E20000FFFFF83FFFFFFFFFFFFFFFFFFFFFFFF1E
:102E3000FFFC1FFFFF07F83FFFFE0FFFFFFFFFFF35
:102E4000FFFE0FFFFFFFFFE0FFFFFFFFFFFFF83F69
:102E5000FFFE0FFFFF83FFFFFFFFFFFFFFFFFFFFEF
:102E6000FFFFFFFC1FFFFF07F83FFFFE0FFFFFFF05
:102E7000FFFFFFFE0FFFFFFFFFC1FFFFFFFFFFFF91
:102E8000F83FFFFE0FFFFF83FFFFFFFFFFFFFFFF86
:102E9000FFFFFFFFFFFC1FFFFF07F83FFFFE0FFFD5
:102EA000FFFFFFFFFFFE0FFFFFFFFF83FFFFFFFF9F
:102EB000FFFFF83FFFFE0FFFFF83FFFFFFFFFFFF56
:102EC000FFFFFFFFFFFFFFFC1FFFFF07F83FFFFEB5
:102ED0000FFFFFFFFFFFFFFE0FFFFFFFFF87FFFF5B
:102EE000FFFFFFFFF83FFFFE0FFFFF83FFFFFFFF26
:102EF000FFFFFFFFFFFFFFFFFFFC1FFFFF07F83F84
:102F0000FFFE0FFFFFFFFFFFFFFE0FFFFFFFFF0FA3
:102F1000FFFFFFFFFFFFF83FFFFE0FFFFF83FFFFF5
:102F2000FFFFFFFFFFFFFFFFFFFFFFFC1FFFFF078C
:102F3000F83FFFFE0FFFFFFFFFFFFFFE0FFFFFFF4A
:102F4000FE1FFFFFFFFFFFFFF83FFFFE0FFFFF83A6
:102F5000FFFFFFFFFFFFFFFFFFFFFFFFFFFC1FFF64
:102F6000FF07F83FFFFE0FFFFFFFFFFFFFFE0FFF12
:102F7000FFFFFC3FFFFFFFFFFFFFF83FFFFE0FFFDC
:102F8000FF83FFFFFFFFFFFFFFFFFFFFFFFFFFFCD0
:102F90001FFFFF07F83FFFFE0FFFFFFFFFFFFFFED2
:102FA0000FFFFFFFF87FFFFFFFFFFFFFF83FFFFE70
:102FB0000FFFFF83FFFFFFFFFFFFFFFFFFFFFFFF8D
:102FC000FFFC1FFFFF07F83FFFFE0FFFFFFFFFFFA4
:102FD000FFFE0FFFFFFFF0FFFFFFFFFFFFFFF83FC8
:102FE000FFFE0FFFFF83FFFFFFFFFFFFFFFFFFFF5E
:102FF000FFFFFFFE1FFFFF0FFC3FFFFE1FFFFFFF56
:10300000FFFFFFFE0FFFFFFFE1FFFFFFFFFFFFFFDF
:10301000FC3FFFFE1FFFFF83FFFFFFFFFFFFFFFFE0
:10302000FFFFFFFFFFFE0FFFFE0FFC1FFFFC1FFF58
:10303000FFFFFFFFFFFE0FFFFFFFC3FFFFFFFFFFCD
:10304000FFFFFC1FFFFC1FFFFF83FFFFFFFFFFFFD2
:10305000FFFFFFFFFFFFFFFE0FFFFE0FFC1FFFFC48
:103060001FFFFFFFFFFFFFFE0FFFFFFF87FFFFFFB9
:10307000FFFFFFFFFC1FFFFC1FFFFF83FFFFFFFFA2
:10308000FFFFFFFFFFFFFFFFFFFE0FFFFE0FFC1F15
:10309000FFFC1FFFFFFFFFFFFFFE0FFFFFFF0FFF04
:1030A000FFFFFFFFFFFFFC1FFFFC1FFFFF83FFFF72
:1030B000FFFFFFFFFFFFFFFFFFFFFFFE0FFFFE0F02
:1030C000FC1FFFFC1FFFFFFFFFFFFFFE0FFFFFFEC8
:1030D0001FFFFFFFFFFFFFFFFC1FFFFC1FFFFF8322
:1030E000FFFFFFFFFFFFFFFFFFFFFFFFFFFF0FFFE0
:1030F000FE1FFE1FFFFC3FFFFFFFFFFFFFFE0FFF56
:10310000FFFC3FFFFFFFFFFFFFFFFE1FFFFC3FFF36
:10311000FF83FFFFFFFFFFFFFFFFFFFFFFFFFFFF3B
:1031200007FFFE1FFE0FFFFC3FFFFFFFFFFFFFFE3D
:103130000FFFFFF87FFFF3FFFFFFFFFFFE0FFFFC16
:103140003FFFFF83FFFFFFFFFFFFFFFFFFFFFFFFCB
:10315000FFFF07FFFC1FFE0FFFF83FFFFFFFFFFF12
:10316000FFFE0FFFFFF8FFFFF3FFFFFFFFFFFE0F64
:10317000FFF83FFFFF83FFFFFFFFFFFFFFFFFFFFA2
:10318000FFFFFFFF87FFFC3FFF0FFFF87FFFFFFF01
:10319000FFFFFFFE0FFFFFF1FFFFF3FFFFFFFFFF4A
:1031A000FF0FFFF87FFFFF83FFFFFFFFFFFFFFFF22
:1031B000FFFFFFFFFFFF83FFFC3FFF07FFF87FFFDD
:1031C000FFFFFFFFFFFE0FFFFFE1FFFFE3FFFFFF3A
:1031D000FFFFFF07FFF87FFFFF83FFFFFFFFFFFFFA
:1031E000FFFFFFFFFFFFFFFFC3FFF87FFF87FFF039
:1031F000FFFFFFFFFFFFFFFE0FFFFFC3FFFFE7FF24
:10320000FFFFFFFFFF87FFF0FFFFFF83FFFFFFFFD1
:10321000FFFFFFFFFFFFFFFFFFFFC1FFF87FFF83FF
:10322000FFF0FFFFFE1FFFFFFFFE0FFFFFC7FFFFC7
:10323000C7FFFFE1FFFFFF83FFF0FFFFFF83FFFFFB
:10324000FFFFFFFFFFFFFFFFFFFFFFFFE1FFF0FFBB
:10325000FFC3FFE1FFFFFC0FFFFFFFFE0FFFFF8F2C
:10326000FFFF87FFFFC0FFFFFFC3FFE1FFFFFF83FB
:10327000FFFFFFFFFFFFFFFFFFFFFFFFFFFFF0FF6D
:10328000F0FFFFE1FFE1FFFFF807FFFFFFFE0FFF89
:10329000FF1FFFFF07FFFF807FFFFFE1FFE1FFFF51
:1032A000FF83FFFFFFFFFFFFFFFFFFFFFFFFFFFFAA
:1032B000F07FE1FFFFE0FFC3FFFFF807FFFFFFFE26
:1032C0000FFFFF00000007FFFF807FFFFFE0FFC34D
:1032D000FFFFFF83FFFFFFFFFFFFFFFFFFFFFFFF7A
:1032E000FFFFF83FC3FFFFF07F87FFFFF807FFFFF7
:1032F000FFFC07FFFF00000007FFFF807FFFFFF0DC
:103300007F87FFFFFF01FFFFFFFFFFFFFFFFFFFFC3
:10331000FFFFFFFFFC1F07FFFFF83E0FFFFFF8074F
:10332000FFFFFFF001FFFF00000007FFFF807FFFAE
:10333000FFF83E0FFFFFFC007FFFFFFFFFFFFFFFD7
:10334000FFFFFFFFFFFFFF001FFFFFFE003FFFFF2C
:10335000FC0FFFFFFE000007FF0000000FFFFFC093
:10336000FFFFFFFE003FFFFF800001FFFFFFFFFFA9
:10337000FFFFFFFFFFFFFFFFFFC07FFFFFFF80FF9B
:10338000FFFFFE1FFFFFFE000007FF0000000FFF12
:10339000FFE1FFFFFFFF80FFFFFF800001FFFFFF56
:1033A000FFFFFFFFFFFFFFFFFFFFFFFFFFFFFFFF2D
:1033B000FFFFFFFFFFFFFFFFFFFFFFFFFFFFFFFF1D
:1033C000FFFFFFFFFFFFFFFFFFFFFFFFFFFFFFFF0D
:1033D000FFFFFFFFFFFFFFFFFFFFFFFFFFFFFFFFFD
:1033E000FFFFFFFFFFFFFFFFFFFFFFFFFFFFFFFFED
:1033F000FFFFFFFFFFFFFFFFFFFFFFFFFFFFFFFFDD
:10340000FFFFFFFFFFFFFFFFFFFFFFFFFFFFFFFFCC
:10341000FFFFFFFFFFFFFFFFFFFFFFFFFFFFFFFFBC
:10342000FFFFFFFFFFFFFFFFFFFFFFFFFFFFFFFFAC
:10343000FFFFFFFFFFFFFFFFFFFFFFFFFFFFFFFF9C
:10344000FFFFFFFFFFFFFFFFFFFFFFFFFFFFFFFF8C
:10345000FFFFFFFFFFFFFFFFFFFFFFFFFFFFFFFF7C
:10346000FFFFFFFFFFFFFFFFFFFFFFFFFFFFFFFF6C
:10347000FFFFFFFFFFFFFFFFFFFFFFFFFFFFFFFF5C
:10348000FFFFFFFFFFFFFFFFFFFFFFFFFFFFFFFF4C
:10349000FFFFFFFFFFFFFFFFFFFFFFFFFFFFFFFF3C
:1034A000FFFFFFFFFFFFFFFFFFFFFFFFFFFFFFFF2C
:1034B000FFFFFFFFFFFFFFFFFFFFFFFFFFFFFFFF1C
:1034C000FFFFFFFFFFFFFFFFFFFFFFFFFFFFFFFF0C
:1034D000FFFFFFFFFFFFFFFFFFFFFFFFFFFFFFFFFC
:1034E000FFFFFFFFFFFFFFFFFFFFFFFFFFFFFFFFEC
:1034F000FFFFFFFFFFFFFFFFFFFFFFFFFFFFFFFFDC
:10350000FFFFFFFFFFFFFFFFFFFFFFFFFFFFFFFFCB
:10351000FFFFFFFFFFFFFFFFFFFFFFFFFFFFFFFFBB
:10352000FFFFFFFFFFFFFFFFFFFFFFFFFFFFFFFFAB
:10353000FFFFFFFFFFFFFFFFFFFFFFFFFFFFFFFF9B
:10354000FFFFFFFFFFFFFFFFFFFFFFFFFFFFFFFF8B
:10355000FFFFFFFFFFFFFFFFFFFFFFFFFFFFFFFF7B
:10356000FFFFFFFFFFFFFFFFFFFFFFFFFFFFFFFF6B
:10357000FFFFFFFFFFFFFFFFFFFFFFFFFFFFFFFF5B
:10358000FFFFFFFFFFFFFFFFFFFFFFFFFFFFFFFF4B
:10359000FFFFFFFFFFFFFFFFFFFFFFFFFFFFFFFF3B
:1035A000FFFFFFFFFFFFFFFFFFFFFFFFFFFFFFFF2B
:1035B000FFFFFFFFFFFFFFFFFFFFFFFFFFFFFFFF1B
:1035C000FFFFFFFFFFFFFFFFFFFFFFFFFFFFFFFF0B
:1035D000FFFFFFFFFFFFFFFFFFFFFFFFFFFFFFFFFB
:1035E000FFFFFFFFFFFFFFFFFFFFFFFFFFFFFFFFEB
:1035F000FFFFFFFFFFFFFFFFFFFFFFFFFFFFFFFFDB
:10360000FFFFFFFFFFFFFFFFFFFFFFFFFFFFFFFFCA
:10361000FFFFFFFFFFFFFFFFFFFFFFFFFFFFFFFFBA
:10362000FFFFFFFFFFFFFFFFFFFFFFFFFFFFFFFFAA
:10363000FFFFFFFFFFFFFFFFFFFFFFFFFFFFFFFF9A
:10364000FFFFFFFFFFFFFFFFFFFFFFFFFFFFFFFF8A
:10365000FFFFFFFFFFFFFFFFFFFFFFFFFFFFFFFF7A
:10366000FFE000000000000000000000000000007B
:10367000000000000000000000000000000000004A
:103680000000000000000000000000000000000337
:10369000FFFFFFE00000000000000000000000004D
:1036A000000000000000000000000000000000001A
:1036B000000000000000000000000000000000000A
:1036C0000003FFFFFFE0000000000000000000001A
:1036D00000000000000000000000000000000000EA
:1036E00000000000000000000000000000000000DA
:1036F00000000003FFFFFFE00000000000000000EA
:1037000000000000000000000000000000000000B9
:1037100000000000000000000000000000000000A9
:10372000000000000003FFFFFFE0000000000000B9
:103730000000000000000000000000000000000089
:103740000000000000000000000000000000000079
:103750000000000000000003FFFFFFE00000000089
:103760000000000000000000000000000000000059
:103770000000000000000000000000000000000049
:1037800000000000000000000003FFFFFFFFFFFF3C
:10379000FFFFFFFFFFFFFFFFFFFFFFFFFFFFFFFF39
:1037A000FFFFFFFFFFFFFFFFFFFFFFFFFFFFFFFF29
:1037B000FFFFFFFFFFFFFFFFFFFFFFFFFFFFFFFF19
:1037C000FFFFFFFFFFFFFFFFFFFFFFFFFFFFFFFF09
:1037D000FFFFFFFFFFFFFFFFFFFFFFFFFFFFFFFFF9
:1037E000FFFFFFFFFFFFFFFFFFFFFFFFFFFFFFFFE9
:1037F000FFFFFFFFFFFFFFFFFFFFFFFFFFFFFFFFD9
:10380000FFFFFFFFFFFFFFFFFFFFFFFFFFFFFFFFC8
:10381000FFFFFFFFFFFFFFFFFFFFFFFFFFFFFFFFB8
:10382000FFFFFFFFFFFFFFFFFFFFFFFFFFFFFFFFA8
:10383000FFFFFFFFFFFFFFFFFFFFFFFFFFFFFFFF98
:10384000FFFFFFFFFFFFFFFFFFFFFFFFFFFFFFFF88
:10385000FFFFFFFFFFFFFFFFFFFFFFFFFFFFFFFF78
:10386000FFFFFFFFFFFFFFFFFFFFFFFFFFFFFFFF68
:10387000FFFFFFFFFFFFFFFFFFFFFFFFFFFFFFFF58
:10388000FFFFFFFFFFFFFFFFFFFFFFFFFFFFFFFF48
:10389000FFFFFFFFFFFFFFFFFFFFFFFFFFFFFFFF38
:1038A000FFFFFFFFFFFFFFFFFFFFFFFFFFFFFFFF28
:1038B000FFFFFFFFFFFFFFFFFFFFFFFFFFFFFFFF18
:1038C000FFFFFFFFFFFFFFFFFFFFFFFFFFFFFFFF08
:1038D000FFFFFFFFFFFFFFFFFFFFFFFFFFFFFFFFF8
:1038E000FFFFFFFFFFFFFFFFFFFFFFFFFFFFFFFFE8
:1038F000FFFFFFFFFFFFFFFFFFFFFFFFFFFFFFFFD8
:10390000FFFFFFFFFFFFFFFFFFFFFFFFFFFFFFFFC7
:10391000FFFFFFFFFFFFFFFFFFFFFFFFFFFFFFFFB7
:10392000FFFFFFFFFFFFFFFFFFFFFFFFFFFFFFFFA7
:10393000FFFFFFFFFFFFFFFFFFFFFFFFFFFFFFFF97
:10394000FFFFFFFFFFFFFFFFFFFFFFFFFFFFFFFF87
:10395000FFFFFFFFFFFFFFFFFFFFFFFFFFFFFFFF77
:10396000FFFFFFFFFFFFFFFFFFFFFFFFFFFFFFFF67
:10397000FFFFFFFFFFFFFFFFFFFFFFFFFFFFFFFF57
:10398000FFFFFFFFFFFFFFFFFFFFFFFFFFFFFFFF47
:10399000FFFFFFFFFFFFFFFFFFFFFFFFFFFFFFFF37
:1039A000FFFFFFFFFFFFFFFFFFFFFFFFFFFFFFFF27
:1039B000FFFFFFFFFFFFFFFFFFFFFFFFFFFFFFFF17
:1039C000FFFFFFFFFFFFFFFFFFFFFFFFFFFFFFFF07
:1039D000FFFFFFFFFFFFFFFFFFFFFFFFFFFFFFFFF7
:1039E000FFFFFFFFFFFFFFFFFFFFFFFFFFFFFFFFE7
:1039F000FFFFFFFFFFFFFFFFFFFFFFFFFFFFFFFFD7
:103A0000FFFFFFFFFFFFFFFFFFFFFFFFFFFFFFFFC6
:103A1000FFFFFFFFFFFFFFFFFFFFFFFFFFFFFFFFB6
:103A2000FFFFFFFFFFFFFFFFFFFFFFFFFFFFFFFFA6
:103A3000FFFFFFFFFFFFFFFFFFFFFFFFFFFFFFFF96
:103A4000FFFFFFFFFFFFFFFFFFFFFFFFFFFFFFFF86
:103A5000FFFFFFFFFFFFFFFFFFFFFFFFFFFFFFFF76
:103A6000FFFFFFFFFFFFFFFFFFFFFFFFFFFFFFFF66
:103A7000FFFFFFFFFFFFFFFFFFFFFFFFFFFFFFFF56
:103A8000FFFFFFFFFFFFFFFFFFFFFFFFFFFFFFFF46
:103A9000FFFFFFFFFFFFFFFFFFFFFFFFFFFFFFFF36
:103AA000FFFFFFFFFFFFFFFFFFFFFFFFFFFFFFFF26
:103AB000FFFFFFFFFFFFFFFFFFFFFFFFFFFFFFFF16
:103AC000FFFFFFFFFFFFFFFFFFFFFFFFFFFFFFFF06
:103AD000FFFFFFFFFFFFFFFFFFFFFFFFFFFFFFFFF6
:103AE000FFFFFFFFFFFFFFFFFFFFFFFFFFFFFFFFE6
:103AF000FFFFFFFFFFFFFFFFFFFFFFFFFFFFFFFFD6
:103B0000FFFFFFFFFFFFFFFFFFFFFFFFFFFFFFFFC5
:103B1000FFFE03C703FBE23FFFFFFFFFFFFFFFFFC7
:103B2000FFFFFFFFFFFFFFFFFFFFFFFFFFFFFFFFA5
:103B3000FFFFFFFFFFFFFFFFFFFFFFFFFFFFFFFF95
:103B4000FFFFFFFEDBBBBDFBF77FFFFFFFFFFFFFBC
:103B5000FFFFFFFFFFFFFFFFFFFFFFFFFFFFFFFF75
:103B6000FFFFFFFFFFFFFFFFFFFFFFFFFFFFFFFF65
:103B7000FFFFFFFFFFFEDB7DBEF5F77FFFFFFFFFCF
:103B8000FFFFFFFFFFFFFFFFFFFFFFFFFFFFFFFF45
:103B9000FFFFFFFFFFFFFFFFFFFFFFFFFFFFFFFF35
:103BA000FFFFFFFFFFFFFFFFDF7DBEF5FAFFFFFF17
:103BB000FFFFFFFFFFFFFFFFFFFFFFFFFFFFFFFF15
:103BC000FFFFFFFFFFFFFFFFFFFFFFFFFFFFFFFF05
:103BD000FFFFFFFFFFFFFFFFFFFFDF7DBEF5FAFFE7
:103BE000FFFFFFFFFFFFFFFFFFFFFFFFFFFFFFFFE5
:103BF000FFFFFFFFFFFFFFFFFFFFFFFFFFFFFFFFD5
:103C0000FFFFFFFFFFFFFFFFFFFFFFFFDF7DBEEEB8
:103C1000FDFFFFFFFFFFFFFFFFFFFFFFFFFFFFFFB6
:103C2000FFFFFFFFFFFFFFFFFFFFFFFFFFFFFFFFA4
:103C3000FFFFFFFFFFFFFFFFFFFFFFFFFFFFDF7D36
:103C4000BEE0FDFFFFFFFFFFFFFFFFFFFFFFFFFFE6
:103C5000FFFFFFFFFFFFFFFFFFFFFFFFFFFFFFFF74
:103C6000FFFFFFFFFFFFFFFFFFFFFFFFFFFFFFFF64
:103C7000DF7DBEEEFDFFFFFFFFFFFFFFFFFFFFFF4A
:103C8000FFFFFFFFFFFFFFFFFFFFFFFFFFFFFFFF44
:103C9000FFFFFFFFFFFFFFFFFFFFFFFFFFFFFFFF34
:103CA000FFFFDF7DBEDF7DFFFFFFFFFFFFFFFFFFA9
:103CB000FFFFFFFFFFFFFFFFFFFFFFFFFFFFFFFF14
:103CC000FFFFFFFFFFFFFFFFFFFFFFFFFFFFFFFF04
:103CD000FFFFFFFFDFBBBDDF7DFFFFFFFFFFFFFF3C
:103CE000FFFFFFFFFFFFFFFFFFFFFFFFFFFFFFFFE4
:103CF000FFFFFFFFFFFFFFFFFFFFFFFFFFFFFFFFD4
:103D0000FFFFFFFFFFFF8FC7038E38FFFFFFFFFF9F
:103D1000FFFFFFFFFFFFFFFFFFFFFFFFFFFFFFFFB3
:103D2000FFFFFFFFFFFFFFFFFFFFFFFFFFFFFFFFA3
:103D3000FFFFFFFFFFFFFFFFFFFFFFFFFFFFFFFF93
:103D4000FFFFFFFFFFFFFFFFFFFFFFFFFFFFFFFF83
:103D5000FFFFFFFFFFFFFFFFFFFFFFFFFFFFFFFF73
:103D6000FFFFFFFFFFFFFFFFFFFFFFFFFFFFFFFF63
:103D7000FFFFFFFFFFFFFFFFFFFFFFFFFFFFFFFC56
:103D80003FFFFFFFFFFFFFFFFFFFFFFFFFFFFFFF03
:103D9000FFFFFFFFFFFFFFFFFFFFFFFFFFFFFFFF33
:103DA000FFFFFFFFFFFFFFFFFFFFFFFFFFFFFFFF23
:103DB000FFF80FFFFFFFFFFFFFFFFFFFFFFFFFFF0A
:103DC000FFFFFFFFFFFFFFFFFFFFFFFFFFFFFFFF03
:103DD000FFFFFFFFFFF9FFFFFFFFFFFFFFFFFFFFF9
:103DE000FFFFFFF387FBFFFFFFFFFFFFFFFFFFFF6B
:103DF000FFFFFFFFFFFFFFFFFFFFFFFFFFFFFFFFD3
:103E0000FFFFFFFFFFFFFFF9FFFFFFFFFFFFFFFFC8
:103E1000FFFFFFFFFFF7C3FBFFFFFFFFFFFFFFFFFA
:103E2000FFFFFFFFFFFFFFFFFFFFFFFFFFFFFFFFA2
:103E3000FFFFFFFFFFFFFFFFFFF9FFFFFFFFFFFF98
:103E4000FFFFFFFFFFFFFFEFE1F7FFFFFFFFFFFFB8
:103E5000FFFFFFFFFFFFFFFFFFFFFFFFFFFFFFFF72
:103E6000FFFFFFFFFFFFFFFFFFFFFFF9FFFFFFFF68
:103E7000FFFFFFFFF83FFE7FFFEFF0E7FFFFFFFFD1
:103E8000FFFE0FFF9FFFFFFFFFFFFFFFFFFFFFFF93
:103E9000FFFFFFFFFFFFFFFFFFFFFFFFFFF9FFFF38
:103EA000FFFFFFFFFFFFF3BFE007FFFFF80FFFFF7C
:103EB000FFFFFFFCEFF801FFFFFFFEFE1F87F78EFD
:103EC0003FFFFFFFFFFFFFFFFFFFFFFFFFFF9FF928
:103ED000FF9FFFFEFFFFC1FFE79F83F1FFFFFE1F74
:103EE000FC0FFF0003F9E7E0FC7FFFFFF8FDEF7B2D
:103EF000C7DF7FFFFFFFFFFFFFFFFFFFFFFFFFFFAA
:103F00008FFFFF1FFFFCFFFF3E7FE79F1FFC4FFF60
:103F1000FFFFF3E3FF0003F9E7C7FF13FFFFFEFD19
:103F2000EF7BF7DF7FFFFFFFFFFFFFFFFFFFFFFFDD
:103F3000FFFFC7FFFE3FFFF8FFFCFE7FE79E3FFF4E
:103F40000FFFFFFFEFF1FF0003F9E78FFFC3FFFF54
:103F5000FEFBF6FDF7DF7FFFFFFFFFFFFFFFFFFF29
:103F6000FFFFFFFFE3C03C7FFF00FFF9FE3FE7BC20
:103F70007FFF8FFFFFFFDFF8FF7FFFF9EF1FFFE3FA
:103F8000FFFFFEFBF6FDF7DF647C1FFFFFFFFFFF77
:103F9000FFFFFFFFFFFFF3000CFFFFF8FFF9FE3FFD
:103FA000F03C7FFF8FFFFFFFDFFC7F7FFFFC0F1FD9
:103FB000FFE3FFFFFEFBF6FDF7DF73BBEFFFFFFF45
:103FC000FFFFFFFFFFFFFFFFFE0F87FFFFF8FFF37D
:103FD000FE3FFFF8FFFFCFFFFFFF9FFC7F7FFFFF4C
:103FE000FE3FFFF3FFFFFEFBF6FDF7C077DBEFFFC1
:103FF000FFFFFFFFFFFFFFFFFFFFFC3FE3FFFFF8B7
:10400000FFF3FFFFFFF9FFFFCFFFFFFF9FFC7F7F65
:10401000FFFFFE7FFFF3FFFFFEFBF6FDF7DF77DF1D
:104020008FFFFFFFFFFFFFFFFFFFFFFFF8FFF1FF25
:10403000FFF8FFE3FFFFFFF1FFFFCFFFFFFF8FFC64
:104040007E7FFFFFFC7FFFF3FFFFFEFBF6FDF7DF48
:1040500077DC6FFFFFFFFFFFFFFFFFFFFFFFF8FFB2
:10406000F9FFFFF8FFE7FFFFFFF1FFFFCFFFFFFFC3
:104070008FFC7E7FFFFFFC7FFFF3FFFFFEFBF6FD63
:10408000F7DF77DBEFFFFFFFFFFFFFFFFFFFFFFF24
:10409000F1FC08FFFFF8FFE7FFFFFFF1FFFFCFFF95
:1040A000FFFFCFFC7E7FFFFFFC7FFFF3FFFFFEFDE6
:1040B000EF7BF7DF77DBEFFFFFFFFFFFFFFFFFFF88
:1040C000FFFFF1E000FFFFF8FFC7FFFFFFE3FFFF87
:1040D000FFFFFFFFFFF8FE707FFFF8FFFFFFFFFF0E
:1040E000FEFDEF7BF7DF73BBCBFFFFFFFFFFFFFFA3
:1040F000FFFFFFFFF3C1C0FFFFF8FFC781FFFFE332
:10410000FFFFFFFFFFFFFFF8FE401FFFF8FFFFFF6D
:10411000FFFFF83E1F87C18E347C23FFFFFFFFFFA8
:10412000FFFFFFFFFFF03387F840FFF8FFC6007F77
:10413000FFE3FFFFFFFFFFFFFFF1FE9F0FFFF8FF11
:10414000FFFFFFFFFFFFFFFFFFFFF7FFFFFFFFFF87
:10415000FFFFFFFFFFFFFFF0331FFC40FFF8FFC42E
:104160007C3FFFE3FFFFFFFFFFFFFFF1FEBF87FF85
:10417000F8FFFFFFFFFFFFFFFFFFFFFFE3FFFFFF72
:10418000FFFFFFFFFFFFFFFFFFFFE03FFE3FFFF8E6
:10419000FFC4FE1FFFE3FFFFFFFFFFFFFFE3FE7F04
:1041A000C7FFF8FFFFFFFFFFFFFFFFFFFFFFFFFF5E
:1041B000FFFFFFFFFFFFFFFFFFFFFFFFC03FFF3FCE
:1041C000FFF8FFC1FF1FFFE3FFFFFFFFFFFFFFC778
:1041D000FE7FC7FFF8FFFFFFFFFFFFFFFFFFFFFFAF
:1041E000FFFFFFFFFFFFFFFFFFFFFFFFFFFF8E7FD0
:1041F000FF1FFFF8FFC3FF1FFFE3FFFFFFFFFFFFEE
:10420000FF8FFFFFE3FFF8FFFFFFFFFFFFFFFFFF51
:10421000FFFFFFFFFFFFFFFFFFFFFFFFFFFFFFFFAE
:104220009FFFFF1FFFF8FFC7FF8FFFE1FFFFFFFFAB
:10423000FFFFFF1FFFFFE3FFF87FFFFFFFFFFFFF11
:10424000FFFFFFFFFFFFFFFFFFFFFFFFFFFFFFFF7E
:10425000FFFF1FFFFF0FFFF8FFC7FF8FFFF1FFFFFB
:10426000FFFFFFFFFE3FFFFFE3FFFC7FFFFFFFFFBE
:10427000FFFFFFFFFFFFFFFFFFFFFFFFFFFFFFFF4E
:10428000FFFFFFFE1FFFFF83FFF8FFC7FF8FFFF158
:10429000FFFFFFFFFFFFFC7FFFFFE3FFFC7FFFFF50
:1042A000FFFFFFFFFFFFFFFFFFFFFFFFFFFFFFFF1E
:1042B000FFFFFFFFFFFC3FFFFFC1FFF8FFC7FF8FBE
:1042C000FFF1FFFFFFFFFFFFF8FFFFFFE3FFFC7FB2
:1042D000FFFFFFFFFFFFFFFFFFFFFFFFFFFFFFFFEE
:1042E000FFFFFFFFFFFFFFF8FFFFFFF1FFF8FFC732
:1042F000FF8FFFF0FFFFFFFFFFFFF1FFFE7FE3FFF8
:10430000FC3FFFFFFFFFFFFFFFFFFFFFFFFFFFFF80
:10431000FFFFFFFFFFFFFFFFFFF1FFFFFFF8FFF8C9
:10432000FFE7FF8FFFF8FFFFEFFFFFFFE3FF7C7F5B
:10433000E3FFFE3FFFFBFFFFFFFFFFFFFFFFFFFF6E
:10434000FFFFFFFFFFFFFFFFFFFFFFF1FFFFFFFC8E
:10435000FFF8FFE3FF8FFFF87FFFDFFFFFFFE7FFBF
:104360007C7FE3FFFE1FFFF7FFFFFFFFFFFFFFFF65
:10437000FFFFFFFFFFFFFFFFFFFFFFFFFFF3FFFF59
:10438000FFFCFFF8FFE3FF9FFFFC7FFFBFFFFFFF86
:10439000CFFE7C7FC7FFFF1FFFEFFFFFFFFFFFFF89
:1043A000FFFFFFFFFFFFFFFFFFFFFFFFFFFFFFF329
:1043B000FFFFFFFCFFF8FFF3FF1FFFFE3FFE3FFF85
:1043C000FFFF9FFE7CFFC7FFFF8FFF8FFFFFFFFFF9
:1043D000FFFFFFFFFFFFFFFFFFFFFFFFFFFFFFFFED
:1043E000FFF1FFFFFFFCFFF8FFF1FF3FFFFF1FFCA6
:1043F000FFFFFFFF3FFCFEFFCFFFFFC7FF3FFFFFB9
:10440000FFFFFFFFFFFFFFFFFFFFFFFFFFFFFFFFBC
:10441000FFFFFFF1FFFFFFF8FFF8FFF8FE7FFFFF50
:1044200083E1FFFFFFFF0000FF7F8FFFFFE0F87FCA
:10443000FFFFFFFFFFFFFFFFFFFFFFFFFFFFFFFF8C
:10444000FFFFFFFFFFF8FFFFFFF1FFF07FFC7CFFA6
:10445000FFFFC007FFFFFFFF0000FFBF1FFFFFF0D0
:1044600001FFFFFFFFFFFFFFFFFFFFFFFFFFFFFF5A
:10447000FFFFFFFFFFFFFFFC00000003FF0007FF3F
:1044800003FFFFFFF81FFFFFFFFF0000FFC07FFFDC
:10449000FFFE07FFFFFFFFFFFFFFFFFFFFFFFFFF25
:1044A000FFFFFFFFFFFFFFFFFFFE00000007FFFF12
:1044B000FFFFFFFFFFFFFFFFFFFFFFFFFFFFFFFF0C
:1044C000FFFFFFFFFFFFFFFFFFFFFFFFFFFFFFFFFC
:1044D000FFFFFFFFFFFFFFFFFFFFFFFFFFFFFFFFEC
:1044E000FFFFFFFFFFFFFFFFFFFFFFFFFFFFFFFFDC
:1044F000FFFFFFFFFFFFFFFFFFFFFFFFFFFFFFFFCC
:10450000FFFFFFFFFFFFFFFFFFFFFFFFFFFFFFFFBB
:10451000FFFFFFFFFFFFFFFFFFFFFFFFFFFFFFFFAB
:10452000FFFFFFFFFFFFFFFFFFFFFFFFFFFFFFFF9B
:10453000FFFFFFFFFFFFFFFFFFFFFFFFFFFFFFFF8B
:10454000FFFFFFFFFFFFFFFFFFFFFFFFFFFFFFFF7B
:10455000FFFFFFFFFFFFFFFFFFFFFFFFFFFFFFFF6B
:10456000FFFFFFFFFFFFFFFFFFFFFFFFFFFFFFFF5B
:10457000FFFFFFFFFFFFFFFFFFFFFFFFFFFFFFFF4B
:10458000FFFFFFFFFFFFFFFFFFFFFFFFFFFFFFFF3B
:10459000FFFFFFFFFFFFFFFFFFFFFFFFFFFFFFFF2B
:1045A000FFFFFFFFFFFFFFFFFFFFFFFFFFFFFFFF1B
:1045B000FFFFFFFFFFFFFFFFFFFFFFFFFFFFFFFF0B
:1045C000FFFFFFFFFFFFFFFFFFFFFFFFFFFFFFFFFB
:1045D000FFFFFFFFFFFFFFFFFFFFFFFFFFFFFFFFEB
:1045E000FFFFFFFFFFFFFFFFFFFFFFFFFFFFFFFFDB
:1045F000FFFFFFFFFFFFFFFFFFFFFFFFFFFFFFFFCB
:10460000FFFFFFFFFFFFFFFFFFFFFFFFFFFFFFFFBA
:10461000FFFFFFFFFFFFFFFFFFFFFFFFFFFFFFFFAA
:10462000FFFFFFFFFFFFFFFFFFFFFFFFFFFFFFFF9A
:10463000FFFFFFFFFFFFFFFFFFFFFFFFFFFFFFFF8A
:10464000FFFFFFFFFFFFFFFFFFFFFFFFFFFFFFFF7A
:10465000FFFFFFFFFFFFFFFFFFFFFFFFFFFFFFFF6A
:10466000FFFFFFFFFFFFFFFFFFFFFFFFFFFFFFFF5A
:10467000FFFFFFFFFFFFFFFFFFFFFFFFFFFFFFFF4A
:10468000FFFFFFFFFFFFFFFFFFFFFFFFFFFFFFFF3A
:10469000FFFFFFFFFFFFFFFFFFFFFFFFFFFFFFFF2A
:1046A000FFFFFFFFFFFFFFFFFFFFFFFFFFFFFFFF1A
:1046B000FFFFFFFFFFFFFFFFFFFFFFFFFFFFFFFF0A
:1046C000FFFFFFFFFFFFFFFFFFFFFFFFFFFFFFFFFA
:1046D000FFFFFFFFFFFFFFFFFFFFFFFFFFFFFFFFEA
:1046E000FFFFFFFFFFFFFFFFFFFFFFFFFFFFFFFFDA
:1046F000FFFFFFFFFFFFFFFFFFFFFFFFFFFFFFFFCA
:10470000FFFFFFFFFFFFFFFFFFFFFFFFFFFFFFFFB9
:10471000FFFFFFFFFFFFFFFFFFFFFFFFFFFFFFFFA9
:10472000FFFFFFFFFFFFFFFFFFFFFFFFFFFFFFFF99
:10473000FFFFFFFFFFFFFFFFFFFFFFFFFFFFFFFF89
:10474000FFFFFFFFFFFFFFFFFFFFFFFFFFFFFFFF79
:10475000FFFFFFFFFFFFFFFFFFFFFFFFFFFFFFFF69
:10476000FFFFFFFFFFFFFFFFFFFFFFFFFFFFFFFF59
:10477000FFFFFFFFFFFFFFFFFFFFFFFFFFFFFFFF49
:10478000FFFFFFFFFFFFFFFFFFFFFFFFFFFFFFFF39
:10479000FFFFFFFFFFFFFFFFFFFFFFFFFFFFFFFF29
:1047A000FFFFFFFFFFFFFFFFFFFFFFFFFFFFFFFF19
:1047B000FFFFFFFFFFFFFFFFFFFFFFFFFFFFFFFF09
:1047C000FFFFFFFFFFFFFFFFFFFFFFFFFFFFFFFFF9
:1047D000FFFFFFFFFFFFFFFFFFFFFFFFFFFFFFFFE9
:1047E000FFFFFFFFFFFFFFFFFFFFFFFFFFFFFFFFD9
:1047F000FFFFFFFFFFFFFFFFFFFFFFFFFFFFFFFFC9
:10480000FFFFFFFFFFFFFFFFFFFFFFFFFFFFFFFFB8
:10481000FFFFFFFFFFFFFFFFFFFFFFFFFFFFFFFFA8
:10482000FFFFFFFFFFFF000000000000000000008E
:104830000000000000000000000000000000000078
:104840000000000000000000000000000000000068
:104850000000000000000000FFFFFFFFFFFFFFFF60
:10486000FFFFFFFFFFFFFFFFFFFFFFFFFFFFFFFF58
:10487000FFFFFFFFFFFFFFFFFFFFFFFFFFFFFFFF48
:10488000FFFFFFFFFFFFFFFFFFFFFFFFFFFFFFFF38
:10489000FFFFFFFFFFFFFFFFFFFFFFFFFFFFFFFF28
:1048A000FFFFFFFFFFFFFFFFFFFFFFFFFFFFFFFF18
:1048B000FFFFFFFFFFFFFFFFFFFFFFFFFFFFFFFF08
:1048C000FFFFFFFFFFFFFFFFFFFFFFFFFFFFFFFFF8
:1048D000FFFFFFFFFFFFFFFFFFFFFFFFFFFFFFFFE8
:1048E000FFFFFFFFFFFFFFFFFFFFFFFFFFFFFFFFD8
:1048F000FFFFFFFFFFFFFFFFFFFFFFFFFFFFFFFFC8
:10490000FFFFFFFFFFFFFFFFFFFFFFFFFFFFFFFFB7
:10491000FFFFFFFFFFFFFFFFFFFFFFFFFFFFFFFFA7
:10492000FFFFFFFFFFFFFFFFFFFFFFFFFFFFFFFF97
:10493000FFFFFFFFFFFFFFFFFFFFFFFFFFFFFFFF87
:10494000FFFFFFFFFFFFFFFFFFFFFFFFFFFFFFFF77
:10495000FFFFFFFFFFFFFFFFFFFFFFFFFFFFFFFF67
:10496000FFFFFFFFFFFFFFFFFFFFFFFFFFFFFFFF57
:10497000FFFFFFFFFFFFFFFFFFFFFFFFFFFFFFFF47
:10498000FFFFFFFFFFFFFFFFFFFFFFFFFFFFFFFF37
:10499000FFFFFFFFFFFFFFFFFFFFFFFFFFFFFFFF27
:1049A000FFFFFFFFFFFFFFFFFFFFFFFFFFFFFFFF17
:1049B000FFFFFFFFFFFFFFFFFFFFFFFFFFFFFFFF07
:1049C000FFFFFFFFFFFFFFFFFFFFFFFFFFFFFFFFF7
:1049D000FFFFFFFFFFFFFFFFFFFFFFFFFFFFFFFFE7
:1049E000FFFFFFFFFFFFFFFFFFFFFFFFFFFFFFFFD7
:1049F000FFFFFFFFFFFFFFFFFFFFFFFFFFFFFFFFC7
:104A0000FFFFFFFFFFFFFFFFFFFFFFFFFFFFFFFFB6
:104A1000FFFFFFFFFFFFFFFFFFFFFFFFFFFFFFFFA6
:104A2000FFFFFFFFFFFFFFFFFFFFFFFFFFFFFFFF96
:104A3000FFFFFFFFFFFFFFFFFFFFFFFFFFFFFFFF86
:104A4000FFFFFFFFFFFFFFFFFFFFFFFFFFFFFFFF76
:104A5000FFFFFFFFFFFFFFFFFFFFFFFFFFFFFFFF66
:104A6000FFFFFFFFFFFFFFFFFFFFFFFFFFFFFFFF56
:104A7000FFFFFFFFFFFFFFFFFFFFFFFFFFFFFFFF46
:104A8000FFFFFFFFFFFFFFFFFFFFFFFFFFFFFFFF36
:104A9000FFFFFFFFFFFFFFFFFFFFFFFFFFFFFFFF26
:104AA000FFFFFFFFFFFFFFFFFFFFFFFFFFFFFFFF16
:104AB000FFFE03C71C71C0E07E3913FFFFFFFFFF3D
:104AC000FFFFFFFFFFFFFFFFFFFFFFFFFFFFFFFFF6
:104AD000FFFFFFFFFFFFFFFFFFFFFFFFFFFFFFFFE6
:104AE000FFFFFFFEDBBB9CEEEF77BDDDB7FFFFFFF7
:104AF000FFFFFFFFFFFFFFFFFFFFFFFFFFFFFFFFC6
:104B0000FFFFFFFFFFFFFFFFFFFFFFFFFFFFFFFFB5
:104B1000FFFFFFFFFFFEDB7D9CDF6F77BBEDB7FF85
:104B2000FFFFFFFFFFFFFFFFFFFFFFFFFFFFFFFF95
:104B3000FFFFFFFFFFFFFFFFFFFFFFFFFFFFFFFF85
:104B4000FFFFFFFFFFFFFFFFDF7D9CDF6F77BBED08
:104B5000B7FFFFFFFFFFFFFFFFFFFFFFFFFFFFFFAD
:104B6000FFFFFFFFFFFFFFFFFFFFFFFFFFFFFFFF55
:104B7000FFFFFFFFFFFFFFFFFFFFDF7DAADF60F00A
:104B80007BEDB7FFFFFFFFFFFFFFFFFFFFFFFFFF13
:104B9000FFFFFFFFFFFFFFFFFFFFFFFFFFFFFFFF25
:104BA000FFFFFFFFFFFFFFFFFFFFFFFFDF7DAADF2C
:104BB0006DF6FBED57FFFFFFFFFFFFFFFFFFFFFF5E
:104BC000FFFFFFFFFFFFFFFFFFFFFFFFFFFFFFFFF5
:104BD000FFFFFFFFFFFFFFFFFFFFFFFFFFFFDF7D87
:104BE000AADF6DF6FBED57FFFFFFFFFFFFFFFFFFA3
:104BF000FFFFFFFFFFFFFFFFFFFFFFFFFFFFFFFFC5
:104C0000FFFFFFFFFFFFFFFFFFFFFFFFFFFFFFFFB4
:104C1000DF7DB6DF6EF77BED57FFFFFFFFFFFFFF86
:104C2000FFFFFFFFFFFFFFFFFFFFFFFFFFFFFFFF94
:104C3000FFFFFFFFFFFFFFFFFFFFFFFFFFFFFFFF84
:104C4000FFFFDF7DB6DF6EF77BEEEFFFFFFFFFFFBD
:104C5000FFFFFFFFFFFFFFFFFFFFFFFFFFFFFFFF64
:104C6000FFFFFFFFFFFFFFFFFFFFFFFFFFFFFFFF54
:104C7000FFFFFFFFDFBBB6EEEF77BDDEEFFFFFFF0D
:104C8000FFFFFFFFFFFFFFFFFFFFFFFFFFFFFFFF34
:104C9000FFFFFFFFFFFFFFFFFFFFFFFFFFFFFFFF24
:104CA000FFFFFFFFFFFF8FC71471C7239E3EEFFF7B
:104CB000FFFFFFFFFFFFFFFFFFFFFFFFFFFFFFFF04
:104CC000FFFFFFFFFFFFFFFFFFFFFFFFFFFFFFFFF4
:104CD000FFFFFFFFFFFFFFFFFFFFFFFFFFFFFFFFE4
:104CE000FFFFFFFFFFFFFFFFFFFFFFFFFFFFFFFFD4
:104CF000FFFFFFFFFFFFFFFFFFFFFFFFFFFFFFFFC4
:104D0000FFFFFFFFFFFFFFFFFFFFFFFFFFFFFFFFB3
:104D1000FFFFFFFFFFFFFFFFFFFFFFFFFFFFFFFFA3
:104D2000FFFFFFFFFFFFFFFFFFFFFFFFFFFFFFFF93
:104D3000FFFFFFFFFFFFFFFFFFFFFFFFFFFFFFFF83
:104D4000FFFFFFFFFFFFFFFFFFFFFFFFFFFFFFFF73
:104D5000FFFC3FFFFFFFFFFFFFFFFFFFFFFFFFFF26
:104D6000FFFFFFFFFFFFFFFFFFFFFFFFFFFFFFFF53
:104D7000FFFFFFFFFFFFFFFFFFFFFFFFFFFFFFFF43
:104D8000FFFFFFF80FFFFFFFFFFFFFFFFFFFFFFF2A
:104D9000FFFFFFFFFFFFFFFFFFFFFFFFFFFFFFFF23
:104DA000FFFFFFFFFFFFFFFFFFFFFFFFFFFFFFFF13
:104DB000FFFFFFFFFFF387FBFFFFFFFFFFFFFFFF8B
:104DC000FFFFFFFFFFFFFFFFFFFFFFFFFFFFFFFFF3
:104DD000FFFFFFFFFFFFFFFFFFFFFFFFFFFFFFFFE3
:104DE000FFFFFFFFFFFFFFF7C3FBFFFFFFFFFFFF1B
:104DF000FFFFFFFFFFFFFFFFFFFFFFFFFFFFFFFFC3
:104E0000FFFFFFFFFFFFFFFFFFFFFFFFFFFFFFFFB2
:104E1000FFFFFFFFFFFFFFFFFFEFE1F7FFFFFFFFD8
:104E2000FFFFFFFFFFFFFFFFFFFFFFFFFFFFFFFF92
:104E3000FFFFFFFFFFFFFFFFFFFFFFFFFFFFFFFF82
:104E4000FFFFFFFFFFFFF83FFE7FFFEFF0E7FFFFF1
:104E5000FFFFFFFE0FFF9FFFFFFFFF7F0FF7C3C79F
:104E60001FFFFFFFFFFFFFFFFFFFFFFFFFFFFFFF32
:104E7000FFFFFFFFFFFFFFFFF3BFE007FFFFF80F9C
:104E8000FFFFFFFFFFFCEFF801FFFFFFFC7EF7C70E
:104E9000BDEFBFFFFFFFFFFFFFFFFFFFFFFFFFFFB4
:104EA000FFFC0FFFFFFEFFFF03FFE79F83F1FFFF04
:104EB000FE1FFC0FFFFEFFF9E7E0FC7FFFFFFF7E18
:104EC000F7F7BEEFBFFFFFFFFFFFFFFFFFFFFFFF93
:104ED000FFFFFFF001FFFFFCFFFCF1FFE79F1FFC5E
:104EE0004FFFFFFFF3E3FFFCFFF9E7C7FF13FFFFEF
:104EF000FF7DFBF7BEEFBFFFFFFFFFFFFFFFFFFFE1
:104F0000FFFFFFFFFFE3E0FFFFF8FFF9FCFFE79E75
:104F10003FFF0FFFFFFFEFF1FFF8FFF9E78FFFC340
:104F2000FFFFFF7DFBF7FEEFB23E0FFFFFFFFFFF2E
:104F3000FFFFFFFFFFFFFFC7FC7FFF00FFF3FC7FCA
:104F4000E7BC7FFF8FFFFFFFDFF8FF00FFF9EF1FD8
:104F5000FFE3FFFFFF7DFBF7FDEFB9DDF7FFFFFF8D
:104F6000FFFFFFFFFFFFFFFFFF8FFE3FFFF8FFF395
:104F7000FE3FF03C7FFF8FFFFFFFDFFC7FF8FFFC71
:104F80000F1FFFE3FFFFFF7DFBF7F1E03BEDF7FFB6
:104F9000FFFFFFFFFFFFFFFFFFFFFC1FFF1FFFF8EB
:104FA000FFF1FE3FFFF8FFFFCFFFFFFF9FFC7FF801
:104FB000FFFFFE3FFFF3FFFFFF7DFBF7FEEFBBEFC1
:104FC000C7FFFFFFFFFFFFFFFFFFFFFFE03FFF9F68
:104FD000FFF8FFF1FE3FFFF9FFFFCFFFFFFF9FFC50
:104FE0007FF8FFFFFE7FFFF3FFFFFF7DFBF7FF6F03
:104FF000BBEE37FFFFFFFFFFFFFFFFFFFFFFC0FF1D
:10500000FF8FFFF8FFF9FE3FFFF1FFFFCFFFFFFF2C
:105010008FFC7FF8FFFFFC7FFFF3FFFFFF7DFBF7B7
:10502000BF6FBBEDF7FFFFFFFFFFFFFFFFFFFFFFBE
:10503000CFFFFFCFFFF8FFFFFE3FFFF1FFFFCFFFE6
:10504000FFFF8FFC7FF8FFFFFC7FFFF3FFFFFF7E7A
:10505000F7F7BF6FBBEDF7FFFFFFFFFFFFFFFFFF9E
:10506000FFFF8FFFFFC7FFF8FFFFFE7FFFF1FFFF8E
:10507000CFFFFFFFCFFC7FF8FFFFFC7FFFF3FFFFB9
:10508000FF7EF7F7BEEFB9DDE5FFFFFFFFFFFFFF94
:10509000FFFFFFFF0FFFFFE1FFF8FFFFFC7FFFE3D4
:1050A000FFFFFFFFFFFFFFF8FFF8FFFFF8FFFFFF25
:1050B000FFFFFC1F0FC1C1C71A3E11FFFFFFFFFF1B
:1050C000FFFFFFFFFFFE1FFFFFF0FFF8FFFFF8FFEE
:1050D000FFE3FFFFFFFFFFFFFFF8FFF8FFFFF8FF11
:1050E000FFFFFFFFFFFFFFFFFFFFFBFFFFFFFFFFD4
:1050F000FFFFFFFFFFFFFFFC7FFFFFF8FFF8FFFF51
:10510000F1FFFFE3FFFFFFFFFFFFFFF1FFF8FFFFEE
:10511000F8FFFFFFFFFFFFFFFFFFFFFFF1FFFFFFB4
:10512000FFFFFFFFFFFFFFFFFFF8FFFFFFFC7FF820
:10513000FFFF87FFFFE3FFFFFFFFFFFFFFF1FFF828
:10514000FFFFF8FFFFFFFFFFFFFFFFFFFFFFFFFF76
:10515000FFFFFFFFFFFFFFFFFFFFFFF8FFFFFFFE67
:105160007FF8FFFFF1FFFFE3FFFFFFFFFFFFFFE31C
:10517000FFF8FFFFF8FFFFFFFFFFFFFFFFFFFFFF4D
:10518000FFFFFFFFFFFFFFFFFFFFFFFFFFF9FFFF35
:10519000FFFE7FF8FFFFFC7FFFE3FFFFFFFFFFFF46
:1051A000FFC7FFF8FFFFF8FFFFFFFFFFFFFFFFFF55
:1051B000FFFFFFFFFFFFFFFFFFFFFFFFFFFFFFF905
:1051C000FFFFFFFE7FF8FFFFFE7FFFE3FFFFFFFF14
:1051D000FFFFFF8FFFF8FFFFF8FFFFFFFFFFFFFF5D
:1051E000FFFFFFFFFFFFFFFFFFFFFFFFFFFFFFFFCF
:1051F000FFF8FFFFFFFE7FF8FFFFFE3FFFE1FFFF2D
:10520000FFFFFFFFFF1FFFF8FFFFF87FFFFFFFFF1C
:10521000FFFFFFFFFFFFFFFFFFFFFFFFFFFFFFFF9E
:10522000FFFFFFF8FFFFFFFC7FF8FFFFFF3FFFF1ED
:10523000FFFFFFFFFFFFFE3FFFF8FFFFFC7FFFFFC9
:10524000FFFFFFFFFFFFFFFFFFFFFFFFFFFFFFFF6E
:10525000FFFFFFFFFFFC7FFFFFF8FFF8FFFFFF1FCF
:10526000FFF1FFFFFFFFFFFFFC7FFFF8FFFFFC7F69
:10527000FFFFFFFFFFFFFFFFFFFFFFFFFFFFFFFF3E
:10528000FFFFFFFFFFFFFFFE00000001FFF8FFFF31
:10529000FF1FFFF1FFFFFFFFFFFFF8FFFFF8FFFF1A
:1052A000FC7FFFFFFFFFFFFFFFFFFFFFFFFFFFFF91
:1052B000FFFFFFFFFFFFFFFFFFFF00000003FFF8FE
:1052C000FFFFFF1FFFF0FFFFFFFFFFFFF1FFFFF8F2
:1052D000FFFFFC3FFFFFFFFFFFFFFFFFFFFFFFFFA1
:1052E000FFFFFFFFFFFFFFFFFFFFFFFFFFFFFFFFCE
:1052F000FFF8FFF3FF1FFFF8FFFFEFFFFFFFE3FFE4
:105300007FF8FFFFFE3FFFFBFFFFFFFFFFFFFFFFF9
:10531000FFFFFFFFFFFFFFFFFFFFFFFFFFFF6B7FB1
:10532000BFB7FFF8FFE3FF1FFFF87FFFDFFFFFFFBF
:10533000E7FF7FF8FFFFFE1FFFF7FFFFFFFFFFFF05
:10534000FFFFFFFFFFFFFFFFFFFFFFFFFFFFFFFF6D
:105350006B6DB6B7FFF8FFE3FF3FFFFC7FFFBFFFBA
:10536000FFFFCFFE7FF8FFFFFF1FFFEFFFFFFFFFF5
:10537000FFFFFFFFFFFFFFFFFFFFFFFFFFFFFFFF3D
:10538000FFFF6F6DB6B7FFF8FFE3FE3FFFFE3FFE86
:105390003FFFFFFF9FFE7FF8FFFFFF8FFF8FFFFFA5
:1053A000FFFFFFFFFFFFFFFFFFFFFFFFFFFFFFFF0D
:1053B000FFFFFFFF6F6DB6F7FFF8FFF7FE7FFFFF00
:1053C0001FFCFFFFFFFF3FFCFFF8FFFFFFC7FF3F92
:1053D000FFFFFFFFFFFFFFFFFFFFFFFFFFFFFFFFDD
:1053E000FFFFFFFFFFFF6F6DF6F7FFF8FFF3FC7F96
:1053F000FFFF83E1FFFFFFFF0000FFF8FFFFFFE07B
:10540000F87FFFFFFFFFFFFFFFFFFFFFFFFFFFFF33
:10541000FFFFFFFFFFFFFFFFEB7DF6B7FFF07FF918
:10542000F0FFFFFFC007FFFFFFFF0000FFF07FFF5F
:10543000FFF001FFFFFFFFFFFFFFFFFFFFFFFFFF89
:10544000FFFFFFFFFFFFFFFFFFFFFB7DB6B7FF0082
:1054500007FE03FFFFFFF81FFFFFFFFF0000FF0035
:1054600007FFFFFE07FFFFFFFFFFFFFFFFFFFFFF3D
:10547000FFFFFFFFFFFFFFFFFFFFFFFFFB6DB6B763
:10548000FFFFFFFFFFFFFFFFFFFFFFFFFFFFFFFF2C
:10549000FFFFFFFFFFFFFFFFFFFFFFFFFFFFFFFF1C
:1054A000FFFFFFFFFFFFFFFFFFFFFFFFFFFFFBED22
:1054B000B6BFFFFFFFFFFFFFFFFFFFFFFFFFFFFF85
:1054C000FFFFFFFFFFFFFFFFFFFFFFFFFFFFFFFFEC
:1054D000FFFFFFFFFFFFFFFFFFFFFFFFFFFFFFFFDC
:1054E000FFEDB7BFFFFFFFFFFFFFFFFFFFFFFFFF66
:1054F000FFFFFFFFFFFFFFFFFFFFFFFFFFFFFFFFBC
:10550000FFFFFFFFFFFFFFFFFFFFFFFFFFFFFFFFAB
:10551000FFFFFFFFFFFFFFFFFFFFFFFFFFFFFFFF9B
:10552000FFFFFFFFFFFFFFFFFFFFFFFFFFFFFFFF8B
:10553000FFFFFFFFFFFFFFFFFFFFFFFFFFFFFFFF7B
:10554000FFFFFFFFFFFFFFFFFFFFFFFFFFFFFFFF6B
:10555000FFFFFFFFFFFFFFFFFFFFFFFFFFFFFFFF5B
:10556000FFFFFFFFFFFFFFFFFFFFFFFFFFFFFFFF4B
:10557000FFFFFFFFFFFFFFFFFFFFFFFFFFFFFFFF3B
:10558000FFFFFFFFFFFFFFFFFFFFFFFFFFFFFFFF2B
:10559000FFFFFFFFFFFFFFFFFFFFFFFFFFFFFFFF1B
:1055A000FFFFFFFFFFFFFFFFFFFFFFFFFFFFFFFF0B
:1055B000FFFFFFFFFFFFFFFFFFFFFFFFFFFFFFFFFB
:1055C000FFFFFFFFFFFFFFFFFFFFFFFFFFFFFFFFEB
:1055D000FFFFFFFFFFFFFFFFFFFFFFFFFFFFFFFFDB
:1055E000FFFFFFFFFFFFFFFFFFFFFFFFFFFFFFFFCB
:1055F000FFFFFFFFFFFFFFFFFFFFFFFFFFFFFFFFBB
:10560000FFFFFFFFFFFFFFFFFFFFFFFFFFFFFFFFAA
:10561000FFFFFFFFFFFFFFFFFFFFFFFFFFFFFFFF9A
:10562000FFFFFFFFFFFFFFFFFFFFFFFFFFFFFFFF8A
:10563000FFFFFFFFFFFFFFFFFFFFFFFFFFFFFFFF7A
:10564000FFFFFFFFFFFFFFFFFFFFFFFFFFFFFFFF6A
:10565000FFFFFFFFFFFFFFFFFFFFFFFFFFFFFFFF5A
:10566000FFFFFFFFFFFFFFFFFFFFFFFFFFFFFFFF4A
:10567000FFFFFFFFFFFFFFFFFFFFFFFFFFFFFFFF3A
:10568000FFFFFFFFFFFFFFFFFFFFFFFFFFFFFFFF2A
:10569000FFFFFFFFFFFFFFFFFFFFFFFFFFFFFFFF1A
:1056A000FFFFFFFFFFFFFFFFFFFFFFFFFFFFFFFF0A
:1056B000FFFFFFFFFFFFFFFFFFFFFFFFFFFFFFFFFA
:1056C000FFFFFFFFFFFFFFFFFFFFFFFFFFFFFFFFEA
:1056D000FFFFFFFFFFFFFFFFFFFFFFFFFFFFFFFFDA
:1056E000FFFFFFFFFFFFFFFFFFFFFFFFFFFFFFFFCA
:1056F000FFFFFFFFFFFFFFFFFFFFFFFFFFFFFFFFBA
:10570000FFFFFFFFFFFFFFFFFFFFFFFFFFFFFFFFA9
:10571000FFFFFFFFFFFFFFFFFFFFFFFFFFFFFFFF99
:10572000FFFFFFFFFFFFFFFFFFFFFFFFFFFFFFFF89
:10573000FFFFFFFFFFFFFFFFFFFFFFFFFFFFFFFF79
:10574000FFFFFFFFFFFFFFFFFFFFFFFFFFFFFFFF69
:10575000FFFFFFFFFFFFFFFFFFFFFFFFFFFFFFFF59
:10576000FFFFFFFFFFFFFFFFFFFFFFFFFFFFFFFF49
:10577000FFFFFFFFFFFFFFFFFFFFFFFFFFFFFFFF39
:10578000FFFFFFFFFFFFFFFFFFFFFFFFFFFFFFFF29
:10579000FFFFFFFFFFFFFFFFFFFFFFFFFFFFFFFF19
:1057A000FFFFFFFFFFFFFFFFFFFFFFFFFFFFFFFF09
:1057B000FFFFFFFFFFFFFFFFFFFFFFFFFFFFFFFFF9
:1057C000FFFFFFFFFFFFFFFFFFFFFFFFFFFFFFFFE9
:1057D000FFFFFFFFFFFFFFFFFFFFFFFFFFFFFFFFD9
:1057E000FFFFFFFFFFFFFFFFFFFFFFFFFFFFFFFFC9
:1057F000FFFFFFFFFFFFFFFFFFFFFFFFFFFFFFFFB9
:10580000FFFFFFFFFFFFFFFFFFFFFFFFFFFFFFFFA8
:10581000FFFFFFFFFFFFFFFFFFFFFFFFFFFFFFFF98
:10582000FFFFFFFFFFFFFFFFFFFFFFFFFFFFFFFF88
:10583000FFFFFFFFFFFFFFFFFFFFFFFFFFFFFFFF78
:10584000FFFFFFFFFFFFFFFFFFFFFFFFFFFFFFFF68
:10585000FFFFFFFFFFFFFFFFFFFFFFFFFFFFFFFF58
:10586000FFFFFFFFFFFFFFFFFFFFFFFFFFFFFFFF48
:10587000FFFFFFFFFFFFFFFFFFFFFFFFFFFFFFFF38
:10588000FFFFFFFFFFFFFFFFFFFFFFFFFFFFFFFF28
:10589000FFFFFFFFFFFFFFFFFFFFFFFFFFFFFFFF18
:1058A000FFFFFFFFFFFFFFFFFFFFFFFFFFFFFFFF08
:1058B000FFFFFFFFFFFFFFFFFFFFFFFFFFFFFFFFF8
:1058C000FFFFFFFFFFFFFFFFFFFFFFFFFFFFFFFFE8
:1058D000FFFFFFFFFFFFFFFFFFFFFFFFFFFFFFFFD8
:1058E000FFFFFFFFFFFFFFFFFFFFFFFFFFFFFFFFC8
:1058F000FFFFFFFFFFFFFFFFFFFFFFFFFFFFFFFFB8
:10590000FFFFFFFFFFFFFFFFFFFFFFFFFFFFFFFFA7
:10591000FFFFFFFFFFFFFFFFFFFFFFFFFFFFFFFF97
:10592000FFFFFFFFFFFFFFFFFFFFFFFFFFFFFFFF87
:10593000FFFFFFFFFFFFFFFFFFFFFFFFFFFFFFFF77
:10594000FFFFFFFFFFFFFFFFFFFFFFFFFFFFFFFF67
:10595000FFFFFFFFFFFFFFFFFFFFFFFFFFFFFFFF57
:10596000FFFFFFFFFFFFFFFFFFFFFFFFFFFFFFFF47
:10597000FFFFFFFFFFFFFFFFFFFFFFFFFFFFFFFF37
:10598000FFFFFFFFFFFFFFFFFFFFFFFFFFFFFFFF27
:10599000FFFFFFFFFFFFFFFFFFFFFFFFFFFFFFFF17
:1059A000FFFFFFFFFFFFFFFFFFFFFFFFFFFFFFFF07
:1059B000FFFFFFFFFFFFFFFFFFFFFFFFFFFFFFFFF7
:1059C000FFFFFFFFFFFFFFFFFFFFFFFFFFFFFFFFE7
:1059D000FFFFFFFFFFFFFFFFFFFFFFFFFFFFFFFFD7
:1059E000FFFFFFFFFFFFFFFFFFFFFFFFFFFFFFFFC7
:1059F000FFFFFFFFFFFFFFFFFFFFFFFFFFFFFFFFB7
:105A0000FFFFFFFFFFFFFFFFFFFFFFFFFFFFFFFFA6
:105A1000FFFFFFFFFFFFFFFFFFFFFFFFFFFFFFFF96
:105A2000FFFFFFFFFFFFFFFFFFFFFFFFFFFFFFFF86
:105A3000FFFFFFFFFFFFFFFFFFFFFFFFFFFFFFFF76
:105A4000FFFFFFFFFFFFFFFFFFFFFFFFFFFFFFFF66
:105A5000FFFFFFFFFFFFFFFFFFFFFFFFFFFFFFFF56
:105A6000FFFFFFFFFFFFFFFFFFFFFFFFFFFFFFFF46
:105A7000FFFFFFFFFFFFFFFFFFFFFFFFFFFFFFFF36
:105A8000FFFFFFFFFFFFFFFFFFFFFFFFFFFFFFFF26
:105A9000FFFFFFFFFFFFFFFFFFFFFFFFFFFFFFFF16
:105AA000FFFFFFFFFFFFFFFFFFFFFFFFFFFFFFFF06
:105AB000FFFFFFFFFFFFFFFFFFFFFFFFFFFFFFFFF6
:105AC000FFFFFFFFFFFFFFFFFFFFFFFFFFFFFFFFE6
:105AD000FFFFFFFFFFFFFFFFFFFFFFFFFFFFFFFFD6
:105AE000FFFFFFFFFFFFFFFFFFFFFFFFFFFFFFFFC6
:105AF000FFFFFFFFFFFFFFFFFFFFFFFFFFFFFFFFB6
:105B0000FFFFFFFFFFFFFFFFFFFFFFFFFFFFFFFFA5
:105B1000FFFFFFFFFFFFFFFFFFFFFFFFFFFFFFFF95
:105B2000FFFFFFFFFFFFFFFFFFFFFFFFFFFFFFFF85
:105B3000FFFFFFFFFFFFFFFFFFFFFFFFFFFFFFFF75
:105B4000FFFFFFFFFFFFFFFFFFFFFFFFFFFFFFFF65
:105B5000FFFFFFFFFFFFFFFFFFFFFFFFFFFFFFFF55
:105B6000FFFFFFFFFFFFFFFFFFFFFFFFFFFFFFFF45
:105B7000FFFFFFFFFFFFFFFFFFFFFFFFFFFFFFFF35
:105B8000FFFFFFFFFFFFFFFFFFFFFFFFFFFFFFFF25
:105B9000FFFFFFFFFFFFFFFFFFFFFFFFFFFFFFFF15
:105BA000FFFFFFFFFFFFFFFFFFFFFFFFFFFFFFFF05
:105BB000FFFFFFFFFFFFFFFFFFFFFFFFFFFFFFFFF5
:105BC000FFFFFFFFFFFFFFFFFFFFFFFFFFFFFFFFE5
:105BD000FFFFFFFFFFFFFFFFFFFFFFFFFFFFFFFFD5
:105BE000FFFFFFFFFFFFFFFFFFFFFFFFFFFFFFFFC5
:105BF000FFFFFFFFFFFFFFFFFFFFFFFFFFFFFFFFB5
:105C0000FFFFFFFFFFFFFFFFFFFFFFFFFFFFFFFFA4
:105C1000FFFFFFFFFFFFFFFFFFFFF8000000000096
:105C20000000000001FFF0000003FFFFFFFFFFFF87
:105C3000FFFFFFFFFFFFFFFFFFFFFFFFFFFFFFFF74
:105C4000FFFFFFFFFFFFFFFFF80000000000000064
:105C5000000001FFF0000003FFFFFFFFFFFFFFFF59
:105C6000FFFFFFFFFFFFFFFFFFFFFFFFFFFFFFFF44
:105C7000FFFFFFFFFFFFF800000000000000000032
:105C800001FFF0000003FFFFFFFFFFFFFFFFFFFF2B
:105C9000FFFFFFFFFFFFFFFFFFFFFFFFFFFFFFFF14
:105CA000FFFFFFFFF800000000000000000001FF00
:105CB000F0000003FFFFFFFFFFFFFFFFFFFFFFFFFD
:105CC000FFFFFFFFFFFFFFFFFFFFFFFFFFFFFFFFE4
:105CD000FFFFF800000000000000000001FFF000DE
:105CE0000003FFFFFFFFFFFFFFFFFFFFFFFFFFFFBF
:105CF000FFFFFFFFFFFFFFFFFFFFFFFFFFFFFFFFB4
:105D0000F800000000000000000001FFF0000003A8
:105D1000FFFFFFFFFFFFFFFFFFFFFFFFFFFFFFFF93
:105D2000FFFFFFFFFFFFFFFFFFFFFFFFFFFFF80089
:105D3000000000000000000001FFF0000003FFFF72
:105D4000FFFFFFFFFFFFFFFFFFFFFFFFFFFFFFFF63
:105D5000FFFFFFFFFFFFFFFFFFFFFFFFF800000057
:105D600000000000000001FFF0000003FFFFFFFF44
:105D7000FFFFFFFFFFFFFFFFFFFFFFFFFFFFFFFF33
:105D8000FFFFFFFFFFFFFFFFFFFFF8000000000025
:105D90000000000001FFF0000003FFFFFFFFFFFF16
:105DA000FFFFFFFFFFFFFFFFFFFFFFFFFFFFFFFF03
:105DB000FFFFFFFFFFFFFFFFF800000000000000F3
:105DC000000001FFF0000003FFFFFFFFFFFFFFFFE8
:105DD000FFFFFFFFFFFFFFFFFFFFFFFFFFFFFFFFD3
:105DE000FFFFFFFFFFFFF8000000000000000000C1
:105DF00001FFF0000003FFFFFFFFFFFFFFFFFFFFBA
:105E0000FFFFFFFFFFFFFFFFFFFFFFFFFFFFFFFFA2
:105E1000FFFFFFFFF800000000000000000001FF8E
:105E2000F0000003FFFFFFFFFFFFFFFFFFFFFFFF8B
:105E3000FFFFFFFFFFFFFFFFFFFFFFFFFFFFFFFF72
:105E4000FFFFF800000000000000000001FFF0006C
:105E50000003FFFFFFFFFFFFFFFFFFFFFFFFFFFF4D
:105E6000FFFFFFFFFFFFFFFFFFFFFFFFFFFFFFFF42
:105E7000F800000000000000000001FFF000000337
:105E8000FFFFFFFFFFFFFFFFFFFFFFFFFFFFFFFF22
:105E9000FFFFFFFFFFFFFFFFFFFFFFFFFFFFF80018
:105EA000000000000000000001FFF0000003FFFF01
:105EB000FFFFFFFFFFFFFFFFFFFFFFFFFFFFFFFFF2
:105EC000FFFFFFFFFFFFFFFFFFFFFFFFF8000000E6
:105ED00000000000000001FFF0000003FFFFFFFFD3
:105EE000FFFFFFFFFFFFFFFFFFFFFFFFFFFFFFFFC2
:105EF000FFFFFFFFFFFFFFFFFFFFF80000000000B4
:105F00000000000001FFF0000003FFFFFFFFFFFFA4
:105F1000FFFFFFFFFFFFFFFFFFFFFFFFFFFFFFFF91
:105F2000FFFFFFFFFFFFFFFFF80000000000000081
:105F3000000001FFF0000003FFFFFFFFFFFFFFFF76
:105F4000FFFFFFFFFFFFFFFFFFFFFFFFFFFFFFFF61
:105F5000FFFFFFFFFFFFF80000000000000000004F
:105F600001FFF0000003FFFFFFFFFFFFFFFFFFFF48
:105F7000FFFFFFFFFFFFFFFFFFFFFFFFFFFFFFFF31
:105F8000FFFFFFFFF800000000000000000001FF1D
:105F9000F0000003FFFFFFFFFFFFFFFFFFFFFFFF1A
:105FA000FFFFFFFFFFFFFFFFFFFFFFFFFFFFFFFF01
:105FB000FFFFF800000000000000000001FFF000FB
:105FC0000003FFFFFFFFFFFFFFFFFFFFFFFFFFFFDC
:105FD000FFFFFFFFFFFFFFFFFFFFFFFFFFFFFFFFD1
:105FE000F800000000000000000001FFF0000003C6
:105FF000FFFFFFFFFFFFFFFFFFFFFFFFFFFFFFFFB1
:10600000FFFFFFFFFFFFFFFFFFFFFFFFFFFFF800A6
:10601000000000000000000001FFF0000003FFFF8F
:10602000FFFFFFFFFFFFFFFFFFFFFFFFFFFFFFFF80
:10603000FFFFFFFFFFFFFFFFFFFFFFFFF800000074
:1060400000000000000001FFF0000003FFFFFFFF61
:10605000FFFFFFFFFFFFFFFFFFFFFFFFFFFFFFFF50
:10606000FFFFFFFFFFFFFFFFFFFFF8000000000042
:106070000000000001FFF0000003FFFFFFFFFFFF33
:10608000FFFFFFFFFFFFFFFFFFFFFFFFFFFFFFFF20
:10609000FFFFFFFFFFFFFFFFF80000000000000010
:1060A000000001FFF0000003FFFFFFFFFFFFFFFF05
:1060B000FFFFFFFFFFFFFFFFFFFFFFFFFFFFFFFFF0
:1060C000FFFFFFFFFFFFF8000000000000000000DE
:1060D00001FFF0000003FFFFFFFFFFFFFFFFFFFFD7
:1060E000FFFFFFFFFFFFFFFFFFFFFFFFFFFFFFFFC0
:1060F000FFFFFFFFF8000000FFFFFFFC000001FFB3
:10610000FFFFFFFFFFFFFFFFFFFFFFFFFFFFFFFF9F
:10611000FFFFFFFFFFFFFFFFFFFFFFFFFFFFFFFF8F
:10612000FFFFF8000000FFFFFFFC000001FFFFFF82
:10613000FFFFFFFFFFFFFFFFFFFFFFFFFFFFFFFF6F
:10614000FFFFFFFFFFFFFFFFFFFFFFFFFFFFFFFF5F
:10615000F8000000FFFFFFFC000001FFFFFFFFFF52
:10616000FFFFFFFFFFFFFFFFFFFFFFFFFFFFFFFF3F
:10617000FFFFFFFFFFFFFFFFFFFFFFFFFFFFF80035
:106180000000FFFFFFFC000001FFFFFFFFFFFFFF1C
:10619000FFFFFFFFFFFFFFFFFFFFFFFFFFFFFFFF0F
:1061A000FFFFFFFFFFFFFFFFFFFFFFFFF800000003
:1061B000FFFFFFFC000001FFFFFFFFFFFFFFFFFFEE
:1061C000FFFFFFFFFFFFFFFFFFFFFFFFFFFFFFFFDF
:1061D000FFFFFFFFFFFFFFFFFFFFF8000000FFFFD3
:1061E000FFFC000001FFFFFFFFFFFFFFFFFFFFFFBE
:1061F000FFFFFFFFFFFFFFFFFFFFFFFFFFFFFFFFAF
:10620000FFFFFFFFFFFFFFFFF8000000FFFFFFFCA5
:10621000000001FFFFFFFFFFFFFFFFFFFFFFFFFF8A
:10622000FFFFFFFFFFFFFFFFFFFFFFFFFFFFFFFF7E
:10623000FFFFFFFFFFFFF8000000FFFFFFFC000073
:1062400001FFFFFFFFFFFFFFFFFFFFFFFFFFFFFF5C
:10625000FFFFFFFFFFFFFFFFFFFFFFFFFFFFFFFF4E
:10626000FFFFFFFFF8000000FFFFFFFC000001FF41
:10627000FFFFFFFFFFFFFFFFFFFFFFFFFFFFFFFF2E
:10628000FFFFFFFFFFFFFFFFFFFFFFFFFFFFFFFF1E
:10629000FFFFF8000000FFFFFFFC000001FFFFFF11
:1062A000FFFFFFFFFFFFFFFFFFFFFFFFFFFFFFFFFE
:1062B000FFFFFFFFFFFFFFFFFFFFFFFFFFFFFFFFEE
:1062C000F8000000FFFFFFFC000001FFF0000003EA
:1062D000FFFFFFFFFFFFFFFFFFFFFFFFFFFFFFFFCE
:1062E000FFFFFFFFFFFFFFFFFFFFFFFFFFFFF800C4
:1062F0000000FFFFFFFC000001FFF0000003FFFFB4
:10630000FFFFFFFFFFFFFFFFFFFFFFFFFFFFFFFF9D
:10631000FFFFFFFFFFFFFFFFFFFFFFFFF800000091
:10632000FFFFFFFC000001FFF0000003FFFFFFFF85
:10633000FFFFFFFFFFFFFFFFFFFFFFFFFFFFFFFF6D
:10634000FFFFFFFFFFFFFFFFFFFFF8000000FFFF61
:10635000FFFC000001FFF0000003FFFFFFFFFFFF55
:10636000FFFFFFFFFFFFFFFFFFFFFFFFFFFFFFFF3D
:10637000FFFFFFFFFFFFFFFFFFFFFFFFFFFFFFFC30
:10638000000001FFF0000003FFFFFFFFFFFFFFFF22
:10639000FFFFFFFFFFFFFFFFFFFFFFFFFFFFFFFF0D
:1063A000FFFFFFFFFFFFFFFFFFFFFFFFFFFC0000FE
:1063B00001FFF0000003FFFFFFFFFFFFFFFFFFFFF4
:1063C000FFFFFFFFFFFFFFFFFFFFFFFFFFFFFFFFDD
:1063D000FFFFFFFFFFFFFFFFFFFFFFFC000001FFCC
:1063E000F0000003FFFFFFFFFFFFFFFFFFFFFFFFC6
:1063F000FFFFFFFFFFFFFFFFFFFFFFFFFFFFFFFFAD
:10640000FFFFFFFFFFFFFFFFFFFC000001FFF000A9
:106410000003FFFFFFFFFFFFFFFFFFFFFFFFFFFF87
:10642000FFFFFFFFFFFFFFFFFFFFFFFFFFFFFFFF7C
:10643000FFFFFFFFFFFFFFFC000001FFF000000374
:10644000FFFFFFFFFFFFFFFFFFFFFFFFFFFFFFFF5C
:10645000FFFFFFFFFFFFFFFFFFFFFFFFFFFFFFFF4C
:10646000FFFFFFFFFFFC000001FFF0000003FFFF44
:10647000FFFFFFFFFFFFFFFFFFFFFFFFFFFFFFFF2C
:10648000FFFFFFFFFFFFFFFFFFFFFFFFFFFFFFFF1C
:10649000FFFFFFFC000001FFF0000003FFFFFFFF14
:1064A000FFFFFFFFFFFFFFFFFFFFFFFFFFFFFFFFFC
:1064B000FFFFFFFFFFFFFFFFFFFFFFFFFFFFFFFFEC
:1064C000FFFC000001FFF0000003FFFFFFFFFFFFE4
:1064D000FFFFFFFFFFFFFFFFFFFFFFFFFFFFFFFFCC
:1064E000FFFFFFFFFFFFFFFFFFFFFFFFFFFFFFFCBF
:1064F000000001FFF0000003FFFFFFFFFFFFFFFFB1
:10650000FFFFFFFFFFFFFFFFFFFFFFFFFFFFFFFF9B
:10651000FFFFFFFFFFFFFC00000000000000000085
:1065200001FFF0000003FFFFFFFFFFFFFFFFFFFF82
:10653000FFFFFFFFFFFFFFFFFFFFFFFFFFFFFFFF6B
:10654000FFFFFFFFF800000000000000000001FF57
:10655000F0000003FFFFFFFFFFFFFFFFFFFFFFFF54
:10656000FFFFFFFFFFFFFFFFFFFFFFFFFFFFFFFF3B
:10657000FFFFF800000000000000000001FFF00035
:106580000003FFFFFFFFFFFFFFFFFFFFFFFFFFFF16
:10659000FFFFFFFFFFFFFFFFFFFFFFFFFFFFFFFF0B
:1065A000F800000000000000000001FFF000000300
:1065B000FFFFFFFFFFFFFFFFFFFFFFFFFFFFFFFFEB
:1065C000FFFFFFFFFFFFFFFFFFFFFFFFFFFFF800E1
:1065D000000000000000000001FFF0000003FFFFCA
:1065E000FFFFFFFFFFFFFFFFFFFFFFFFFFFFFFFFBB
:1065F000FFFFFFFFFFFFFFFFFFFFFFFFF8000000AF
:1066000000000000000001FFF0000003FFFFFFFF9B
:10661000FFFFFFFFFFFFFFFFFFFFFFFFFFFFFFFF8A
:10662000FFFFFFFFFFFFFFFFFFFFF800000000007C
:106630000000000001FFF0000003FFFFFFFFFFFF6D
:10664000FFFFFFFFFFFFFFFFFFFFFFFFFFFFFFFF5A
:10665000FFFFFFFFFFFFFFFFF8000000000000004A
:10666000000001FFF0000003FFFFFFFFFFFFFFFF3F
:10667000FFFFFFFFFFFFFFFFFFFFFFFFFFFFFFFF2A
:10668000FFFFFFFFFFFFF800000000000000000018
:1066900001FFF0000003FFFFFFFFFFFFFFFFFFFF11
:1066A000FFFFFFFFFFFFFFFFFFFFFFFFFFFFFFFFFA
:1066B000FFFFFFFFF800000000000000000001FFE6
:1066C000F0000003FFFFFFFFFFFFFFFFFFFFFFFFE3
:1066D000FFFFFFFFFFFFFFFFFFFFFFFFFFFFFFFFCA
:1066E000FFFFF800000000000000000001FFF000C4
:1066F0000003FFFFFFFFFFFFFFFFFFFFFFFFFFFFA5
:10670000FFFFFFFFFFFFFFFFFFFFFFFFFFFFFFFF99
:10671000F800000000000000000001FFF00000038E
:10672000FFFFFFFFFFFFFFFFFFFFFFFFFFFFFFFF79
:10673000FFFFFFFFFFFFFFFFFFFFFFFFFFFFF8006F
:10674000000000000000000001FFF0000003FFFF58
:10675000FFFFFFFFFFFFFFFFFFFFFFFFFFFFFFFF49
:10676000FFFFFFFFFFFFFFFFFFFFFFFFF80000003D
:1067700000000000000001FFF0000003FFFFFFFF2A
:10678000FFFFFFFFFFFFFFFFFFFFFFFFFFFFFFFF19
:10679000FFFFFFFFFFFFFFFFFFFFF800000000000B
:1067A0000000000001FFF0000003FFFFFFFFFFFFFC
:1067B000FFFFFFFFFFFFFFFFFFFFFFFFFFFFFFFFE9
:1067C000FFFFFFFFFFFFFFFFF800000000000000D9
:1067D000000001FFF0000003FFFFFFFFFFFFFFFFCE
:1067E000FFFFFFFFFFFFFFFFFFFFFFFFFFFFFFFFB9
:1067F000FFFFFFFFFFFFF8000000000000000000A7
:1068000001FFF0000003FFFFFFFFFFFFFFFFFFFF9F
:10681000FFFFFFFFFFFFFFFFFFFFFFFFFFFFFFFF88
:10682000FFFFFFFFF800000000000000000001FF74
:10683000F0000003FFFFFFFFFFFFFFFFFFFFFFFF71
:10684000FFFFFFFFFFFFFFFFFFFFFFFFFFFFFFFF58
:10685000FFFFF800000000000000000001FFF00052
:106860000003FFFFFFFFFFFFFFFFFFFFFFFFFFFF33
:10687000FFFFFFFFFFFFFFFFFFFFFFFFFFFFFFFF28
:10688000F800000000000000000001FFF00000031D
:10689000FFFFFFFFFFFFFFFFFFFFFFFFFFFFFFFF08
:1068A000FFFFFFFFFFFFFFFFFFFFFFFFFFFFF800FE
:1068B000000000000000000001FFF0000003FFFFE7
:1068C000FFFFFFFFFFFFFFFFFFFFFFFFFFFFFFFFD8
:1068D000FFFFFFFFFFFFFFFFFFFFFFFFF8000000CC
:1068E00000000000000001FFF0000003FFFFFFFFB9
:1068F000FFFFFFFFFFFFFFFFFFFFFFFFFFFFFFFFA8
:10690000FFFFFFFFFFFFFFFFFFFFF8000000000099
:106910000000000001FFF0000003FFFFFFFFFFFF8A
:10692000FFFFFFFFFFFFFFFFFFFFFFFFFFFFFFFF77
:10693000FFFFFFFFFFFFFFFFF80000000000000067
:10694000000001FFF0000003FFFFFFFFFFFFFFFF5C
:10695000FFFFFFFFFFFFFFFFFFFFFFFFFFFFFFFF47
:10696000FFFFFFFFFFFFF800000000000000000035
:1069700001FFF0000003FFFFFFFFFFFFFFFFFFFF2E
:10698000FFFFFFFFFFFFFFFFFFFFFFFFFFFFFFFF17
:10699000FFFFFFFFF800000000000000000001FF03
:1069A000F0000003FFFFFFFFFFFFFFFFFFFFFFFF00
:1069B000FFFFFFFFFFFFFFFFFFFFFFFFFFFFFFFFE7
:1069C000FFFFF800000000000000000001FFF000E1
:1069D0000003FFFFFFFFFFFFFFFFFFFFFFFFFFFFC2
:1069E000FFFFFFFFFFFFFFFFFFFFFFFFFFFFFFFFB7
:1069F000F8000000FFFFFFFFFFFFFFFFF0000003B4
:106A0000FFFFFFFFFFFFFFFFFFFFFFFFFFFFFFFF96
:106A1000FFFFFFFFFFFFFFFFFFFFFFFFFFFFF8008C
:106A20000000FFFFFFFFFFFFFFFFF0000003FFFF7D
:106A3000FFFFFFFFFFFFFFFFFFFFFFFFFFFFFFFF66
:106A4000FFFFFFFFFFFFFFFFFFFFFFFFF80000005A
:106A5000FFFFFFFFFFFFFFFFF0000003FFFFFFFF4F
:106A6000FFFFFFFFFFFFFFFFFFFFFFFFFFFFFFFF36
:106A7000FFFFFFFFFFFFFFFFFFFFF8000000FFFF2A
:106A8000FFFFFFFFFFFFF0000003FFFFFFFFFFFF1F
:106A9000FFFFFFFFFFFFFFFFFFFFFFFFFFFFFFFF06
:106AA000FFFFFFFFFFFFFFFFF8000000FFFFFFFFFA
:106AB000FFFFFFFFF0000003FFFFFFFFFFFFFFFFEF
:106AC000FFFFFFFFFFFFFFFFFFFFFFFFFFFFFFFFD6
:106AD000FFFFFFFFFFFFF8000000FFFFFFFFFFFFCA
:106AE000FFFFF0000003FFFFFFFFFFFFFFFFFFFFBF
:106AF000FFFFFFFFFFFFFFFFFFFFFFFFFFFFFFFFA6
:106B0000FFFFFFFFF8000000FFFFFFFFFFFFFFFF99
:106B1000F0000003FFFFFFFFFFFFFFFFFFFFFFFF8E
:106B2000FFFFFFFFFFFFFFFFFFFFFFFFFFFFFFFF75
:106B3000FFFFF8000000FFFFFFFFFFFFFFFFF00077
:106B40000003FFFFFFFFFFFFFFFFFFFFFFFFFFFF50
:106B5000FFFFFFFFFFFFFFFFFFFFFFFFFFFFFFFF45
:106B6000F8000000FFFFFFFFFFFFFFFFF000000342
:106B7000FFFFFFFFFFFFFFFFFFFFFFFFFFFFFFFF25
:106B8000FFFFFFFFFFFFFFFFFFFFFFFFFFFFF8001B
:106B90000000FFFFFFFFFFFFFFFFF0000003FFFF0C
:106BA000FFFFFFFFFFFFFFFFFFFFFFFFFFFFFFFFF5
:106BB000FFFFFFFFFFFFFFFFFFFFFFFFF8000000E9
:106BC000FFFFFFFFFFFFFFFFF0000003FFFFFFFFDE
:106BD000FFFFFFFFFFFFFFFFFFFFFFFFFFFFFFFFC5
:106BE000FFFFFFFFFFFFFFFFFFFFF8000000FFFFB9
:106BF000FFFFFFFFFFFFF0000003FFFFFFFFFFFFAE
:106C0000FFFFFFFFFFFFFFFFFFFFFFFFFFFFFFFF94
:106C1000FFFFFFFFFFFFFFFFF8000000FFFFFFFF88
:106C2000FFFFFFFFF0000003FFFFFFFFFFFFFFFF7D
:106C3000FFFFFFFFFFFFFFFFFFFFFFFFFFFFFFFF64
:106C4000FFFFFFFFFFFFF8000000FFFFFFFFFFFF58
:106C5000FFFFF0000003FFFFFFFFFFFFFFFFFFFF4D
:106C6000FFFFFFFFFFFFFFFFFFFFFFFFFFFFFFFF34
:106C7000FFFFFFFFF8000000FFFFFFFFFFFFFFFF28
:106C8000F0000003FFFFFFFFFFFFFFFFFFFFFFFF1D
:106C9000FFFFFFFFFFFFFFFFFFFFFFFFFFFFFFFF04
:106CA000FFFFF8000000FFFFFFFFFFFFFFFFF00006
:106CB0000003FFFFFFFFFFFFFFFFFFFFFFFFFFFFDF
:106CC000FFFFFFFFFFFFFFFFFFFFFFFFFFFFFFFFD4
:106CD000F8000000FFFFFFFFFFFFFFFFF0000003D1
:106CE000FFFFFFFFFFFFFFFFFFFFFFFFFFFFFFFFB4
:106CF000FFFFFFFFFFFFFFFFFFFFFFFFFFFFF800AA
:106D00000000000000000000000000000003FFFF82
:106D1000FFFFFFFFFFFFFFFFFFFFFFFFFFFFFFFF83
:106D2000FFFFFFFFFFFFFFFFFFFFFFFFF800000077
:106D3000000000000000000000000003FFFFFFFF54
:106D4000FFFFFFFFFFFFFFFFFFFFFFFFFFFFFFFF53
:106D5000FFFFFFFFFFFFFFFFFFFFF8000000000045
:106D600000000000000000000003FFFFFFFFFFFF26
:106D7000FFFFFFFFFFFFFFFFFFFFFFFFFFFFFFFF23
:106D8000FFFFFFFFFFFFFFFFF80000000000000013
:106D90000000000000000003FFFFFFFFFFFFFFFFF8
:106DA000FFFFFFFFFFFFFFFFFFFFFFFFFFFFFFFFF3
:106DB000FFFFFFFFFFFFF8000000000000000000E1
:106DC000000000000003FFFFFFFFFFFFFFFFFFFFCA
:106DD000FFFFFFFFFFFFFFFFFFFFFFFFFFFFFFFFC3
:106DE000FFFFFFFFF80000000000000000000000AF
:106DF00000000003FFFFFFFFFFFFFFFFFFFFFFFF9C
:106E0000FFFFFFFFFFFFFFFFFFFFFFFFFFFFFFFF92
:106E1000FFFFF8000000000000000000000000007C
:106E20000003FFFFFFFFFFFFFFFFFFFFFFFFFFFF6D
:106E3000FFFFFFFFFFFFFFFFFFFFFFFFFFFFFFFF62
:106E4000F800000000000000000000000000000347
:106E5000FFFFFFFFFFFFFFFFFFFFFFFFFFFFFFFF42
:106E6000FFFFFFFFFFFFFFFFFFFFFFFFFFFFF80038
:106E70000000000000000000000000000003FFFF11
:106E8000FFFFFFFFFFFFFFFFFFFFFFFFFFFFFFFF12
:106E9000FFFFFFFFFFFFFFFFFFFFFFFFF800000006
:106EA000000000000000000000000003FFFFFFFFE3
:106EB000FFFFFFFFFFFFFFFFFFFFFFFFFFFFFFFFE2
:106EC000FFFFFFFFFFFFFFFFFFFFF80000000000D4
:106ED00000000000000000000003FFFFFFFFFFFFB5
:106EE000FFFFFFFFFFFFFFFFFFFFFFFFFFFFFFFFB2
:106EF000FFFFFFFFFFFFFFFFF800000000000000A2
:106F00000000000000000003FFFFFFFFFFFFFFFF86
:106F1000FFFFFFFFFFFFFFFFFFFFFFFFFFFFFFFF81
:106F2000FFFFFFFFFFFFF80000000000000000006F
:106F3000000000000003FFFFFFFFFFFFFFFFFFFF58
:106F4000FFFFFFFFFFFFFFFFFFFFFFFFFFFFFFFF51
:106F5000FFFFFFFFF800000000000000000000003D
:106F600000000003FFFFFFFFFFFFFFFFFFFFFFFF2A
:106F7000FFFFFFFFFFFFFFFFFFFFFFFFFFFFFFFF21
:106F8000FFFFF8000000000000000000000000000B
:106F90000003FFFFFFFFFFFFFFFFFFFFFFFFFFFFFC
:106FA000FFFFFFFFFFFFFFFFFFFFFFFFFFFFFFFFF1
:106FB000F8000000000000000000000000000003D6
:106FC000FFFFFFFFFFFFFFFFFFFFFFFFFFFFFFFFD1
:106FD000FFFFFFFFFFFFFFFFFFFFFFFFFFFFF800C7
:106FE0000000000000000000000000000003FFFFA0
:106FF000FFFFFFFFFFFFFFFFFFFFFFFFFFFFFFFFA1
:10700000FFFFFFFFFFFFFFFFFFFFFFFFF800000094
:10701000000000000000000000000003FFFFFFFF71
:10702000FFFFFFFFFFFFFFFFFFFFFFFFFFFFFFFF70
:10703000FFFFFFFFFFFFFFFFFFFFF8000000000062
:1070400000000000000000000003FFFFFFFFFFFF43
:10705000FFFFFFFFFFFFFFFFFFFFFFFFFFFFFFFF40
:10706000FFFFFFFFFFFFFFFFF80000000000000030
:107070000000000000000003FFFFFFFFFFFFFFFF15
:10708000FFFFFFFFFFFFFFFFFFFFFFFFFFFFFFFF10
:10709000FFFFFFFFFFFFF8000000000000000000FE
:1070A000000000000003FFFFFFFFFFFFFFFFFFFFE7
:1070B000FFFFFFFFFFFFFFFFFFFFFFFFFFFFFFFFE0
:1070C000FFFFFFFFF80000000000000000000000CC
:1070D00000000003FFFFFFFFFFFFFFFFFFFFFFFFB9
:1070E000FFFFFFFFFFFFFFFFFFFFFFFFFFFFFFFFB0
:1070F000FFFFF8000000000000000000000000009A
:107100000003FFFFFFFFFFFFFFFFFFFFFFFFFFFF8A
:10711000FFFFFFFFFFFFFFFFFFFFFFFFFFFFFFFF7F
:10712000F800000000000000000000000000000364
:10713000FFFFFFFFFFFFFFFFFFFFFFFFFFFFFFFF5F
:10714000FFFFFFFFFFFFFFFFFFFFFFFFFFFFF80055
:107150000000000000000000000000000003FFFF2E
:10716000FFFFFFFFFFFFFFFFFFFFFFFFFFFFFFFF2F
:10717000FFFFFFFFFFFFFFFFFFFFFFFFF800000023
:10718000000000000000000000000003FFFFFFFF00
:10719000FFFFFFFFFFFFFFFFFFFFFFFFFFFFFFFFFF
:1071A000FFFFFFFFFFFFFFFFFFFFFC0000000000ED
:1071B00000000000000000000003FFFFFFFFFFFFD2
:1071C000FFFFFFFFFFFFFFFFFFFFFFFFFFFFFFFFCF
:1071D000FFFFFFFFFFFFFFFFFFFFFFFFFFFFFFFFBF
:1071E000FFFFFFFFFFFFFFFFFFFFFFFFFFFFFFFFAF
:1071F000FFFFFFFFFFFFFFFFFFFFFFFFFFFFFFFF9F
:10720000FFFFFFFFFFFFFFFFFFFFFFFFFFFFFFFF8E
:10721000FFFFFFFFFFFFFFFFFFFFFFFFFFFFFFFF7E
:10722000FFFFFFFFFFFFFFFFFFFFFFFFFFFFFFFF6E
:10723000FFFFFFFFFFFFFFFFFFFFFFFFFFFFFFFF5E
:10724000FFFFFFFFFFFFFFFFFFFFFFFFFFFFFFFF4E
:10725000FFFFFFFFFFFFFFFFFFFFFFFFFFFFFFFF3E
:10726000FFFFFFFFFFFFFFFFFFFFFFFFFFFFFFFF2E
:10727000FFFFFFFFFFFFFFFFFFFFFFFFFFFFFFFF1E
:10728000FFFFFFFFFFFFFFFFFFFFFFFFFFFFFFFF0E
:10729000FFFFFFFFFFFFFFFFFFFFFFFFFFFFFFFFFE
:1072A000FFFFFFFFFFFFFFFFFFFFFFFFFFFFFFFFEE
:1072B000FFFFFFFFFFFFFFFFFFFFFFFFFFFFFFFFDE
:1072C000FFFFFFFFFFFFFFFFFFFFFFFFFFFFFFFFCE
:1072D000FFFFFFFFFFFFFFFFFFFFFFFFFFFFFFFFBE
:1072E000FFFFFFFFFFFFFFFFFFFFFFFFFFFFFFFFAE
:1072F000FFFFFFFFFFFFFFFFFFFFFFFFFFFFFFFF9E
:10730000FFFFFFFFFFFFFFFFFFFFFFFFFFFFFFFF8D
:10731000FFFFFFFFFFFFFFFFFFFFFFFFFFFFFFFF7D
:10732000FFFFFFFFFFFFFFFFFFFFFFFFFFFFFFFF6D
:10733000FFFFFFFFFFFFFFFFFFFFFFFFFFFFFFFF5D
:10734000FFFFFFFFFFFFFFFFFFFFFFFFFFFFFFFF4D
:10735000FFFFFFFFFFFFFFFFFFFFFFFFFFFFFFFF3D
:10736000FFFFFFFFFFFFFFFFFFFFFFFFFFFFFFFF2D
:10737000FFFFFFFFFFFFFFFFFFFFFFFFFFFFFFFF1D
:10738000FFFFFFFFFFFFFFFFFFFFFFFFFFFFFFFF0D
:10739000FFFFFFFFFFFFFFFFFFFFFFFFFFFFFFFFFD
:1073A000FFFFFFFFFFFFFFFFFFFFFFFFFFFFFFFFED
:1073B000FFFFFFFFFFFFFFFFFFFFFFFFFFFFFFFFDD
:1073C000FFFFFFFFFFFFFFFFFFFFFFFFFFFFFFFFCD
:1073D000FFFFFFFFFFFFFFFFFFFFFFFFFFFFFFFFBD
:1073E000FFFFFFFFFFFFFFFFFFFFFFFFFFFFFFFFAD
:1073F000FFFFFFFFFFFFFFFFFFFFFFFFFFFFFFFF9D
:10740000FFFFFFFFFFFFFFFFFFFFFFFFFFFFFFFF8C
:10741000FFFFFFFFFFFFFFFFFFFFFFFFFFFFFFFF7C
:10742000FFFFFFFFFFFFFFFFFFFFFFFFFFFFFFFF6C
:10743000FFFFFFFFFFFFFFFFFFFFFFFFFFFFFFFF5C
:10744000FFFFFFFFFFFFFFFFFFFFFFFFFFFFFFFF4C
:10745000FFFFFFFFFFFFFFFFFFFFFFFFFFFFFFFF3C
:10746000FFFFFFFFFFFFFFFFFFFFFFFFFFFFFFFF2C
:10747000FFFFFFFFFFFFFFFFFFFFFFFFFFFFFFFF1C
:10748000FFFFFFFFFFFFFFFFFFFFFFFFFFFFFFFF0C
:10749000FFFFFFFFFFFFFFFFFFFFFFFFFFFFFFFFFC
:1074A000FFFFFFFFFFFFFFFFFFFFFFFFFFFFFFFFEC
:1074B000FFFFFFFFFFFFFFFFFFFFFFFFFFFFFFFFDC
:1074C000FFFFFFFFFFFFFFFFFFFFFFFFFFFFFFFFCC
:1074D000FFFFFFFFFFFFFFFFFFFFFFFFFFFFFFFFBC
:1074E000FFFFFFFFFFFFFFFFFFFFFFFFFFFFFFFFAC
:1074F000FFFFFFFFFFFFFFFFFFFFFFFFFFFFFFFF9C
:10750000FFFFFFFFFFFFFFFFFFFFFFFFFFFFFFFF8B
:10751000FFFFFFFFFFFFFFFFFFFFFFFFFFFFFFFF7B
:10752000FFFFFFFFFFFFFFFFFFFFFFFFFFFFFFFF6B
:10753000FFFFFFFFFFFFFFFFFFFFFFFFFFFFFFFF5B
:10754000FFFFFFFFFFFFFFFFFFFFFFFFFFFFFFFF4B
:10755000FFFFFFFFFFFFFFFFFFFFFFFFFFFFFFFF3B
:10756000FFFFFFFFFFFFFFFFFFFFFFFFFFFFFFFF2B
:10757000FFFFFFFFFFFFFFFFFFFFFFFFFFFFFFFF1B
:10758000FFFFFFFFFFFFFFFFFFFFFFFFFFFFFFFF0B
:10759000FFFFFFFFFFFFFFFFFFFFFFFFFFFFFFFFFB
:1075A000FFFFFFFFFFFFFFFFFFFFFFFFFFFFFFFFEB
:1075B000FFFFFFFFFFFFFFFFFFFFFFFFFFFFFFFFDB
:1075C000FFFFFFFFFFFFFFFFFFFFFFFFFFFFFFFFCB
:1075D000FFFFFFFFFFFFFFFFFFFFFFFFFFFFFFFFBB
:1075E000FFFFFFFFFFFFFFFFFFFFFFFFFFFFFFFFAB
:1075F000FFFFFFFFFFFFFFFFFFFFFFFFFFFFFFFF9B
:10760000FFFFFFFFFFFFFFFFFFFFFFFFFFFFFFFF8A
:10761000FFFFFFFFFFFFFFFFFFFFFFFFFFFFFFFF7A
:10762000FFFFFFFFFFFFFFFFFFFFFFFFFFFFFFFF6A
:10763000FFFFFFFFFFFFFFFFFFFFFFFFFFFFFFFF5A
:10764000FFFFFFFFFFFFFFFFFFFFF00007800600C7
:107650007FF00FFC01FC01FF8003FFC003800300EB
:10766000FF007FE01CF000C018007007FF1FFF0044
:10767000FF00FFFFFFFFFFFFF000078006007F8392
:10768000C3FC00FE03FE0F03FFF007E00F807F80C6
:10769000FF8380F803F03C01F80FFF1FFF007F809D
:1076A000FFFFFFFFFFFFF07E07F03F83FF07E1FFD3
:1076B00080FF8FFC3F83FFF81FF81FE03FE3FF0FC1
:1076C000E0FE07F8FF07FE3FFE0FFFE03FC3FFFFAE
:1076D000FFFFFFFFF1FC07F03F83FE0FF0FFC07FCD
:1076E000CFF83FC3FFF81FF83FE01FF3FC1FF0FE89
:1076F00007F9FF07FF3FFE0FFFE03FE7FFFFFFFF38
:10770000FFFFF3FC0FF03F83FC1FF07FC03FCFF083
:107710007FE3FFF81FF83FE01FF3FC1FF8FF03F1C2
:10772000FF07FF3FFC0FFFE01FE7FFFFFFFFFFFF2B
:10773000F3F81FF03F83FC1FF83FC03FCFE07FF31B
:10774000FFF81FF83FE00FF3F83FF8FF03F3FF07E0
:10775000FF3FFC07FFE00FE7FFFFFFFFFFFFF3F036
:107760001FF03F83F81FF83FC81FCFE0FFF3FFF87B
:107770001FF83FE407F3F83FFCFF81E3FF07FF3FFB
:10778000FC07FFE407E7FFFFFFFFFFFFFFF03FF00D
:107790003F83F81FF81FC80FCFE0FFF3FFF81FF873
:1077A0003FE607F3F03FFCFF81E7FF07FF3FF903E8
:1077B000FFE607E7FFFFFFFFFFFFFFE03FF03F832C
:1077C000F83FF81FCC07CFC0FFFFFFF81FF83FE7D7
:1077D00003F3F03FFFFFC0C7FF07FF3FF903FFE6DA
:1077E00003E7FFFFFFFFFFFFFFE07FF03F83F03F76
:1077F000F81FCE07CF80FFFFFFF81FF83FE701F328
:10780000F03FFFFFE0CFFF07FF3FF381FFE701E716
:10781000FFFFFFFFFFFFFFC0FFF00003F03FF80F87
:10782000CE03CF80FFFFFFF81FF83FE780F3E03F74
:10783000FFFFE00FFF07FF3FF381FFE781E7FFFF57
:10784000FFFFFFFFFF80FFF00003F03FF80FCF01C5
:10785000CF80FFFFFFF81FF83FE7C0F3E03FFFFFD7
:10786000F01FFF07FF3FF3C0FFE7C0E7FFFFFFFF89
:10787000FFFFFF81FFF03F83F03FF80FCF81CF8004
:10788000F8003FF81FF83FE7C073E03C001FF01F0F
:10789000FF07FF3FE7C0FFE7C067FFFFFFFFFFFFF6
:1078A000FF01FFF03F83F03FF81FCF80CF80F8004B
:1078B0003FF81FF83FE7E033E03C001FF83FFF07C9
:1078C000FF3FE7C0FFE7E067FFFFFFFFFFFFFE03AB
:1078D000FFF03F83F03FF81FCFC04F80FF01FFF85C
:1078E0001FF83FE7F033F03FC0FFF83FFF07FF3FCF
:1078F000C0007FE7F027FFFFFFFFFFFFFE07FFF05D
:107900003F83F81FF81FCFE00F80FF83F8781FF840
:107910003FE7F803F03FC0FFF83FFF07FF3FC0001D
:107920007FE7F007FFFFFFFFFFFFFC07F7F03F8354
:10793000F81FF81FCFF00FC0FF83F0781FF83FE764
:10794000F803F03FE0FFF83FFF07FF3FCFF03FE7CE
:10795000F807FFFFFFFFFFFFFC0FE7F03F83F81F73
:10796000F83FCFF00FE0FF83F0781FF83FE7FC030C
:10797000F83FE0FFF83FFF07FF3F9FF03FE7FC07BE
:10798000FFFFFFFFFFFFF80FE7F03F83FC1FF03F13
:10799000CFF80FE07F83F0781FF83FE7FE03F83F52
:1079A000E0FFF83FFF07FF3F9FF81FE7FC07FFFFDF
:1079B000FFFFFFFFF01FC7F03F83FE0FF07FCFFCFC
:1079C0000FF07F83F0F81FF83FE7FE03FC1FC0FFB6
:1079D000F83FFF03FE7F3FF81FE7FE07FFFFFFFFB3
:1079E000FFFFE03F07F03F83FF0FE0FFCFFC0FF802
:1079F0003F03F1F83FF83FE7FF03FE0FC0FFF83FFA
:107A0000FF83FE7E3FF81FE7FF07FFFFFFFFFFFF3B
:107A1000E03C07E01F81FF87C1FFCFFE0FFC1E0384
:107A2000F9F03FF01FE3FF83FF0780FFF01FFFC166
:107A3000F8FC1FF80FC3FF87FFFFFFFFFFFFE00009
:107A4000078006007FE007FC01FF0FFF0003FC003A
:107A50007F8003007FC3FFC000FF8003FFE001F8C9
:107A600003C007007F87FFFFFFFFFFFFE0000780E5
:107A700006007FF83FFC01FFFFFFE0FFFE00FF80F4
:107A800003007FFFFFF000FF8003FFFC03F803C04B
:107A900007007F87FFFFFFFFFFFFFFFFFFFFFFFFE5
:107AA000FFFFFFFFFFFFFFFFFFFFFFFFFFFFFFFFE6
:107AB000FFFFFFFFFFFFFFFFFFFFFFFFFFFFFFFFD6
:107AC000FFFFFFFFFFFFFFFFFFFFFFFFFFFFFFFFC6
:107AD000FFFFFFFFFFFFFFFFFFFFFFFFFFFFFFFFB6
:107AE000FFFFFFFFFFFFFFFFFFFFFFFFFFFFFFFFA6
:107AF000FFFFFFFFFFFFFFFFFFFFFFFFFFFFFFFF96
:107B0000FFFFFFFFFFFFFFFFFFFFFFFFFFFFFFFF85
:107B1000FFFFFFFFFFFFFFFFFFFFFFFFFFFFFFFF75
:107B2000FFFFFFFFFFFFFFFFFFFFFFFFFFFFFFFF65
:107B3000FFFFFFFFFFFFFFFFFFFFFFFFFFFFFFFF55
:107B4000FFFFFFFFFFFFFFFFFFFFFFFFFFFFFFFF45
:107B5000FFFFFFFFFFFFFFFFFFFFFFFFFFFFFFFF35
:107B6000FFFFFFFFFFFFFFFFFFFFFFFFFFFFFFFF25
:107B7000FFFFFFFFFFFFFFFFFFFFFFFFFFFFFFFF15
:107B8000FFFFFFFFFFFFFFFFFFFFFFFFFFFFFFFF05
:107B9000FFFFFFFFFFFFFFFFFFFFFFFFFFFFFFFFF5
:107BA000FFFFFFFFFFFFFFFFFFFFFFFFFFFFFFFFE5
:107BB000FFFFFFFFFFFFFFFFFFFFFFFFFFFFFFFFD5
:107BC000FFFFFFFFFFFFFFFFFFFFFFFFFFFFFFFFC5
:107BD000FFFFFFFFFFFFFFFFFFFFFFFFFFFFFFFFB5
:107BE000FFFFFFFFFFFFFFFFFFFFFFFFFFFFFFFFA5
:107BF000FFFFFFFFFFFFFFFFFFFFFFFFFFFFFFFF95
:107C0000FFFFFFFFFFFFFFFFFFFFFFFFFFFFFFFF84
:107C1000FFFFFFFFFFFFFFFFFFFFFFFFFFFFFFFF74
:107C2000FFFFFFFFFFFFFFFFFFFFFFFFFFFFFFFF64
:107C3000FFFFFFFFFFFFFFFFFFFFFFFFFFFFFFFF54
:107C4000FFFFFFFFFFFFFFFFFFFFFFFFFFFFFFFF44
:107C5000FFFFFFFFFFFFFFFFFFFFFFFFFFFFFFFF34
:107C6000FFFFFFFFFFFFFFFFFFFFFFFFFFFFFFFF24
:107C7000FFFFFFFFFFFFFFFFFFFFFFFFFFFFFFFF14
:107C8000FFFFFFFFFFFFFFFFFFFFFFFFFFFFFFFF04
:107C9000FFFFFFFFFFFFFFFFFFFFFFFFFFFFFFFFF4
:107CA000FFFFFFFFFFFFFFFFFFFFFFFFFFFFFFFFE4
:107CB000FFFFFFFFFFFFFFFFFFFFFFFFFFFFFFFFD4
:107CC000FFFFFFFFFFFFFFFFFFFFFFFFFFFFFFFFC4
:107CD000FFFFFFFFFFFFFFFFFFFFFFFFFFFFFFFFB4
:107CE000FFFFFFFFFFFFFFFFFFFFFFFFFFFFFFFFA4
:107CF000FFFFFFFFFFFFFFFFFFFFFFFFFFFFFFFF94
:107D0000FFFFFFFFFFFFFFFFFFFFFFFFFFFFFFFF83
:107D1000FFFFFFFFFFFFFFFFFFFFFFFF000000006F
:107D2000000000000000000000000000FFFFFFFF57
:107D3000FFFFFFFFFFFFFFFFFFFFFFFFFFFFFFFF53
:107D4000FFFFFFFFFFFFFFFFFFFFFFFFFFFFFFFF43
:107D5000FFFFFFFFFFFFFFFFFFFFFFFFFFFFFFFF33
:107D6000FFFFFFFFFFFFFFFFFFFFFFFFFFFFFFFF23
:107D7000FFFFFFFFFFFFFFFFFFFFFFFFFFFFFFFF13
:107D8000FFFFFFFFFFFFFFFFFFFFFFFFFFFFFFFF03
:107D9000FFFFFFFFFFFFFFFFFFFFFFFFFFFFFFFFF3
:107DA000FFFFFFFFFFFFFFFFFFFFFFFFFFFFFFFFE3
:107DB000FFFFFFFFFFFFFFFFFFFFFFFFFFFFFFFFD3
:107DC000FFFFFFFFFFFFFFFFFFFFFFFFFFFFFFFFC3
:107DD000FFFFFFFFFFFFFFFFFFFFFFFFFFFFFFFFB3
:107DE000FFFFFFFFFFFFFFFFFFFFFFFFFFFFFFFFA3
:107DF000FFFFFFFF00000000000000000000000087
:107E00000000000000000000000000000000000072
:107E10000000000000000000000000000000000062
:107E20000000000000000000000000000000000052
:107E30000000000000000000000000000000000042
:107E40000000000000000000000000000000000032
:107E50000000000000000000000000000000000022
:107E60000000000000000000000000000000000012
:107E70000000000000000000000000000000000002
:107E800000000000000000000000000000000000F2
:107E900000000000000000000000000000000000E2
:107EA00000000000000000000000000000000000D2
:107EB00000000000000000000000000000000000C2
:107EC00000000000000000000000000000000000B2
:107ED00000000000000000000000000000000000A2
:107EE0000000000000000000000000000000000092
:107EF0000000000000000000000000000000000082
:107F00000000000000000000000000000000000071
:107F10000000000000000000000000000000000061
:107F20000000000000000000000000000000000051
:107F30000000000000000000000000000000000041
:107F40000000000000000000000000000000000031
:107F50000000000000000000000000000000000021
:107F60000000000000000000000000000000000011
:107F70000000000000000000000000000000000001
:107F800000000000000000000000000000000000F1
:107F900000000000000000000000000000000000E1
:107FA00000000000000000000000000000000000D1
:107FB00000000000000000000000000000000000C1
:107FC00000000000000000000000000000000000B1
:107FD00000000000000000000000000000000000A1
:107FE0000000000000000000000000FFFF87F87F95
:107FF000C00FE00FC07F801FD8000000003FFF814E
:10800000FFF80FC07F801FD80000000FF07F0FF037
:108010007F800F000FC07F800000000000FFFF87FF
:10802000F87FC03FF00FC07F803FF8000000003FA6
:10803000FF81FFF80FC07F803FF80000000FF07F46
:108040000FF07F800F000FC07F800000000000FC59
:108050000F03E01F007C7803E00E0078F8000000BA
:108060000001F0000F8003E00E0078F80000000728
:10807000E03E07C01E000F0003E00E0000000000FD
:1080800001F01F01E00E00783C03E00C00F07800E6
:1080900000000001E0000F0003E00C00F078000099
:1080A0000003C01C03C00C000F8003E00C000000A4
:1080B000000001E01E01E00E00F01E03F00C01E0E4
:1080C0003C0000000001E0000F0003F00C01E03C68
:1080D00000000001E01803C00C001F8003F00C003A
:1080E0000000000001C03E01E00E00F01E03F00C95
:1080F00001E01C0000000001E0000F0003F00C0193
:10810000E01C00000001E03803C00C001F8003F0F9
:108110000C000000000003803C01E00E01E00F03B2
:10812000F00C03C01C0000000001E0000F0003F091
:108130000C03C01C00000001E03803C00C001F80CD
:1081400003F00C000000000003807C01E00E01E061
:108150000F03780C03C00C0000000001E0000F00CA
:1081600003780C03C00C00000000F03003C00C00CA
:108170001BC003780C000000000000007801E00E36
:1081800003E00F03780C07800C0000000001E00002
:108190000F0003780C07800C00000000F07003C093
:1081A0000C003BC003780C00000000000000F80148
:1081B000E00E03C007837C0C078000000000000174
:1081C000E0000F00037C0C07800000000000F0704E
:1081D00003C00C003BC0037C0C000000000000004A
:1081E000F001E00E03C007833C0C07800000000094
:1081F0000001E0000F00033C0C07800000000000BD
:10820000786003C00C003BC0033C0C000000000081
:108210000001F001E00E03C007833E0C0780000060
:1082200000000001E0000F00033E0C07800000008A
:10823000000078E003C00C0031C0033E0C000000D9
:1082400000000001E001E00E03C007831E0C0F00D8
:10825000000000000001E0000F00031E0C0F0000F2
:108260000000000078C003C00C0071E0031E0C0089
:10827000000000000003E001E00E03C007831F0CB4
:108280000F00000000000001E0000F00031F0C0FB2
:108290000000000000003CC003C00C0071E0031FA0
:1082A0000C00000000000003C001E00E03C00783C3
:1082B0000F0C0F00000000000001E0000F00030F92
:1082C0000C0F0000000000003DC003C00C0071E076
:1082D000030F0C00000000000003C001FFFE03C0FC
:1082E00007830F8C0F00000000000001E0000F006A
:1082F000030F8C0F0000000000003D8003C00C0045
:1083000061E0030F8C000000000000078001FFFE09
:1083100003C00783078C0F00000000000001E0008D
:108320000F0003078C0F0000000000001F8003C037
:108330000C0060E003078C000000000000078001D3
:10834000E00E03C0078307CC0F000000000000010F
:10835000E0000F000307CC0F0000000000001F80AA
:1083600003C00C00E0F00307CC0000000000000F89
:108370000001E00E03C0078303CC0F01FF80000063
:108380000001E0000F000303CC0F01FF800000009C
:108390001F0003C00C00E0F00303CC00000000004D
:1083A000000F0001E00E03C0078303EC0F01FF8004
:1083B00000000001E0000F000303EC0F01FF80004C
:1083C00000000F0003C00C00FFF00303EC000000EE
:1083D0000000001E0001E00E03C0078303EC0F0045
:1083E0007E0000000001E0000F000303EC0F007EA0
:1083F000000000000F0003C00C00FFF00303EC00BE
:1084000000000000001E0001E00E03C0078301EC25
:108410000F803C0000000001E0000F000301EC0FA2
:10842000803C000000000F0003C00C01C078030175
:10843000EC0000000000003C0001E00E03C00783D8
:1084400001FC07803C0000000001E0000F00030178
:10845000FC07803C000000000F0003C00C01C07846
:108460000301FC0000000000003C0001E00E03C01E
:10847000078300FC07803C0000000001E0000F00C3
:108480000300FC07803C000000000F0003C00C014B
:10849000C0780300FC0000000000007C0001E00E3A
:1084A00003C0078300FC07803C0000000001E000DF
:1084B0000F000300FC07803C000000000F0003C019
:1084C0000C0180780300FC0000000000007803012C
:1084D000E00E01E00F03007C07803C00000000017B
:1084E000E0000F0003007C07803C000000000F004C
:1084F00003C00C01807803007C000000000000F83D
:108500000301E00E01E00F03007C03C03C0000000B
:108510000001E0000F0003007C03C03C00000000ED
:108520000F0003C00C03803C03007C00000000002F
:1085300000F00701E00E01E00F03003C03C03C0027
:1085400000000001E0000F0003003C03C03C0000FD
:1085500000000F0003C01C03803C03003C0000002F
:10856000000001F00701E00E00F01E03003C03E0F4
:108570003C0000000001E0000F0003003C03E03C71
:10858000000000000F0003C01C03803C03003C00FF
:108590000000000001E00F01E00E00701C03001C51
:1085A00001E03C0000000001E0000F0003001C019E
:1085B000E03C000000000F0001E03803003C030035
:1085C0001C000000000003E01E01E01F00783C03D7
:1085D000001C00F07C0000000001E0000F00030020
:1085E0001C00F07C000000000F0001F07807803EC6
:1085F00003001C000000000003FFFE07F87FC03FDF
:10860000F81FE01C00FFFC0000000001E001FFF883
:108610001FE01C00FFFC000000007FE000FFF01FD7
:10862000E0FF9FE01C000000000003FFFE07F87F52
:10863000C01FF01FE00C003FE00000000301E0015C
:10864000FFF81FE00C003FE0000000007FE0007F2B
:10865000C01FE0FF9FE00C000000000000000000D1
:108660000000000380000000000F000000000781F0
:10867000E0000000000000000F000000000000000B
:10868000000F0000000000000000000000000000DB
:1086900000000000000000000000000000000000DA
:1086A0000783C00000000000000000000000000080
:1086B00000000000000000000000000000000000BA
:1086C00000000000000000000000000000000000AA
:1086D00000000783C0000000000000000000000050
:1086E000000000000000000000000000000000008A
:1086F000000000000000000000000000000000007A
:1087000000000000078F8000000000000000000053
:108710000000000000000000000000000000000059
:108720000000000000000000000000000000000049
:1087300000000000000007FF000000000000000033
:108740000000000000000000000000000000000029
:108750000000000000000000000000000000000019
:10876000000000000000000003FC0000000000000A
:1087700000000000000000000000000000000000F9
:1087800000000000000000000000000000000000E9
:1087900000000000000000000000000000000000D9
:1087A00000000000000000000000000000000000C9
:1087B00000000000000000000000000000000000B9
:1087C00000000000000000000000000000000000A9
:1087D0000000000000000000000000000000000099
:1087E0000000000000000000000000000000000089
:1087F0000000000000000000000000000000000079
:108800000000000000000000000000000000000068
:108810000000000000000000000000000000000058
:108820000000000000000000000000000000000048
:108830000000000000000000000000000000000038
:108840000000000000000000000000000000000028
:108850000000000000000000000000000000000018
:108860000000000000000000000000000000000008
:1088700000000000000000000000000000000000F8
:1088800000000000000000000000000000000000E8
:1088900000000000000000000000000000000000D8
:1088A00000000000000000000000000000000000C8
:1088B00000000000000000000000000000000000B8
:1088C00000000000000000000000000000000000A8
:1088D0000000000000000000000000000000000098
:1088E00000000000FFFFFFFFFFFFFFFFFFFFFFFF94
:1088F000FFFFFFFFFFFFFFFFFFFFFFFFFFFFFFFF88
:10890000FFFFFFFFFFFFFFFFFFFFFFFFFFFFFFFF77
:10891000FFFFFFFFFFFFFFFFFFFFFFFFFFFFFFFF67
:10892000FFFFFFFFFFFFFFFFFFFFFFFFFFFFFFFF57
:10893000FFFFFFFFFFFFFFFFFFFFFFFFFFFFFFFF47
:10894000FFFFFFFFFFFFFFFFFFFFFFFFFFFFFFFF37
:10895000FFFFFFFFFFFFFFFFFFFFFFFFFFFFFFFF27
:10896000FFFFFFFFFFFFFFFFFFFFFFFFFFFFFFFF17
:10897000FFFFFFFFFFFFFFFFFFFFFFFFFFFFFFFF07
:10898000FFFFFFFFFFFFFFFFFFFFFFFFFFFFFFFFF7
:10899000FFFFFFFFFFFFFFFFFFFFFFFFFFFFFFFFE7
:1089A000FFFFFFFFFFFFFFFFFFFFFFFF00000000D3
:1089B00000000000000000000000000000000000B7
:1089C00000000000000000000000000000000000A7
:1089D0000000000000000000000000000000000097
:1089E0000000000000000000000000000000000087
:1089F0000000000000000000000000000000000077
:108A00000000000000000000000000000000000066
:108A10000000000000000000000000000000000056
:108A20000000000000000000000000000000000046
:108A30000000000000000000000000000000000036
:108A40000000000000000000000000000000000026
:108A50000000000000000000000000000000000016
:108A60000000000000000000000000000000000006
:108A700000000000000000000000000000000000F6
:108A800000000000000000000000000000000000E6
:108A900000000000000000000000000000000000D6
:108AA000000000000000FFFFFFFFFFFFFFFFFFFFD0
:108AB000FFFFFFFFFFFFFFFFFFFFFFFFFFFFFFFFC6
:108AC000FFFFFFFFFFFFFFFFFFFFFFFFFFFFFFFFB6
:108AD000FFFFFFFFFFFFFFFFFFFFFFFFFFFFFFFFA6
:108AE000FFFFFFFFFFFFFFFFFFFFFFFFFFFFFFFF96
:108AF000FFFFFFFFFFFFFFFFFFFFFFFFFFFFFFFF86
:108B0000FFFFFFFFFFFFFFFFFFFFFFFFFFFFFFFF75
:108B1000FFFFFFFFFFFFFFFFFFFFFFFFFFFFFFFF65
:108B2000FFFFFFFFFFFFFFFFFFFFFFFFFFFFFFFF55
:108B3000FFFFFFFFFFFFFFFFFFFFFFFFFFFFFFFF45
:108B4000FFFFFFFFFFFFFFFFFFFFFFFFFFFFFFFF35
:108B5000FFFFFFFFFFFFFFFFFFFFFFFFFFFFFFFF25
:108B6000FFFFFFFFFFFFFFFFFFFFFFFFFFFFFFFF15
:108B7000FFFFFFFFFFFFFFFFFFFFFFFFFFFFFFFF05
:108B8000FFFFFFFFFFFFFFFFFFFFFFFFFFFFFFFFF5
:108B9000FFFFFFFFFFFFFFFFFFFFFFFFFFFFFFFFE5
:108BA000FFFFFFFFFFFFFFFFFFFFFFFFFFFFFFFFD5
:108BB000FFFFFFFFFFFFFFFFFFFFFFFFFFFFFFFFC5
:108BC000FFFFFFFFFFFFFFFFFFFFFFFFFFFFFFFFB5
:108BD000FFFFFFFFFFFFFFFFFFFFFFFFFFFFFFFFA5
:108BE000FFFFFFFFFFFFFFFFFFFFFFFFFFFFFFFF95
:108BF000FFFFFFFFFFFFFFFFFFFFFFFFFFFFFFFF85
:108C0000FFFFFFFFFFFFFFFFFFFFFFFFFFFFFFFF74
:108C1000FFFFFFFFFFFFFFFFFFFFFFFFFFFFFFFF64
:108C2000FFFFFFFFFFFFFFFFFFFFFFFFFFFFFFFF54
:108C3000FFFFFFFFFFFFFFFFFFFFFFFFFFFFFFFF44
:108C4000FFFFFFFFFFFFFFFFFFFFFFFFFFFFFFFF34
:108C5000FFFFFFFFFFFFFFFFFFFFFFFFFFFFFFFF24
:108C6000FFFFFFFFFFFFFFFFFFFFFFFFFFFFFFFF14
:108C7000FFFFFFFFFFFFFFFFFFFFFFFFFFFFFFFF04
:108C8000FFFFFFFFFFFFFFFFFFFFFFFFFFFFFFFFF4
:108C9000FFFFFFFFFFFFFFFFFFFFFFFFFF000000E1
:108CA00000000000000000000000000000000000C4
:108CB0000000000000007FFFFFFFFFFFFFFFFFFF3E
:108CC000FFFFFFFFFFFFFFFFFFFFFFFFFFFFF000C2
:108CD0000000000000000000000000000000000094
:108CE000000000000000000007FFFFFFFFFFFFFF84
:108CF000FFFFFFFFFFFFFFFFFFFFFFFFFFFFFFFF84
:108D0000EFFFFFFFFFFFFFFFFFFFFFFFFFFFFFFF83
:108D1000FFFFFFFFFFFFFFFFFFFFFBFFFFFFFFFF67
:108D2000FFFFFFFFFFFFFFFFFFFFFFFFFFFFFFFF53
:108D3000FFFFDFFFFFFFFFFFFFFFFFFFFFFFFFFF63
:108D4000FFFFFFFFFFFFFFFFFFFFFFFFFDFFFFFF35
:108D5000FFFFFFFFFFFFFFFFFFFFFFFFFFFFFFFF23
:108D6000FFFFFFFFBFFFFFFFFFFFFFFFFFFFFFFF53
:108D7000FFFFFFFFFFFFFFFFFFFFFFFFFFFFFEFF04
:108D8000FFFFFFFFFFFFFFFFFFFFFFFFFFFFFFFFF3
:108D9000FFFFFFFFFFFFBFFFFFFFFFFFFFFFFFFF23
:108DA000FFFFFFFFFFFFFFFFFFFFFFFFFFFFFFFFD3
:108DB000FEFFFFFFFFFFFFFFFFFFFFFFFFFFFFFFC4
:108DC000FFFFFFFFFFFFFFFFBFFFFFFFFFFFFFFFF3
:108DD000FFFFFFFFFFFFFFFFFFFFFFFFFFFFFFFFA3
:108DE000FFFFFEFFFFFFFFFFFFFFFFFFFFFFFFFF94
:108DF000FFFFFFFFFFFFFFFFFFFFBFFFFFFFFFFFC3
:108E0000FFFFFFFFFFFFFFFFFFFFFFFFFFFFFFFF72
:108E1000FFFFFFFFFEFFFFFFFFFFFFFFFFFFFFFF63
:108E2000FFFFFFFFFFFFFFFFFFFFFFFF3FFFFFFF12
:108E3000FFFFFFFFFFFFFFEFFFFFFFFFFFFFFFFF52
:108E4000FFFFFFFFFFFFFE7FFFFFFFFFFFFFFFFFB3
:108E5000FFFFFFFFFFFFFFFFFFFFFFFFFFFF3FF3EE
:108E6000FFFFF07F807FFFFFFF8FFFFFF800FFFF16
:108E7000003FFFFFFFFFFFFFFE7FFFFFFFFFFFFF42
:108E8000FFFFFFFFFFFFFFFFFFFFFFFFFFFFFFFFF2
:108E90003FF3FFFFCF1FF3FFFFFFFFCFFFFFFCFC00
:108EA000FFFFCF8FFFFFFFFFFFFFFE7FFFFFFFFFF3
:108EB000FFFFFFFFFFFFFFFFFFFFFFFFFFFFFFFFC2
:108EC000FFFF3FE3FFFFBF8FF3FFFFFFFFCFFFFF7A
:108ED000FCFE7FFFCFCFFFFFFFFFFFFFFE7FFFFF07
:108EE000FFFFFFFFFFFFFFFFFFFFFFFFFFFFFFFF92
:108EF000FFFFFFFF3FC3FFFFBFCFF3FFFFFFFFCF2A
:108F0000FFFFFCFF7FFFCFE7FFFFFFFFFFFFFE7FBD
:108F1000FFFFFFFFFFFFFFFFFFFFFFFFFFFFFFFF61
:108F2000FFFFFFFFFFFF3FD3FFFF9FCFF3FFFFFFD9
:108F3000FFCFFFFFFCFFFFFFCFE7FFFFFFFFFFFFBC
:108F4000FE7FFFFFFFFFFFFFFFFFFFFFFFFFFFFFB2
:108F5000FFFFFFFFFFFFFFFF3FB3FFFF9FCFF3FFC9
:108F6000FFFFFFCFFFFFFCFBFFFFCFE7FFFFFFFF90
:108F7000FFFFFE7FFFFFFFFFFFFFFFFFFFFFFFFF82
:108F8000FFFFFFFFFFFFFFFFFFFF3FB3FFFFFFCF2D
:108F9000F3FEC1FE1FCC1FFFFCFBFFFFCFE7C1FEAE
:108FA000C3FE1FF38E7FFFFFFFFFFFFFFFFFFFFFEB
:108FB000FFFFFFFFFFFFFFFFFFFFFFFF3F73FFFF0D
:108FC000FF9FF3F8B8FCE7CB8FFFFCF3FFFFCFCF99
:108FD000BC70B8FCE783667FFFFFFFFFFFFFFFFF6A
:108FE000FFFFFFFFFFFFFFFFFFFFFFFFFFFF3EF35E
:108FF000FFFFFF3FF3FC7CF9E7C7CFFFFC03E00175
:10900000CF8F3E7C7CF9F7F2E67FFFFFFFFFFFFF8B
:10901000FFFFFFFFFFFFFFFFFFFFFFFFFFFFFFFF60
:109020003EF3FFFFFE7FF3FCFCF3E7CFCFFFFCF343
:10903000FFFFC03F3E7CFE73F3F1FE7FFFFFFFFFAB
:10904000FFFFFFFFFFFFFFFFFFFFFFFFFFFFFFFF30
:10905000FFFF3DF3FFFFFCFFF3FCFCF3FFCFCFFF6F
:10906000FCFBFFFFCFFFF87CFE73F3F3FE7FFFFFF7
:10907000FFFFFFFFFFFFFFFFFFFFFFFFFFFFFFFF00
:10908000FFFFFFFF3BF3FFFFF9FFF3FCFCF3FFCF14
:10909000CFFFFCFBFFFFCFFF867CFE7003F3FE7F5C
:1090A000FFFFFFFFFFFFFFFFFFFFFFFFFFFFFFFFD0
:1090B000FFFFFFFFFFFF38007FFFF3FFF3FCFCF330
:1090C000FFCFCFFFFCFFFFFFCFFF3E7CFE73FFF320
:1090D000FE7FFFFFFFFFFFFFFFFFFFFFFFFFFFFF21
:1090E000FFFFFFFFFFFFFFFF3FF3FFFFE7EFF3FC93
:1090F000FCF3FFCFCFFFFCFF7FFFCFFE7E7CFE7334
:10910000FFF3FE7FFFFFFFFFFFFFFFFFFFFFFFFFFC
:10911000FFFFFFFFFFFFFFFFFFFF3FF3FFFFCFEF6B
:10912000F3FCFCF3FBCFCFFFFCFF7FFFCFFE7E7C89
:10913000FE73FBF3FE7FFFFFFFFFFFFFFFFFFFFF5D
:10914000FFFFFFFFFFFFFFFFFFFFFFFF3FF3F1FF09
:109150009FCFF3FCFCF9FBCFCFFFFCFEFFFFCFFE60
:109160007E5CFCF9FBF3FE7FFFFFFFFFFFFFFFFFCD
:10917000FFFFFFFFFFFFFFFFFFFFFFFFFFFF3FF3CB
:10918000F1FF800FF3FCFCFCF7CFCFFFFCFCFFFFEF
:10919000CFFE385C79FCF7F3FE7FFFFFFFFFFFFF98
:1091A000FFFFFFFFFFFFFFFFFFFFFFFFFFFFFFFFCF
:1091B0003F8071FF801F8078787E0F8787FFF000E7
:1091C000FFFF03FF873C83FE0F807E7FFFFFFFFFD3
:1091D000FFFFFF00FFFFFFFFFFFFFFFFFFFFFFFF9E
:1091E000FFFF3FFFFFFFFFFFFFFFFFFFFFFFFFFF4F
:1091F000FFFFFFFFFFFFFFFCFFFFFFFFFE7FFFFF03
:10920000FFFFFFFFC0001FFFFFFFFFFFFFFFFFFF8C
:10921000FFFFFFFF3FFFFFFFFFFFFFFFFFFFFFFF1E
:10922000FFFFFFFFFFFFFFFFFFFCFFFFFFFFFE7FD2
:10923000FFFFFFFFFFFC000007FFFFFFFFFFFFFF37
:10924000FFFFFFFFFFFF3FFFFFFFFFFFFFFFFFFFEE
:10925000FFFFFFFFFFFFFFFFFFFFFFF03FFFFFFFED
:10926000FE7FFFFFFFFFFFE0000003FFFFFFFFFFA8
:10927000FFFFFFFFFFFFFFFF3FFFFFFFFFFFFFFFBE
:10928000FFFFFFFFFFFFFFFFFFFFFFFFFFFFFFFFEE
:10929000FFFFFE7FFFFFFFFFFE00000001FFFFFF5B
:1092A000FFFFFFFFFFFFFFFFFFFF3FFFFFFFFFFF8E
:1092B000FFFFFFFFFFFFFFFFFFFFFFFFFFFFFFFFBE
:1092C000FFFFFFFFFE7FFFFFFFFFE0000000007FCA
:1092D000FFFFFFFFFFFFFFFFFFFFFFFFBFFFFFFFDE
:1092E000FFFFFFFFFFFFFFFFFFFFFFFFFFFFFFFF8E
:1092F000FFFFFFFFFFFFFEFFFFFFFFFE000000007C
:10930000000FFFFFFFFFFFFFFFFFFFFFFFFFBFFF9C
:10931000FFFFFFFFFFFFFFFFFFFFFFFFFFFFFFFF5D
:10932000FFFFFFFFFFFFFFFFFEFFFFFFFFF000005B
:1093300000000003FFFFFFFFFFFFFFFFFFFFFFFF36
:10934000BFFFFFFFFFFFFFFFFFFFFFFFFFFFFFFF6D
:10935000FFFFFFFFFFFFFFFFFFFFFEFFFFFFFF001D
:10936000000000000001FFFFFFFFFFFFFFFFFFFF06
:10937000FFFFBFFFFFFFFFFFFFFFFFFFFFFFFFFF3D
:10938000FFFFFFFFFFFFFFFFFFFFFFFFFEFFFFFFEE
:10939000F000000000000000FFFFFFFFFFFFFFFFE5
:1093A000FFFFFFFFDFFFFFFFFFFFFFFFFFFFFFFFED
:1093B000FFFFFFFFFFFFFFFFFFFFFFFFFFFFFDFFBF
:1093C000FFFF00000000000000001FFFFFFFFFFF85
:1093D000FFFFFFFFFFFFEFFFFFFFFFFFFFFFFFFFAD
:1093E000FFFFFFFFFFFFFFFFFFFFFFFFFFFFFFFF8D
:1093F000FBFFFFF8000000000000000007FFFFFF78
:10940000FFFFFFFFFFFFFFFFF00000000000000074
:10941000000000000000000000000000000000004C
:10942000000007FFFFF0000000000000000003FF45
:10943000FFFFFFFFFFFFFFFFFFFFFF000000000037
:10944000000000000000000000000000000000001C
:10945000000000007FFFFFE00000000000000000AF
:1094600001FFFFFFFFFFFFFFFFFFFFFFFFFFFFFF0A
:10947000FFFFFFFFFFFFFFFFFFFFFFFFFFFFFFFFFC
:10948000FFFFFFFFFFFFFFFFFFC000000000000025
:109490000000003FFFFFFFFFFFFFFFFFFFFFFFFF99
:1094A000FFFFFFFFFFFFFFFFFFFFFFFFFFFFFFFFCC
:1094B000FFFFFFFFFFFFFFFFFFFFFF800000000037
:1094C00000000000000FFFFFFFFFFFFFFFFFFFFF97
:1094D000FFFFFFFFFFFFFFFFFFFFFFFFFFFFFFFF9C
:1094E000FFFFFFFFFFFFFFFFFFFFFFFFFF80000009
:1094F0000000000000000007FFFFFFFFFFFFFFFF6D
:10950000FFFFFFFFFFFFFFFFFFFFFFFFFFFFFFFF6B
:10951000FFFFFFFFFFFFFFFFFFFFFFFFFFFFFF80DA
:1095200000000000000000000003FFFFFFFFFFFF3E
:10953000FFFFFFFFFFFFFFFFFFFFFFFFFFFFFFFF3B
:10954000FFFFFFFFFFFFFFFFFFFFFFFFFFFFFFFF2B
:10955000FF8001F800000000000000007FFFFFFF17
:10956000FFFFFFFFFFFFFFFFFFFFFFFFFFFFFFFF0B
:10957000FFFFFFFFFFFFFFFFFFFFFFFFFFFFFFFFFB
:10958000FFFFFF0003FE00000000000000001FFFBF
:10959000FFFFFFFFFFFFFFFFFFFFFFFFFFFFFFFFDB
:1095A000FFFFFFFFFFFFFFFFFFFFFFFFFFFFFFFFCB
:1095B000FFFFFFFFFF8007FF00000000000000002A
:1095C0000FFFFFFFFFFFFFFFFFFFFFFFFFFFFFFF9B
:1095D000FFFFFFFFFFFFFFFFFFFFFFFFFFFFFFFF9B
:1095E000FFFFFFFFFFFFFF800FFF000000000000F4
:1095F000000003FFFFFFFFFFFFFFFFFFFFFFFFFF75
:10960000FFFFFFFFFFFFFFFFFFFFFFFFFFFFFFFF6A
:10961000FFFFFFFFFFFFFFFFFF800FFF8000000045
:109620000000000000FFFFFFFFFFFFFFFFFFFF0044
:10963000000000000000000000000000000000002A
:1096400000000000000000007FFFFFC01FFF80003F
:10965000FC000000000000FFFFFFFFFFFFFFFFFF17
:10966000F00000000000000000000000000000000A
:109670000000000000000000000007FFFFC00FFF17
:109680008007FF0000000000003FFFFFFFFFFFFF1B
:10969000FFFFEFFFFFFFFFFFFFFFFFFFFFFFFFFFEA
:1096A000FFFFFFFFFFFFFFFFFFFFFFFFFBFFFFC00D
:1096B0001FFF800FFFC000000000000FFFFFFFFF33
:1096C000FFFFFFFFDFFFFFFFFFFFFFFFFFFFFFFFCA
:1096D000FFFFFFFFFFFFFFFFFFFFFFFFFFFFFDFF9C
:1096E000FFC01FFF801FFFE0000000000003FFFF1E
:1096F000FFFFFFFFFFFFBFFFFFFFFFFFFFFFFFFFBA
:10970000FFFFFFFFFFFFFFFFFFFFFFFFFFFFFFFF69
:10971000FEFFFFE00FFF001FFFF800000000000148
:10972000FFFFFFFFFFFFFFFFBFFFFFFFFFFFFFFF89
:10973000FFFFFFFFFFFFFFFFFFFFFFFFFFFFFFFF39
:10974000FFFFFEFFFFE007FF001F03FC000000001B
:1097500000007FFFFFFFFFFFFFFFBFFFFFFFFFFFD7
:10976000FFFFFFFFFFFFFFFFFFFFFFFFFFFFFFFF09
:10977000FFFFFFFFFEFFFFE003FE003E00FC0000D6
:10978000000000001FFFFFFFFFFFFFFFBFFFFFFF05
:10979000FFFFFFFFFFFFFFFFFFFFFFFFFFFFFFFFD9
:1097A000FFFFFFFFFFFFFEFFFFE001FC003E007C2C
:1097B00000000000000007FFFFFFFFFFFFFF3FFF6B
:1097C000FFFFFFFFFFFFFFFFFFFFFFFFFFFFFFFFA9
:1097D000FFFFFFFFFFFFFFFFFE7FFFF00000003EE7
:1097E000003800000000000003FFFFFFFFFFFFFF45
:1097F0003FFFFFFFFFFFFFFFFFFFFFFFFFFFFFFF39
:10980000FFFFFFFFFFFFFFFFFFFFFE7FFFF00000F6
:10981000003E001800000000000000FFFFFFFFFFF7
:10982000FFFF3FFFFFFFFFFFFFFFFFFFFFFFFE1FE9
:10983000FFFFFFFFFFFFFFFFFFFFFFFFFE7FFFF0C8
:109840000000003F0010000000000000003FFFFF8C
:10985000FFFFFFFF3FFF007C0FFFBFFC1E041FFF49
:10986000FCCFFFFE10C43C3C03E007001FFFFE7F5F
:10987000FFF00000001F8000000000000000000F4B
:10988000FFFFFFFFFFFF3FFF9F3F3FFF1FF9E79FE6
:109890007FFFF9CFFFFF39EE7E7F9FEE779F9FFF1F
:1098A000FE7FFFF80000001F8000000000000000A5
:1098B0000007FFFFFFFFFFFF3FFF9F9F3FFF1FF3DB
:1098C000F39EFFFFF9CFFFFF39EE7E7F9FDE7B9F88
:1098D000CFFFFE7FFFF80000000FC0000030000047
:1098E00000000001FFFFFFFFFFFF3FFF9F9F3FFFC3
:1098F0005FE7FB9EFFFFF9CFFFFF3DDE7E7F9FDE30
:109900007B9FEFFFFE7FFFF80000000FC000007894
:109910000000000000007FFFFFFFFFFF3FFF9F9F51
:109920003FFEDFE7FB9DFFFFF9CFFFFFBDDE7E7F40
:109930009FFE7F9FFFFFFE7FFFFC00000007E0000F
:1099400000FE0000000000001FFFFFFFFFFF3FFFC1
:109950009F9F3FFECFCFFF9BFFFFF99FFFFFB9DE29
:109960007E7F9FFE7F9F7FFFFE7FFFFC0000000742
:10997000F00003FE00000000000007FFFFFFFFFFF4
:109980003FFF9F3F3FFECFCFFF9BFFFFF83FFFFF13
:10999000B8DE7E7F9FFE7F9F7FFFFE7FFFFC000083
:1099A0000003F00007FE00000000000003FFFFFFBF
:1099B000FFFF3FFF9E7F3FFEEFCFFF93FFFFFCE0E7
:1099C000FFFF98DE7E7F9FFE7F9E7FFFFE7FFFFC76
:1099D00000001001F8000FFC00000000000000FF74
:1099E000FFFFFFFF3FFF80FF3FFDEFCFFF89FFFF3E
:1099F000F8FBFFFF98DE007F9FFE7F807FFFFE7FEA
:109A0000FFFE00003801F8001FFE0000000000000B
:109A1000003FFFFFFFFF3FFF9F3F3FFDE7CFFF8975
:109A2000FFFFF67BFFFF96BE7E7F9FFE7F9E7FFF40
:109A3000FE7FFFFE00003800F8003FBE000000007F
:109A40000000000FFFFFFFFF3FFF9F9F3FFC07CF7E
:109A5000FF9CFFFFF67BFFFFD6BE7E7F9FFE7F9FB2
:109A60007FFFFE7FFFFE00007C00FC007F3C0000CB
:109A7000000000000007FFFFFFFF3FFF9FCF3FFDFB
:109A8000F7CFFF9CFFFFE73BFFFFD6BE7E7F9FFE29
:109A90007F9F7FFFFE7FFFFE00007E00F801FC7EBF
:109AA0000000000000000003FFFFFFFF3FFF9FCF0B
:109AB0003FFBF3CFFF9E7FFFE737FFFFD63E7E7F62
:109AC0009FFE7F9FFFFFFE7FFFFF00003F00F80328
:109AD000F87C0018000000000003FFFFFFFF3FFFBD
:109AE0009FCF3FBBF3E7FB9E7FFFE797FFFFCE7E55
:109AF0007E7F9FFE7F9FEFFFFE7FFFFF00003FC145
:109B0000F807F07C001F000000000001FFFFFFFFCE
:109B10003FFF9FCF3FBBF3E7FB9F3FFFE78FFFFF79
:109B2000CE7E7E7F9FFE7F9FEFFFFE7FFFFF0000C8
:109B30001FFFF81FE07C003F000000000001FFFF56
:109B4000FFFF3FFF9F8F3F3BFBF7F79F3FFFF3CFA9
:109B50007FFFCF7E7E7F9FFE7F9FDFFFFE7FFFFF29
:109B6000000007FFF03FC07C003E00000000000145
:109B7000FFFFFFFF3FFF9F1F3E73F9F1EF9F9FFF26
:109B8000F1C67FFFEF7E7E7F9FFE7F9F9FFFFE7F60
:109B9000FFFF800001FFE07F007C007E00000000EE
:109BA0000001FFFFFFFF3FFF007C0061E0FC1E079C
:109BB0000FFFF838FFFFEF7C3C3C03F81E001FFF4F
:109BC000FE7FFFFF800000FFC0FFC0F8007C0000A8
:109BD00000000001FFFFFFFF3FFFFFFFFFFFFFFF50
:109BE000FFFFFFFFFFFFFFFFFFFFFFFFFFFFFFFF85
:109BF000FFFFFE7FFFFF8000003F81FFF0F800F8CD
:109C0000000000000001FFFFFFFF3FFFFFFFFFFF1D
:109C1000FFFFFFFFFFFFFFFFFFFFFFFFFFFFFFFF54
:109C2000FFFFFFFFFE7FFFFFC000000007FFF8F807
:109C300001F8000000000001FFFFFFFF3FFFFFFFF2
:109C4000FFFFFFFFFFFFFFFFFFFFFFFFFFFFFFFF24
:109C5000FFFFFFFFFFFFFE7FFFFFC00000000FF3CD
:109C6000FEF801F0000000000001FFFFFFFFBFFF52
:109C7000FFFFFFFFFFFFFFFFFFFFFFFFFFFFFFFFF4
:109C8000FFFFFFFFFFFFFFFFFEFFFFFFC000000021
:109C90001FC0FFF803F0000000000003FFFFFFFFFC
:109CA000BFFFFFFFFFFFFFFFFFFFFFFFFFFFFFFF04
:109CB000FFFFFFFFFFFFFFFFFFFFFEFFFFFFC000F3
:109CC00000007F803FF003E0000600000007FFFF78
:109CD000FFFFBFFFFFFFFFFFFFFFFFFFFFFFFFFFD4
:109CE000FFFFFFFFFFFFFFFFFFFFFFFFFEFFFFFF85
:109CF000E00000001F001FF007C0000F80000007F9
:109D0000FFFFFFFFBFFFFFFFFFFFFFFFFFFFFFFFA3
:109D1000FFFFFFFFFFFFFFFFFFFFFFFFFFFFFEFF54
:109D2000FFFFE00000000E0007F00FC0000FC000B2
:109D3000000FFFFFFFFFDFFFFFFFFFFFFFFFFFFF42
:109D4000FFFFFFFFFFFFFFFFFFFFFFFFFFFFFFFF23
:109D5000FDFFFFFFE0000000000001F00F80001F8A
:109D6000E000000FFFFFFFFFEFFFFFFFFFFFFFFF20
:109D7000FFFFFFFFFFFFFFFFFFFFFFFFFFFFFFFFF3
:109D8000FFFFFBFFFFFFE0000000000001F01F00ED
:109D9000001FF800001FFFFFFFFFF00000000000A1
:109DA00000000000000000000000000000000000B3
:109DB0000000000007FFFFFFF0000000000003E0CC
:109DC0003F00003FFE00003FFFFFFFFFFF000000DD
:109DD0000000000000000000000000000000000083
:109DE0000000000000007FFFFFFFF0000000000007
:109DF00003F01E00007EFF80003FFFFFFFFFFFFF1C
:109E0000FFFFFFFFFFFFFFFFFFFFFFFFFFFFFFFF62
:109E1000FFFFFFFFFFFFFFFFFFFFFFFFF800000056
:109E2000000003E03E00007C3FE0007FFFFFFFFFFB
:109E3000FFFFFFFFFFFFFFFFFFFFFFFFFFFFFFFF32
:109E4000FFFFFFFFFFFFFFFFFFFFFFFFFFFFF80028
:109E50000000000003E07C0000FC1FE000FFFFFFAB
:109E6000FFFFFFFFFFFFFFFFFFFFFFFFFFFFFFFF02
:109E7000FFFFFFFFFFFFFFFFFFFFFFFFFFFFFFFFF2
:109E8000FC000000000003E07C0000F807C000FFB9
:109E9000FFFFFFFFFFFFFFFFFFFFFFFFFFFFFFFFD2
:109EA000FFFFFFFFFFFFFFFFFFFFFFFFFFFFFFFFC2
:109EB000FFFFFC000000000007E0F80001F801C00F
:109EC00001FFFFFFFFFFFFFFFFFFFFFFFFFFFFFFA0
:109ED000FFFFFFFFFFFFFFFFFFFFFFFFFFFFFFFF92
:109EE000FFFFFFFFFE000000000003E0F80001F0AC
:109EF000008001FFFFFFFFFFFFFFFFFFFFFFFFFFEE
:109F0000FFFFFFFFFFFFFFFFFFFFFFFFFFFFFFFF61
:109F1000FFFFFFFFFFFFFF000000000003C1F8008C
:109F200003E0000003FFFFFFFFFFFFFFFFFFFFFF56
:109F3000FFFFFFFFFFFFFFFFFFFFFFFFFFFFFFFF31
:109F4000FFFFFFFFFFFFFFFFFF800000000000C3D7
:109F5000F00007F0000003FFFFFFFFFFFFFFFFFF20
:109F6000FFFFFFFFFFFFFFFFFFFFFFFFFFFFFFFF01
:109F7000FFFFFFFFFFFFFFFFFFFFFFE0000000000C
:109F80000003E00007F8000007FFFFFFFFFFFF00EE
:109F900000000000000000000000000000000000C1
:109FA00000000000000000007FFFFFFFFFF0000046
:109FB00000000007F0000FFE00000FFFFFFFFFFF93
:109FC000F0000000000000000000000000000000A1
:109FD0000000000000000000000007FFFFFFFFFC82
:109FE000000000000007FC000FFF80000FFFFFFFD4
:109FF000FFFFEFFFFFFFFFFFFFFFFFFFFFFFFFFF81
:10A00000FFFFFFFFFFFFFFFFFFFFFFFFFBFFFFFF64
:10A01000FFFF000000000001FE001F3FE0001FFFE7
:10A02000FFFFFFFFDFFFFFFFFFFFFFFFFFFFFFFF60
:10A03000FFFFFFFFFFFFFFFFFFFFFFFFFFFFFDFF32
:10A04000FFFFFFFFC000000000007F803F0FF00017
:10A050001FFFFFFFFFFFBFFFFFFFFFFFFFFFFFFF30
:10A06000FFFFFFFFFFFFFFFFFFFFFFFFFFFFFFFF00
:10A07000FEFFFFFFFFFFE000000000001FE03E07C3
:10A08000F0003FFFFFFFFFFFBFFFFFFFFFFFFFFFEE
:10A09000FFFFFFFFFFFFFFFFFFFFFFFFFFFFFFFFD0
:10A0A000FFFFFEFFFFFFFFFFF800000000000FF8BA
:10A0B0007E01E0007FFFFFFFFFFFBFFFFFFFFFFF0D
:10A0C000FFFFFFFFFFFFFFFFFFFFFFFFFFFFFFFFA0
:10A0D000FFFFFFFFFEFFFFFFFFFFFE00000000008D
:10A0E00003F87C0060007FFFFFFFFFFFBFFFFFFF63
:10A0F000FFFFFFFFFFFFFFFFFFFFFFFFFFFFFFFF70
:10A10000FFFFFFFFFFFFFEFFFFFFFFFFFF800000DD
:10A11000000001F0F8000000FFFFFFFFFFFF3FFF1E
:10A12000FFFFFFFFFFFFFFFFFFFFFFFFFFFFFFFF3F
:10A13000FFFFFFFFFFFFFFFFFE7FFFFFFFFFFFC0EF
:10A14000000000000061F8000000FFFFFFFFFFFFBC
:10A150003FFFFFFFFFFFFFFFFFFFFFFFFFFFFFFFCF
:10A16000FFFFFFFFFFFFFFDFFFFFFE7FFFFFFFFFA0
:10A17000FFF0000000000001F0000001FFFFFFFF02
:10A18000FFFF3FFFE7FC3FF0FFFFFE0FFC3FF0FF4C
:10A19000FFFFFFFC3FFFFFFFFC1FFFFFFE7FFFFFF6
:10A1A000FFFFFFFC000000000003F8000001FFFFBC
:10A1B000FFFFFFFF3FFFE7F1CFC73FF3FDE7F1CF21
:10A1C000C73FFFFFFFFC3FFFFFFFFF9FFFFFFE7F3B
:10A1D000FFFFFFFFFFFF000000000003FE00000381
:10A1E000FFFFFFFFFFFF3FFFC7F3EFCFBFE3F9F331
:10A1F000F3EFCFBFFFFFFFFFFFFFFFFFFF9FFFFF5B
:10A20000FE7FFFFFFFFFFFFF800000000000FF80D8
:10A210000007FFFFFFFFFFFF3FFF87E7E79F9FF775
:10A22000F9F3E7E79F9FFFFFFFFFFFFFFFFFFF9FA0
:10A23000FFFFFE7FFFFFFFFFFFFFE00000000000C9
:10A240003FE00007FFFFFFFFFFFF3FFFA7E7E79F9C
:10A250009E7739F3E7E79F9FFFFFFFFFFFFFFFFFB9
:10A26000FF9FFFFFFE7FFFFFFFFFFFFFF8000000E3
:10A2700000001FF0000FFFFFFFFFFFFF3FFF67CF52
:10A28000F33FCE363FF3CFF33FCFFFFFFFFF7FFF1C
:10A29000FFFFFF9FFFFFFE7FFFFFFFFFFFFFFE00AF
:10A2A0000000000007FE000FFFFFFFFFFFFF3FFF62
:10A2B00067CFF33FCF147FF7CFF33FCFFFFD87F09A
:10A2C0007F820FC3FF9FF837FE7FFFFFFFFFFFFF77
:10A2D000FF800000000001FC001FFFFFFFFFFFFFE9
:10A2E0003FFEE7CFF33FCFE3FFE7CFF33FCFFFE101
:10A2F00071FE7FE7BF9CFF9FF3C7FE7FFFFFFFFF5D
:10A30000FFFFFFC000000000007C001FFFFFFFFFF9
:10A31000FFFF3FFDE7CFF33FCFE3FF8FCFF33FCF0B
:10A32000FFF8F9FE7FE77F3EFF9FE7E7FE7FFFFF35
:10A33000FFFFFFFFFFE0000000000038003FFFFFCD
:10A34000FFFFFFFF3FFDE7CFF33FCF147FE7CFF3E2
:10A350003FCFFFF9FCFE7FF2FE7E7F9FE7F7FE7F97
:10A36000FFFFFFFFFFFFFFF0000000000008003FBD
:10A37000FFFFFFFFFFFF3FFBE7CFF33FCE363FF38B
:10A38000CFF33FCFFFF9FCFE7FFAFE7E7F9FE3FF16
:10A39000FE7FFFFFFFFFFFFFFFFC0000000000004B
:10A3A000007FFFFFFFFFFFFF3FF7E7CFF33FCE77D1
:10A3B0003FF9CFF33FCFFFF9FCFE7FF9FE007F9F0F
:10A3C000F83FFE7FFFFFFFFFFFFFFFFF00000000E1
:10A3D0000000007FFFFFFFFFFFFF3FF000CFF33FD4
:10A3E000CFF7FFF9CFF33FCFFFF9FCFE7FF8FE7FF9
:10A3F000FF9FFE0FFE7FFFFFFFFFFFFFFFFFC0007D
:10A400000000000000FFFFFFFFFFFFFF3FFFE7E747
:10A41000E79F9FE3F9F9E7E79F9FFFF9FCFE7FF6CF
:10A42000FE7FFF9FFFC7FE7FFFFFFFFFFFFFFFFFD6
:10A43000F0000000000001FFFFFFFFFFFFFF3FFFF4
:10A44000E7E7E79F9FE7F9F9E7E79F9FFFF9FCFE42
:10A450007FF67E7F7F9FEFE7FE7FFFFFFFFFFFFF1F
:10A46000FFFFF8000000000001FFFFFFFFFFFFFFFC
:10A470003FFFE7F3EFCFBFFFF9F3F3EFCFBFFFF9F4
:10A48000F9FE7FEF3F3F7F9FEFE7FE7FFFFFFFFF7C
:10A49000FFFFFFFFFE000000000003FFFFFFFFFFC4
:10A4A000FFFF3FFFE7F9CFE73FFFFDE3F9CFE73FCE
:10A4B000FFF8F3FE7FDFBF9EFF9FE3CFFE7FFFFF2E
:10A4C000FFFFFFFFFFFFFFC00000000007FFFFFFCF
:10A4D000FFFFFFFF3FFF00FC3FF0FFFFFE0FFC3FD1
:10A4E000F0FFFFF907F00F0E0FC1FC03EC1FFE7F1A
:10A4F000FFFFFFFFFFFFFFFFFFE00000000007FF7F
:10A50000FFFFFFFFFFFF3FFFFFFFFFFFFFFFFFFF1B
:10A51000FFFFFFFFFFF9FFFFFFFFFFFFFFFFFFFF51
:10A52000FE7FFFFFFFFFFFFFFFFFFFF000000000C7
:10A530000FFFFFFFFFFFFFFF3FFFFFFFFFFFFFFFDB
:10A54000FFFFFFFFFFFFFFF9FFFFFFFFFFFFFFFF21
:10A55000FFFFFE7FFFFFFFFFFFFFFFFFFFFC00008D
:10A5600000000FFFFFFFFFFFFFFF3FFFFFFFFFFFA9
:10A57000FFFFFFFFFFFFFFFFFFE07FFFFFFFFFFF8A
:10A58000FFFFFFFFFE7FFFFFFFFFFFFFFFFFFFFF5C
:10A59000800000001FFFFFFFFFFFFFFF3FFFFFFFE7
:10A5A000FFFFFFFFFFFFFFFFFFFFFFFFFFFFFFFFBB
:10A5B000FFFFFFFFFFFFFE7FFFFFFFFFFFFFFFFF2C
:10A5C000FFFFC00000001FFFFFFFFFFFFFFFBFFFF7
:10A5D000FFFFFFFFFFFFFFFFFFFFFFFFFFFFFFFF8B
:10A5E000FFFFFFFFFFFFFFFFFEFFFFFFFFFFFFFF7C
:10A5F000FFFFFFFFF00000003FFFFFFFFFFFFFFF37
:10A60000BFFFFFFFFFFFFFFFFFFFFFFFFFFFFFFF9A
:10A61000FFFFFFFFFFFFFFFFFFFFFEFFFFFFFFFF4B
:10A62000FFFFFFFFFFFFF80000007FFFFFFFFFFFBE
:10A63000FFFFBFFFFFFFFFFFFFFFFFFFFFFFFFFF6A
:10A64000FFFFFFFFFFFFFFFFFFFFFFFFFEFFFFFF1B
:10A65000FFFFFFFFFFFFFFFFFF0000007FFFFFFF87
:10A66000FFFFFFFFBFFFFFFFFFFFFFFFFFFFFFFF3A
:10A67000FFFFFFFFFFFFFFFFFFFFFFFFFFFFFEFFEB
:10A68000FFFFFFFFFFFFFFFFFFFFFFC00000FFFF17
:10A69000FFFFFFFFFFFFDFFFFFFFFFFFFFFFFFFFEA
:10A6A000FFFFFFFFFFFFFFFFFFFFFFFFFFFFFFFFBA
:10A6B000FDFFFFFFFFFFFFFFFFFFFFFFFFE00000C9
:10A6C000FFFFFFFFFFFFFFFFEFFFFFFFFFFFFFFFAA
:10A6D000FFFFFFFFFFFFFFFFFFFFFFFFFFFFFFFF8A
:10A6E000FFFFFBFFFFFFFFFFFFFFFFFFFFFFFFF08D
:10A6F0000001FFFFFFFFFFFFFFFFF0000000000071
:10A700000000000000000000000000000000000049
:10A710000000000007FFFFFFFFFFFFFFFFFFFFFF3D
:10A72000FFFE0001FFFFFFFFFFFFFFFFFF00000034
:10A730000000000000000000000000000000000019
:10A740000000000000007FFFFFFFFFFFFFFFFFFF93
:10A75000FFFFFFFF0003FFFFFFFFFFFFFFFFFFFF04
:10A76000FFFFFFFFFFFFFFFFFFFFFFFFFFFFFFFFF9
:10A77000FFFFFFFFFFFFFFFFFFFFFFFFFFFFFFFFE9
:10A78000FFFFFFFFFFFF8007FFFFFFFFFFFFFFFF50
:10A79000FFFFFFFFFFFFFFFFFFFFFFFFFFFFFFFFC9
:10A7A000FFFFFFFFFFFFFFFFFFFFFFFFFFFFFFFFB9
:10A7B000FFFFFFFFFFFFFFFFE00FFFFFFFFFFFFFB8
:10A7C000FFFFFFFFFFFFFFFFFFFFFFFFFFFFFFFF99
:10A7D000FFFFFFFFFFFFFFFFFFFFFFFFFFFFFFFF89
:10A7E000FFFFFFFFFFFFFFFFFFFFFC1FFFFFFFFF5C
:10A7F000FFFFFFFFFFFFFFFFFFFFFFFFFFFFFFFF69
:10A80000FFFFFFFFFFFFFFFFFFFFFFFFFFFFFFFF58
:10A81000FFFFFFFFFFFFFFFFFFFFFFFFFFFFFFFF48
:10A82000FFFFFFFFFFFFFFFFFFFFFFFFFFFFFFFF38
:10A83000FFFFFFFFFFFFFFFFFFFFFFFFFFFFFFFF28
:10A84000FFFFFFFFFFFFFFFFFFFFFFFFFFFFFFFF18
:10A85000FFFFFFFFFFFFFFFFFFFFFFFFFFFFFFFF08
:10A86000FFFFFFFFFFFFFFFFFFFFFFFFFFFFFFFFF8
:10A87000FFFFFFFFFFFFFFFFFFFFFFFFFFFFFFFFE8
:10A88000FFFFFFFFFFFFFFFFFFFFFFFFFFFFFFFFD8
:10A89000FFFFFFFFFFFFFFFFFFFFFFFFFFFFFFFFC8
:10A8A000FFFFFFFFFFFFFFFFFFFFFFFFFFFFFFFFB8
:10A8B000FFFFFFFFFFFFFFFFFFFFFFFFFFFFFFFFA8
:10A8C000FFFFFFFFFFFFFFFFFFFFFFFFFFFFFFFF98
:10A8D000FFFFFFFFFFFFFFFFFFFFFFFFFFFFFFFF88
:10A8E000FFFFFFFFFFFFFFFFFFFFFFFFFFFFFF0077
:10A8F0000000000000000000000000000000000058
:10A900000000000000000000000000000000FFFF49
:10A91000FFFFFFFFFFFFFFFFFFFFFFFFFFFFFFFF47
:10A92000F000000000000000000000000000000037
:10A930000000000000000000000000000000000017
:10A940000FFFFFFFFFFFFFFFFFFFFFFFFFFFFFFF07
:10A95000FFFFEFFFFFFFFFFFFFFFFFFFFFFFFFFF17
:10A96000FFFFFFFFFFFFFFFFFFFFFFFFFFFFFFFFF7
:10A97000FFFFF7FFFFFFFFFFFFFFFFFFFFFFFFFFEF
:10A98000FFFFFFFFDFFFFFFFFFFFFFFFFFFFFFFFF7
:10A99000FFFFFFFFFFFFFFFFFFFFFFFFFFFFFFFFC7
:10A9A000FFFFFFFFFBFFFFFFFFFFFFFFFFFFFFFFBB
:10A9B000FFFFFFFFFFFFBFFFFFFFFFFFFFFFFFFFE7
:10A9C000FFFFFFFFFFFFFFFFFFFFFFFFFFFFFFFF97
:10A9D000FFFFFFFFFFFFFDFFFFFFFFFFFFFFFFFF89
:10A9E000FFFFFFFFFFFFFFFFBFFFFFFFFFFFFFFFB7
:10A9F000FFFFFFFFFFFFFFFFFFFFFFFFFFFFFFFF67
:10AA0000FFFFFFFFFFFFFFFFFDFFFFFFFFFFFFFF58
:10AA1000FFFFFFFFFFFFFFFFFFFFBFFFFFFFFFFF86
:10AA2000FFFFFFFFFFFFFFFFFFFFFFFFFFFFFFFF36
:10AA3000FFFFFFFFFFFFFFFFFFFFFDFFFFFFFFFF28
:10AA4000FFFFFFFFFFFFFFFFFFFFFFFFBFFFFFFF56
:10AA5000FFFFFFFFFFFFFFFFFFFFFFFFFFFFFFFF06
:10AA6000FFFFFFFFFFFFFFFFFFFFFFFFFDFFFFFFF8
:10AA7000FFFFFFFFFFFFFFFFFFFFFFFFFFFF3FFFA6
:10AA8000FFFFFFFFFFFFFFFFFFFFFFFFFFFFFFFFD6
:10AA9000FFFFFFFFFFFFFFFFFFFFFFFFFFFFFCFFC9
:10AAA000FFFFFFFFFFFFFFFFFFFFFFFFFFFFFFFFB6
:10AAB0003FFFFFFFFFFFFFFFFFFFFFFFFFFFFFFF66
:10AAC000FFFFFFFFFFFFFFFFFFFFFFFFFFFFFFFF96
:10AAD000FCFFFFFFFFFFFFFFFFFFFFFFFFFFFFFF89
:10AAE000FFFF3FFFFFFFFFFFFFFFFFFFFFFFFFFF36
:10AAF000FFFFFFFFFFFFFFFFFFFFFFFFFFFFFFFF66
:10AB0000FFFFFCFFFFFFFFFFFFFFFFFFFFFFFFFF58
:10AB1000FFFFFFFF3FFC03F003F807078600300349
:10AB2000FFFFE01FE0FFFFFC37F0DC03FFEFFF0754
:10AB3000F07FC1FFFCFFFFFFFFFFFFFFFFFFFFFFF5
:10AB4000FFFFFFFFFFFF3FFF3CFCF9FF3F9FCF3FB1
:10AB50003CF9FFFFFCFFCF3FFFF3C7CF1F3CFFCF08
:10AB6000FCF3CF9FBCFFFCFFFFFFFFFFFFFFFFFFDA
:10AB7000FFFFFFFFFFFFFFFF3FFF3E7CFCFF3FCFDC
:10AB8000DF3F9CFCFFFFFCFF9F9FFFF7E7DF9F3E3F
:10AB90007E0FF9F39F8F3E7FFCFFFFFFFFFFFFFF5C
:10ABA000FFFFFFFFFFFFFFFFFFFF3FFF3F3CFCFFFB
:10ABB0003FCFDF3FDCFCFFFFFCFF3FDFFFE7F79FFE
:10ABC000DF3F3FCFF3FF9FCF3E7FFCFFFFFFFFFF45
:10ABD000FFFFFFFFFFFFFFFFFFFFFFFF3FFF3F3CC8
:10ABE000FCFF3FCFDF3FFCFCFFFFFCFF3FDFFFE749
:10ABF000F79FDF3F3FCFF3FF9FCF3E7FFCFFFFFF7D
:10AC0000FFFFFFFFFFFFFFFFFFFFFFFFFFFF3FFF14
:10AC10003F9CFCFF3FEFBF3EFCFCFFFFFCFE7FFFC5
:10AC20008FE7FF9FFF3F9FCFF7FF8FCFFE7FFCFF98
:10AC3000FFFFFFFFFFFFFFFFFFFFFFFFFFFFFFFF24
:10AC40003FFF3F9CFCFF3FE7BF3EFCFCFFFFFCFEDD
:10AC50007FFF8FE1FF87FF3F9FCFE7FFC79FFEFF8B
:10AC6000FCFFFFFFFFFFFFFFFFFFFFFFFFFFFFFFF7
:10AC7000FFFF3FFF3F9CF1FF3FE7BF3CFCF1FFFFC1
:10AC8000FCFE7FFF8FF07FC1FF3F9FCFE60FE33FCA
:10AC9000FCFFFCFFFFFFFFFFFFFFFFFFFFFFFFFFCA
:10ACA000FFFFFFFF3FFF3F9C07FF3FE77F00FC07E1
:10ACB000FFFFFCFE7FFFFFFC1FF07F3F9FCFE5E320
:10ACC000F07FF1FFFCFFFFFFFFFFFFFFFFFFFFFF34
:10ACD000FFFFFFFFFFFF3FFF3F9CEFFF3FF77F3C82
:10ACE000FCEFFFFFFCFE7FFFFFFF0FFC3F3F9FCF0E
:10ACF000E3F3E63FFCFFFCFFFFFFFFFFFFFFFFFF6B
:10AD0000FFFFFFFFFFFFFFFF3FFF3F9CE7FF3FF31A
:10AD10007F3EFCE7FFFFFCFE7FFFFFFFC7FF1F3FFB
:10AD20009FCFE7F9CF1FFE7FFCFFFFFFFFFFFFFF75
:10AD3000FFFFFFFFFFFFFFFFFFFF3FFF3F9CE7FF1E
:10AD40003FF37F3EFCE7FFFFFCFE7FFFFFFFE3FFDB
:10AD50008F3F9FCFE7F99F8FFF3FFCFFFFFFFFFF74
:10AD6000FFFFFFFFFFFFFFFFFFFFFFFF3FFF3F9CD6
:10AD7000F3FF3FF2FF3FFCF3FFFFFCFE7FFFFFEF1F
:10AD8000F3BFCF3F9FCFE7F99FCFFF3FFCFFFFFF10
:10AD9000FFFFFFFFFFFFFFFFFFFFFFFFFFFF3FFF83
:10ADA0003F3CF3FF3FF8FF3FDCF3FFFFFCFF3FDFDB
:10ADB000FFEFF3BFCF3F3FCFE7F99FCF3F3FFCFF10
:10ADC000FFFFFFFFFFFFFFFFFFFFFFFFFFFFFFFF93
:10ADD0003FFF3F3CF9FF3FF8FF3FDCF9FFFFFCFF7F
:10ADE0003FDFFFE7F39FCF3F3FCFF3F99FCF3F3FD9
:10ADF000FCFFFFFFFFFFFFFFFFFFFFFFFFFFFFFF66
:10AE0000FFFF3FFF3E7CF9FF3FF9FF3FBCF9FFFF2B
:10AE1000FCFFBFBF8FF7F7DFDF3E7FCFF3F3CFDF5E
:10AE20003E7FFCFFFFFFFFFFFFFFFFFFFFFFFFFF76
:10AE3000FFFFFFFF3FFF3CFCF9FF3FF9FF3F3CF9FD
:10AE4000FFFFFCFF8F7F8FF1E7C79F3CFFCFF9E744
:10AE5000C79FBC7FFCFFFFFFFFFFFFFFFFFFFFFF60
:10AE6000FFFFFFFFFFFF3FFC03F03C7807FDFC0006
:10AE7000303C7FFFE01FE0FF8FFE1FF87C03FE01E8
:10AE8000FE0FF07FC1FFFCFFFFFFFFFFFFFFFFFF93
:10AE9000FFFFFFFFFFFFFFFF3FFFFFFFFFFFFFFF82
:10AEA000FFFFFFFFFFFFFFFFFFFFFFFFFFFFFFFFB2
:10AEB000FFFFFFFFFFFFFFFFFCFFFFFFFFFFFFFFA5
:10AEC000FFFFFFFFFFFFFFFFFFFF3FFFFFFFFFFF52
:10AED000FFFFFFFFFFFFFFFFFFFFFFFFFFFFFFFF82
:10AEE000FFFFFFFFFFFFFFFFFFFFFCFFFFFFFFFF75
:10AEF000FFFFFFFFFFFFFFFFFFFFFFFF3FFFFFFF22
:10AF0000FFFFFFFFFFFFFFFFFFFFFFFFFFFFFFFF51
:10AF1000FFFFFFFFFFFFFFFFFFFFFFFFFCFFFFFF44
:10AF2000FFFFFFFFFFFFFFFFFFFFFFFFFFFFBFFF71
:10AF3000FFFFFFFFFFFFFFFFFFFFFFFFFFFFFFFF21
:10AF4000FFFFFFFFFFFFFFFFFFFFFFFFFFFFFDFF13
:10AF5000FFFFFFFFFFFFFFFFFFFFFFFFFFFFFFFF01
:10AF6000BFFFFFFFFFFFFFFFFFFFFFFFFFFFFFFF31
:10AF7000FFFFFFFFFFFFFFFFFFFFFFFFFFFFFFFFE1
:10AF8000FDFFFFFFFFFFFFFFFFFFFFFFFFFFFFFFD3
:10AF9000FFFFBFFFFFFFFFFFFFFFFFFFFFFFFFFF01
:10AFA000FFFFFFFFFFFFFFFFFFFFFFFFFFFFFFFFB1
:10AFB000FFFFFDFFFFFFFFFFFFFFFFFFFFFFFFFFA3
:10AFC000FFFFFFFFBFFFFFFFFFFFFFFFFFFFFFFFD1
:10AFD000FFFFFFFFFFFFFFFFFFFFFFFFFFFFFFFF81
:10AFE000FFFFFFFFFDFFFFFFFFFFFFFFFFFFFFFF73
:10AFF000FFFFFFFFFFFFDFFFFFFFFFFFFFFFFFFF81
:10B00000FFFFFFFFFFFFFFFFFFFFFFFFFFFFFFFF50
:10B01000FFFFFFFFFFFFFBFFFFFFFFFFFFFFFFFF44
:10B02000FFFFFFFFFFFFFFFFEFFFFFFFFFFFFFFF40
:10B03000FFFFFFFFFFFFFFFFFFFFFFFFFFFFFFFF20
:10B04000FFFFFFFFFFFFFFFFF7FFFFFFFFFFFFFF18
:10B05000FFFFFFFFFFFFFFFFFFFFF000000000000A
:10B0600000000000000000000000000000000000E0
:10B07000000000000000000000000FFFFFFFFFFFC6
:10B08000FFFFFFFFFFFFFFFFFFFFFFFFFF000000CD
:10B0900000000000000000000000000000000000B0
:10B0A000000000000000000000000000FFFFFFFFA4
:10B0B000FFFFFFFFFFFFFFFFFFFFFFFFFFFFFFFFA0
:10B0C000FFFFFFFFFFFFFFFFFFFFFFFFFFFFFFFF90
:10B0D000FFFFFFFFFFFFFFFFFFFFFFFFFFFFFFFF80
:10B0E000FFFFFFFFFFFFFFFFFFFFFFFFFFFFFFFF70
:10B0F000FFFFFFFFFFFFFFFFFFFFFFFFFFFFFFFF60
:10B10000FFFFFFFFFFFFFFFFFFFFFFFFFFFFFFFF4F
:10B11000FFFFFFFFFFFFFFFFFFFFFFFFFFFFFFFF3F
:10B12000FFFFFFFFFFFFFFFFFFFFFFFFFFFFFFFF2F
:10B13000FFFFFFFFFFFFFFFFFFFFFFFFFFFFFFFF1F
:10B14000FFFFFFFFFFFFFFFFFFFFFFFFFFFFFFFF0F
:10B15000FFFFFFFFFFFFFFFFFFFFFFFFFFFFFFFFFF
:10B16000FFFFFFFFFFFFFFFFFFFFFFFFFFFFFFFFEF
:10B17000FFFFFFFFFFFFFFFFFFFFFFFFFFFFFFFFDF
:10B18000FFFFFFFFFFFFFFFFFFFFFFFFFFFFFFFFCF
:10B19000FFFFFFFFFFFFFFFFFFFFFFFFFFFFFFFFBF
:10B1A000FFFFFFFFFFFFFFFFFFFFFFFFFFFFFFFFAF
:10B1B000FFFFFFFFFFFFFFFFFFFFFFFFFFFFFFFF9F
:10B1C000FFFFFFFFFFFFFFFFFFFFFFFFFFFFFFFF8F
:10B1D000FFFFFFFFFFFFFFFFFFFFFFFFFFFFFFFF7F
:10B1E000FFFFFFFFFFFFFFFFFFFFFFFFFFFFFFFF6F
:10B1F000FFFFFFFFFFFFFFFFFFFFFFFFFFFFFFFF5F
:10B20000FFFFFFFFFFFFFFFFFFFFFFFFFFFFFFFF4E
:10B21000FFFFFFFFFFFFFFFFFFFFFFFFFFFFFFFF3E
:10B22000FFFFFFFFFFFFFFFFFFFFFFFFFFFFFFFF2E
:10B23000FFFFFFFFFFFFFFFFFFFFFFFFFFFFFFFF1E
:10B24000FFFFFFFFFFFFFFFFFFFFFFFFFFFFFFFF0E
:10B25000FFFFFFFFFFFFFFFFFFFFFFFFFFFFFFFFFE
:10B26000FFFFFFFFFFFFFFFFFFFFFFFFFFFFFFFFEE
:10B27000FFFFFFFFFFFFFFFFFFFFFFFFFFFFFFFFDE
:10B28000FFFFFFFFFFFFFFFFFFFFFFFFFFFFFFFFCE
:10B29000FFFFFFFFFFFFFFFFFFFFFFFFFFFFFFFFBE
:10B2A000FFFFFFFFFFFFFFFFFFFFFFFFFFFFFFFFAE
:10B2B000FFFFFFFFFFFFFFFFFFFFFFFFFFFFFFFF9E
:10B2C000FFFFFFFFFFFFFFFFFFFFFFFFFFFFFFFF8E
:10B2D000FFFFFFFFFFFFFFFFFFFFFFFFFFFFFFFF7E
:10B2E000FFFFFFFFFFFFFFFFFFFFFFFFFFFFFFFF6E
:10B2F000FFFFFFFFFFFFFFFFFFFFFFFFFFFFFFFF5E
:10B30000FFFFFFFFFFFFFFFFFFFFFFFFFFFFFFFF4D
:10B31000FFFFFFFFFFE7FFFFFFFE7FFFFFFFE7FFEE
:10B32000FFFFF7DFFFFFFFFFFFFFFF8FFFFFFFFFC5
:10B33000FFFDFFFFFFFFFCFFFFF1FFFFFFFFFFFF30
:10B34000FFFFFFFFFFFFF837FFFFFFFF7FFFFFF863
:10B3500037FFFFFFF7DFFFFFFFFFFFFF81EFFFFF7B
:10B36000FFFFFFFDFFFF01FFFEFFFFFDFFFFFFFFF0
:10B3700087FFFFFFF1E003FFF777FFFFFFFF7FFF8E
:10B38000FFF777FFFFFFFFFFFFFFFFFFFFFFDDEF8F
:10B39000FFFFBFFFFFFFFFFF6DFFFEFFFFFDFFFF92
:10B3A000FFFF77FFFFFFFBEDADFFFF77FFFFFFFF25
:10B3B0007FFFFFFF77FFFFFFFFFFFFFFFFFFFFFFA5
:10B3C000DFEFFFFFBFFFFFFFFFFFEFFFFEFFFFFD10
:10B3D000FFFFFFFEF7FFFFFFFBFDEEFFFEF4F8C9E6
:10B3E000E1834F8CCFFEF4F8C9E1C71E4F088338C4
:10B3F000E4FFDBEF8F86089C64F1F0FFEF8F869906
:10B400003C7DF8F088FEFF8FFFFFFBFDEEFFFDF3B4
:10B410007766DBB73776EFFDF37766DBF7DF36DD90
:10B42000DBB7737FC3EF7777BE7BB37DEEFFEF773C
:10B43000766CDBBDF76DDDFEFF77FFFFFBFDEEFFFA
:10B44000FDF7706EDBEF7776EFFDF7776EDBF7DFFA
:10B4500076DEBBBC777FDBEF077FBEFBB77DEFFF00
:10B46000EF077EEDDBBDF76DEBFEFF77FFFFFBFD2A
:10B47000EEFFFBF777EEE7EF7776EFFBF7776EE718
:10B48000F7DF773EBBBB777FDFEF7F7FBEFBB77D0C
:10B49000EFFFEF7F7EEDDBBDF773EBFEFF77FFFF86
:10B4A000FBFDEEFFFBB7776EDFDB7776CFFBB77781
:10B4B0006EDFF7DF76FF7B37777FDDEF7777BEFBD9
:10B4C000B77DEEFFEF7776EDDBBDF76FF7FF7776B1
:10B4D0007CFFFBBDEDCFF02238C46382238F27F0C1
:10B4E0002238C463F706231F7C98223F81838F8F05
:10B4F000883C623071FFC78F8C408C7078F1F7FF09
:10B500008F8E7EFFF038C3CFFFFFFFFFDDFFFFFF11
:10B51000FFFFFFFFFFDDF7FFFEEF7FFFFFFFFFFFF6
:10B52000FFFFFFFFFFFFFFFFFFFFFFFFFFFFFFEE3C
:10B53000F7FFFFFFFEFFFFFFFFFFFFFFFFFFE3FF40
:10B54000FFFFFFFFFFFFFFE38FFFFF18FFFFFFFF7E
:10B55000FFFFFFFFFFFFFFFFFFFFFFFFFFFFFFFFFB
:10B56000FFF18FFFFFFFFDFFFFFFFFFFFFFFFFFF6B
:10B57000FFFFFFFFFFFFFFFFFFFFFFFFFFFFFFFFDB
:10B58000FFFFFFFFFFFFFFFFFFFFFFFFFFFFFFFFCB
:10B59000FFFFFFFFFFFFFFFFFFFFFFFFFFFFFFFFBB
:10B5A000FFFFFFFFFFFFFFFFFFFFFFFFFFFFFFFFAB
:10B5B000FFFFFFFFFFFFFFFFFFFFFFFFFFFFFFFF9B
:10B5C000FFFFFFFFFFFFFFFFFFFFFFFFFFFFFFFF8B
:10B5D000FFFFFFFFFFFFFFFFFFFFFFFFFFFFFFFF7B
:10B5E000FFFFFFFFFFFFFFFFFFFFFFFFFFFFFFFF6B
:10B5F000FFFFFFFFFFFFFFFFFFFFFFFFFFFFFFFF5B
:10B60000FFFFFFFFFFFFFFFFFFFFFFFFFFFFFFFF4A
:10B61000FFFFFFFFFFFFFFFFFFFFFFFFFFFFFFFF3A
:10B62000FFFFFFFFFFFFFFFFFFFFFFFFFFFFFFFF2A
:10B63000FFFFFFFF0000000000000000000000000E
:10B6400000000000000000000000000000000000FA
:10B6500000000000000000000000000000000000EA
:10B6600000000000000000000000000000000000DA
:10B6700000000000000000000000000000000000CA
:10B6800000000000000000000000000000000000BA
:10B690000000000000000000FFFFFFFFFFFFFFFFB2
:10B6A000FFFFFFFFFFFFFFFFFFFFFFFFFFFFFFFFAA
:10B6B000FFFFFFFFFFFFFFFFFFFFFFFFFFFFFFFF9A
:10B6C000FFFFFFFFFFFFFFFFFFFFFFFFFFFFFFFF8A
:10B6D000FFFFFFFFFFFFFFFFFFFFFFFFFFFFFFFF7A
:10B6E000FFFFFFFFFFFFFFFFFFFFFFFFFFFFFFFF6A
:10B6F000FFFFFFFFFFFFFFFFFFFFFFFFFFFFFFFF5A
:10B70000FFFFFFFFFFFFFFFFFFFFFFFFFFFFFFFF49
:10B71000FFFFFFFFFFFFFFFFFFFFFFFFFFFFFFFF39
:10B72000FFFFFFFFFFFFFFFFFFFFFFFFFFFFFFFF29
:10B73000FFFFFFFFFFFFFFFFFFFFFFFFFFFFFFFF19
:10B74000FFFFFFFFFFFFFFFFFFFFFFFFFFFFFFFF09
:10B75000FFFFFFFFFFFFFFFFFFFFFFFFFFFFFFFFF9
:10B76000FFFFFFFFFFFFFFFFFFFFFFFFFFFFFFFFE9
:10B77000FFFFFFFFFFFFFFFFFFFFFFFFFFFFFFFFD9
:10B78000FFFFFFFFFFFFFFFFFFFFFFFFFFFFFFFFC9
:10B79000FFFFFFFFFFFFFFFFFFFFFFFFFFFFFFFFB9
:10B7A000FFFFFFFFFFFFFFFFFFFFFFFFFFFFFFFFA9
:10B7B000FFFFFFFFFFFFFFFFFFFFFFFFFFFFFFFF99
:10B7C000FFFFFFFF0000000000000000002F00004E
:10B7D00000000700070000147F147F1400242A7F54
:10B7E0002A120062640813230036495522500000D3
:10B7F0000503000000001C224100000041221C0043
:10B800000014083E08140008083E0808000000A0C4
:10B8100060000008080808080000606000000020C0
:10B8200010080402003E5149453E0000427F40009E
:10B83000004261514946002141454B310018141224
:10B840007F10002745454539003C4A4949300001F1
:10B850007109050300364949493600064949291E40
:10B8600000003636000000005636000000081422A2
:10B8700041000014141414140000412214080002A2
:10B880000151090600324959513E007C1211127CC7
:10B89000007F49494936003E41414122007F4141F4
:10B8A000221C007F49494941007F09090901003EE6
:10B8B0004149497A007F0808087F0000417F410024
:10B8C000002040413F01007F08142241007F40409A
:10B8D0004040007F020C027F007F0408107F003E82
:10B8E0004141413E007F09090906003E4151215E68
:10B8F000007F091929460046494949310001017F65
:10B900000101003F4040403F001F2040201F003FFA
:10B910004038403F006314081463000708700807AC
:10B9200000615149454300007F41410000552A55BF
:10B930002A55000041417F0000040201020400403A
:10B94000404040400000010204000020545454785C
:10B95000007F48444438003844444420003844447C
:10B96000487F00385454541800087E09010200181A
:10B97000A4A4A47C007F080404780000447D400057
:10B98000004080847D00007F102844000000417F3B
:10B990004000007C04180478007C08040478003817
:10B9A0004444443800FC242424180018242418FC9F
:10B9B000007C0804040800485454542000043F4408
:10B9C0004020003C4040207C001C2040201C003CCB
:10B9D0004030403C004428102844001CA0A0A07C1B
:10B9E000004464544C441414141414140000000053
:10B9F00000000000000000000000FC00000000004B
:10BA000002000000000C020C020000000000000018
:10BA100090D0BCD0BC900003000300001824FE446A
:10BA20008C000302070201001824D8B04C800003E8
:10BA300000010201C038E438E00001020201020204
:10BA4000080600000000000000000000000000F8F0
:10BA50000402000000010204000204F800000004D7
:10BA6000020100009060F8609000000001000000FA
:10BA70002020FC2020000000010000000000000049
:10BA80000000080600000000202020202000000008
:10BA900000000000000000000000000200000000A4
:10BAA0000080601C0200040300000000F80404048D
:10BAB000F8000102020201000008FC000000000280
:10BAC000030200001884442418000302020202004A
:10BAD00008042424D80001020202010040B088FCBE
:10BAE00080000000000302003C242424C400010262
:10BAF00002020100F824242CC0000102020201000D
:10BB00000C04E41C0400000003000000D8242424DA
:10BB1000D80001020202010038444444F800000346
:10BB200002020100000010000000000002000000FE
:10BB300000002000000000000600000000205088E7
:10BB4000040200000000010290909090900000001C
:10BB500000000000000204885020000201000000E4
:10BB60001804C4241800000002000000F804E49443
:10BB7000F80001020202020000E09CF080000203D3
:10BB80000000030204FC2424D80002030202010086
:10BB9000F80404040C0001020202010004FC040485
:10BBA000F80002030202010004FC24740C000203EA
:10BBB0000202030004FC24740C00020302000000D3
:10BBC000F0080444CC4000010202010004FC2020E3
:10BBD000FC040203000003020404FC04040002024B
:10BBE00003020200000404FC040406040403000031
:10BBF00004FC24D00C0402030200030204FC040031
:10BC00000000020302020203FC3CC03CFC000300F3
:10BC10000300030004FC30C4FC0402030200030020
:10BC2000F8040404F80001020202010004FC2424C8
:10BC30001800020302000000F8848404F8000102E6
:10BC40000207050004FC24649800020302000302BA
:10BC5000182424448C000302020201000C04FC049A
:10BC60000C0000020302000004FC0000FC040001C0
:10BC700002020100047C80E01C04000003000000BC
:10BC80001CE03CE01C00000300030000049C609CDE
:10BC90000400020300030200041CE01C0400000274
:10BCA000030200000C84641C04000203020203006F
:10BCB0000000FE020200000007040400000E30C075
:10BCC0000000000000010200000202FE000000046B
:10BCD000040700000004020400000000000000004F
:10BCE0000000000000000808080808080000020022
:10BCF00000000000000000000040A0A0C000000103
:10BD00000202030204FC2020C00000030202010022
:10BD100000C02020600000010202020000C02024B8
:10BD2000FC0000010202030200C0A0A0C00000014C
:10BD3000020202000020F824240400020302020090
:10BD40000040A0A0602000070A0A0A0404FC20208A
:10BD5000C0000203020003020020E4000000000211
:10BD600003020000000020E40000080808070000AB
:10BD700004FC80E020200203020003020404FC0013
:10BD80000000020203020200E020E020C0000300E5
:10BD90000300030020E02020C00002030200030291
:10BDA00000C02020C00000010202010020E020208D
:10BDB000C000080F0A02010000C02020E0000001BE
:10BDC000020A0F0820E040202000020302000000C9
:10BDD0000060A0A020000002020203000020F82062
:10BDE000000000000102020020E00020E00000014D
:10BDF0000202030220E02080602000000301000016
:10BE00006080E0806000000300030000206080602C
:10BE1000200002030003020020E0208060200808C8
:10BE2000070100000020A0602000000203020200C1
:10BE3000000020DE0200000000070400000000FFF8
:10BE400000000000000F00000002DE2000000004DF
:10BE500007000000020102040402000000000000CC
:10BE600000000000000000000000000000000000D2
:10BE7000000000F800000000000000330000000097
:10BE800000100C02100C0200000000000000000076
:10BE90000040C07840C0780000043F04043F040024
:10BEA00000708888FC08300000182020FF211E0048
:10BEB000F008F0806018000000310C031E211E0005
:10BEC00000F00888700000001E21232C1927211083
:10BED00000120E0000000000000000000000000042
:10BEE000000000E0180402000000000718204000D5
:10BEF00000020418E00000000040201807000000C5
:10BF0000404080F0804040000202010F0102020028
:10BF100000000000E0000000000101010F0101012C
:10BF20000000000000000000009070000000000011
:10BF300000000000000000000001010101010100FB
:10BF40000000000000000000003030000000000091
:10BF500000000000C0380400006018070000000066
:10BF600000E010080810E000000F102020100F0063
:10BF700000001010F8000000000020203F202000EA
:10BF8000007008080808F000003028242221300042
:10BF900000300808088870000018202121221C00A9
:10BFA0000000804030F8000000060524243F2424CF
:10BFB00000F88888880808000019202020110E0049
:10BFC00000E0108888900000000F112020201F0042
:10BFD00000180808886818000000003E01000000F2
:10BFE0000070880808887000001C222121221C0093
:10BFF00000F008080810E0000001122222110F00D2
:10C00000000000C0C0000000000000303000000050
:10C010000000008000000000000000E000000000C0
:10C0200000008040201008000001020408102000D9
:10C030000040404040404000000202020202020074
:10C0400000081020408000000020100804020100B9
:10C0500000704808088870000000003037000000B9
:10C06000C030C828E810E000071827282F2817003C
:10C070000000C038E0000000203C230202273820E6
:10C0800008F8888888700000203F202020110E00CA
:10C09000C0300808080838000718202020100800C1
:10C0A00008F808080810E000203F202020100F00AA
:10C0B00008F88888E8081000203F20202320180076
:10C0C00008F88888E8081000203F200003000000DE
:10C0D000C03008080838000007182020221E02007F
:10C0E00008F808000008F808203F210101213F203E
:10C0F000000808F8080800000020203F2020000069
:10C1000000000808F8080800C08080807F00000058
:10C1100008F888C028180800203F20012638200091
:10C1200008F8080000000000203F202020203000F8
:10C1300008F8F800F8F80800203F013E013F200011
:10C1400008F830C00008F808203F200007183F001A
:10C15000E01008080810E0000F10202020100F0049
:10C1600008F808080808F000203F2101010100003C
:10C17000E01008080810E0000F10282830504F0089
:10C1800008F8888888887000203F2000030C302041
:10C1900000708808080838000038202121221C007F
:10C1A000180808F8080818000000203F20000000C8
:10C1B00008F808000008F808001F202020201F00B1
:10C1C0000878880000C83808000007380E01000011
:10C1D00008F800F800F8080000033E013E030000E4
:10C1E000081868808068180820302C03032C302041
:10C1F0000838C800C83808000000203F20000000B0
:10C2000010080808C8380800203826212020180007
:10C21000000000FE020202000000007F40404000DB
:10C22000000438C000000000000000010638C00013
:10C2300000020202FE000000004040407F000000BB
:10C2400000000402020400000000000000000000E2
:10C2500000000000000000008080808080808080DE
:10C2600000020204000000000000000000000000C6
:10C27000000080808000000000192424123F20006C
:10C2800010F0008080000000003F112020110E00FF
:10C290000000008080800000000E1120202011008E
:10C2A000000080808090F000001F202020103F20A0
:10C2B0000000808080800000001F242424241700B8
:10C2C000008080E0909020000020203F202000008F
:10C2D0000000808080808000006B949494936000C4
:10C2E00010F0008080800000203F210000203F20CF
:10C2F00000809898000000000020203F20200000CF
:10C30000000000809898000000C08080807F0000BE
:10C3100010F0000080808000203F2406293020009B
:10C32000001010F8000000000020203F2020000036
:10C330008080808080808000203F20003F20003F60
:10C340008080008080800000203F210000203F206E
:10C350000000808080800000001F202020201F001F
:10C36000808000808000000080FF912020110E005E
:10C370000000008080008000000E11202091FF80CE
:10C38000808080008080800020203F2120000100EC
:10C390000000808080808000003324242424190041
:10C3A000008080E0808000000000001F202010003E
:10C3B0008080000000808000001F202020103F208F
:10C3C000808080008080800000030C300C0300001F
:10C3D0008080008080008080010E300C07380601CC
:10C3E00000808080008080000020310E2E312000EF
:10C3F000808080000080808000818678180601009F
:10C4000000808080808080000021302C222130003C
:10C410000000000000FC020200000000013E40405D
:10C4200000000000FF00000000000000FF0000000E
:10C430000202FC000000000040403E01000000003D
:10C4400000020102020402000000000000000000DF
:10C4500000000000000000000000000000000000DC
:10C4600000000000000000000000000000000000CC
:10C47000000000000000000000F0F0F000000000EC
:10C480000000000000017F0100000000000000002B
:10C49000001C1C1C0000000000008060301C8C6030
:10C4A000301C0C0000000000000000000000000034
:10C4B000000000000000000000000000000000E09C
:10C4C0000000000000E000000086E69F8686868669
:10C4D000E69F860000011F01010101011F0101000B
:10C4E000000080C06020F820E0C0000000000307CA
:10C4F0000C18FF70E18100000000070F10107F1082
:10C500000F0700008060206080000000E020000035
:10C510000F3020309F70DC371030C0000000100E4C
:10C5200003000718101807000000C02020E0C0001A
:10C530000000000080E01F38E88703C43C040000CE
:10C54000070F1810100B070D1010080000808C4CFE
:10C5500038000000000000000000000000000000A3
:10C5600000000000000000000000000000000000CB
:10C5700000000000000080E030080400000000001F
:10C5800000FEFF0100000000000000000000030F9B
:10C590001820400000040830E08000000000000087
:10C5A0000000000001FFFE00000000000040201815
:10C5B0000F03000000000000000000000000C000A9
:10C5C00000000000004266663C18FF183C666642A8
:10C5D0000000000000000300000000000000000058
:10C5E0000000800000000000001010101010FF106C
:10C5F00010101010000000000000030000000000F8
:10C60000000000000000000000000000000000002A
:10C61000000000000000000000808C4C380000008A
:10C62000000000000000000000000000000000000A
:10C63000001010101010101010101000000000005A
:10C6400000000000000000000000000000000000EA
:10C6500000000000000000000000000000000000DA
:10C6600000001C1C1C000000000000000000000076
:10C6700000000000E0380C000000000080701C0387
:10C68000000000000060380E010000000000000003
:10C69000000080C060202060C080000000FEFF011C
:10C6A0000000000001FFFE000001070E1810101826
:10C6B0000E0701000000808080C0E0000000000044
:10C6C0000000000000FFFF0000000000000010104C
:10C6D000101F1F101010000000804020202020603C
:10C6E000C080000000030300804020381F070000C6
:10C6F000001C1A1918181818181F00000080C020F4
:10C70000202060C080000000000303001010182FDC
:10C71000E780000000070F10101010180F0700002E
:10C72000000000000000C0E0F000000000C0B08881
:10C73000868180FFFF808000000000000010101F35
:10C740001F1010000000E06060606060606000002A
:10C7500000003F1008080818F0E0000000070B1068
:10C760001010101C0F030000000080C0402020208B
:10C77000E0C0000000FCFF211008080818F0E000ED
:10C780000001070C18101010080F03000000C0E093
:10C790006060606060E06000000003000000E0187E
:10C7A0000700000000000000001F1F000000000044
:10C7B0000080C0602020202060C080000087EF2C17
:10C7C0001818303068CF830000070F0810101010C1
:10C7D000180F07000000C0C020202020C0800000EB
:10C7E000001F3F604040402010FFFE0000000C1C76
:10C7F000101010080F0300000000000000000000EF
:10C800000000000000000000000E0E0E00000000FE
:10C8100000000000001C1C1C0000000000000000C4
:10C82000000000000000000000000000000C0C00F0
:10C830000000000000000000005838000000000068
:10C8400000000000000000804020100000001028C0
:10C85000448201000000000000000000000001020E
:10C8600004081000000000000000000000000000AC
:10C870000084848484848484848484000000000090
:10C8800000000000000000000000102040800000B8
:10C890000000000000000000000001824428100099
:10C8A00000001008040201000000000000C0202069
:10C8B0001010101030E0C0000003030000F010085A
:10C8C0000C070300000000001C1C1C0000000000FE
:10C8D000000000C0406020202040C00000FCFF019C
:10C8E000F00E03C1FE03807F0001070E0811111036
:10C8F000110904020000000080E0E00000000000D8
:10C900000000807C4340477FF880000010181F1013
:10C9100000000000131F1C1020E0E02020202060F9
:10C92000C080000000FFFF10101010182FE78000DB
:10C93000101F1F1010101010180F0700000080C0EB
:10C94000402020202060E00000FCFF0100000000EB
:10C95000000001000001070E181010100804030069
:10C9600020E0E02020202040C080000000FFFF00E9
:10C970000000000001FFFE00101F1F10101018081B
:10C980000E07010020E0E020202020202060800011
:10C9900000FFFF101010107C00000000101F1F107F
:10C9A000101010101018060020E0E0202020202099
:10C9B0006060800000FFFF101010107C000001007C
:10C9C000101F1F100000000000000000000080C0C9
:10C9D0006020202040E0000000FCFF0100004040FB
:10C9E000C0C140400001070E181010100F0F0000CA
:10C9F00020E0E0200000000020E0E02000FFFF1029
:10CA00001010101010FFFF00101F1F10000000007A
:10CA1000101F1F100000202020E0E0202020000038
:10CA20000000000000FFFF000000000000001010E8
:10CA3000101F1F101010000000000000202020E038
:10CA4000E020202000000000000000FFFF000000A8
:10CA50000060E0808080C07F3F00000020E0E02098
:10CA6000000020A06020200000FFFF30187CE3C001
:10CA700000000000101F1F10000001131F1C1810E1
:10CA800020E0E020000000000000000000FFFF00A8
:10CA90000000000000000000101F1F1010101010F8
:10CAA0001018060020E0E0E000000000E0E0E020D8
:10CAB00000FF013FFEC0E01E01FFFF00101F10003D
:10CAC000031F0300101F1F1020E0E0C00000000043
:10CAD0000020E02000FF0003071C78E08000FF003A
:10CAE000101F100000000000030F1F00000080C096
:10CAF00060202060C080000000FEFF0100000000F8
:10CB000000FFFE000001070E181010180C070100AE
:10CB100020E0E0202020202060C0800000FFFF20D7
:10CB200020202020301F0F00101F1F1000000000C9
:10CB300000000000000080C060202060C080000075
:10CB400000FEFF010000000000FFFE000001070ED4
:10CB50001111133C7C67210020E0E02020202020E0
:10CB600060C0800000FFFF101030F0D0080F0700F9
:10CB7000101F1F10000000030F1C10100080C06069
:10CB8000202020204040E00000070F0C1818303013
:10CB900060E08100001F0C0810101010180F070033
:10CBA0008060202020E0E020202060800100000044
:10CBB00000FFFF000000000100000000101F1F1018
:10CBC0000000000020E0E020000000000020E02045
:10CBD00000FFFF00000000000000FF0000070F182A
:10CBE00010101010100807002060E0E02000000086
:10CBF00020E060200000077FF88000807C030000B8
:10CC000000000000071F1C070000000020E0E020DB
:10CC100000E0E0200020E0200007FFF8E01FFFFC1C
:10CC2000E01F00000000031F0300011F03000000BD
:10CC3000002060E0A0000020E06020000000000371
:10CC40008F7CF8C6010000000010181E13000117A9
:10CC50001F1810002060E0E02000000020E06020AD
:10CC6000000001073EF8E018070000000000001077
:10CC7000101F1F101000000000806020202020A046
:10CC8000E0E0200000000000C0F03E0F03000000C4
:10CC900000101C1F171010101018060000000000D4
:10CCA00000FC0404040404000000000000FF000075
:10CCB0000000000000000000007F404040404000B5
:10CCC000000010E000000000000000000000000074
:10CCD000031C608000000000000000000000000352
:10CCE0000C70800000000404040404FC0000000038
:10CCF00000000000000000FF0000000000004040B5
:10CD00004040407F0000000000000010080C040CB0
:10CD100008100000000000000000000000000000FB
:10CD20000000000000000000000000000000000003
:10CD300000000000000000000000000000000000F3
:10CD400000000000808080808080808080808080E3
:10CD500000000004040808000000000000000000BB
:10CD600000000000000000000000000000000000C3
:10CD700000000000000000000000000000000000B3
:10CD8000000098D844642424FCF80000000F1F1809
:10CD9000101010081F1F10180020E0F00000000005
:10CDA000000000000000FFFF180804040CF8F00069
:10CDB00000001F0F18101010180F030000000000D3
:10CDC000000000000000000000E0F8180404043C2B
:10CDD0003800000000030F0C1010101008060000AF
:10CDE0000000000000000020E0F0000000E0F81C5F
:10CDF00004040408FFFF000000030F1810101008BF
:10CE00001F0F0800000000000000000000000000EC
:10CE10000000E0F8484444444C7870000000030FE0
:10CE20000C181010100804000000000080C06020E2
:10CE300020E0C00000040404FFFF04040404000018
:10CE4000000010101F1F1010100000000000000054
:10CE50000000000000000000000070F88C04048C4A
:10CE6000F874040C007076CF8D8D8D89C8787000B1
:10CE70000020E0F000000000000000000000FFFFC4
:10CE800008040404FCF8000000101F1F100000102C
:10CE90001F1F100000000000006060000000000084
:10CEA0000000040404FCFC0000000000000010105E
:10CEB000101F1F1010100000000000000000006094
:10CEC0006000000000000000040404FCFC000000FE
:10CED0000000C0C08080C07F3F0000000020E0F064
:10CEE00000000000000000000000FFFF80C0F41CF4
:10CEF0000404000000101F1F1100031F1C1010006D
:10CF00000000202020E0F0000000000000000000F1
:10CF100000FFFF000000000000001010101F1F1095
:10CF200010100000000000000000000000000000E1
:10CF300004FCFC0804FCFC0804FCFC00101F1F108F
:10CF4000001F1F10001F1F10000000000000000045
:10CF5000000000000004FCFC08080404FCF80000C9
:10CF600000101F1F100000101F1F10000000000005
:10CF7000000000000000000000E0F0180C04040CA9
:10CF800018F0E00000030F0C101010100C0F03003D
:10CF90000000000000000000000000000004FCFC95
:10CFA000080404040CF8F0000080FFFF88901010C3
:10CFB0001C0F030000000000000000000000000043
:10CFC00000E0F81C04040408F8FC000000030F183B
:10CFD00010109088FFFF800000000000000000009B
:10CFE00000000000040404FCFC100804040C0C0005
:10CFF0001010101F1F101010000000000000000093
:10D00000000000000000000000003078CCC48484E0
:10D01000840C1C0000001E1810101011190F0600BF
:10D020000000000000C00000000000000004040434
:10D03000FFFF040404000000000000000F1F101098
:10D04000100C0000000000000000000000000000C4
:10D050000004FCFE00000004FCFE000000000F1FA6
:10D06000181010081F0F080000000000000000004A
:10D070000000000000040C3CFCC40000C43C0C0494
:10D0800000000000010F1E0E010000000000000063
:10D090000000000000000000043CFCC400E47CFC34
:10D0A00084807C040000071F070000071F070000A2
:10D0B0000000000000000000000000000004041C4C
:10D0C0007CE4C0341C0404000010101C1601131F63
:10D0D0001C1810000000000000000000000000000C
:10D0E00000040C3CFCC400C43C0404000000C080EC
:10D0F000C1370E0100000000000000000000000029
:10D100000000000000001C0404C4F47C1C040000A7
:10D110000000101C1F17111010180E000000000056
:10D12000000000F80C04000000000000001028EFD0
:10D1300000000000000000000000003F6040000010
:10D14000000000000000FF000000000000000000E0
:10D150000000FF0000000000000000000000FF00D1
:10D16000000000000000040CF800000000000000B7
:10D1700000000000EF2810000000000000004060E8
:10D180003F00000000000000001806020204081022
:10D190002020300800000000000000000000000017
:10D1A000000000000000000000000000000000007F
:10D1B000000000000000000000000000000000006F
:10D1C000000000000000000000000000000000005F
:10D1D000000000000000000000000000000000004F
:10D1E000000000000000000000000000000000003F
:10D1F000000000000000000000000000000000002F
:10D20000000000000000000000000000000000001E
:10D21000000000000000000000000000000000000E
:10D2200000000000000000000000000000000000FE
:10D2300000000000000000000000000000000000EE
:10D2400000000000000000000000000000000000DE
:10D25000000000000000C0E0F0F0F8000000000056
:10D260000000000000000000000000000000FFFFC0
:10D27000FFFFFF00000000000000000000000000B1
:10D280000000000000000F1F1F3F3F0000000000D3
:10D2900000000000000000000000000000007E7E92
:10D2A0007E7E7E0000000000000000000000000004
:10D2B000000000000000000000000000000000006E
:10D2C000000000000000000000000000000000005E
:10D2D000000000000000000000000000000000004E
:10D2E00000000000000000F8F8F8000080F8F8786E
:10D2F0000000000000000000000000000000080F17
:10D300000F0700000F0F0F000000000000000000DA
:10D31000000000000000000000000000000000000D
:10D3200000000000000000000000000000000000FD
:10D3300000000000000000000000000000000000ED
:10D3400000000000000000000000000000000000DD
:10D3500000000000000000000000000000000000CD
:10D3600000000000000000000000000000000000BD
:10D3700000000000000000000000000000000000AD
:10D3800080F878000000000000C0F83800000000BD
:10D39000203030303030F0FC3F333030303030F03F
:10D3A000FE3F33300000303030303030F0FE3F315F
:10D3B00030303030B0F0FF3F31303030000000000E
:10D3C0000000707F0F000000000040787F07000021
:10D3D000000000000000000000000000000000004D
:10D3E000000000000000000000000000000000003D
:10D3F00000000000000000008080800000000000AD
:10D4000000000000000080C0E0C090383838383795
:10D410003F3F3F3F38383838380800000000FFFFF2
:10D42000FF7F7F808080808080808080808080807F
:10D4300000000000000000000203030303030303D5
:10D440000303030303030303FBFBFCFC0000004096
:10D4500060607078787878B8B8D8B8B87878787824
:10D4600037070F0700000000000000000000000365
:10D47000070F070700000000000000000000000088
:10D48000000000000000000000000000000000009C
:10D49000000000000080C0E0E0D03838383838386C
:10D4A0003838383838D0E0E0C0800000003F3F7F97
:10D4B0007FBFC0C0C0C0C0C0C0C0C0C0C0BF7F7F31
:10D4C0003F3F0000000000000000010101010101D8
:10D4D0000101010101C0E0F0F8F878380000000017
:10D4E000000000000000006070787C7E3F1F0F0786
:10D4F000010000000000000000000000000000002B
:10D50000000000000000000000000000000000001B
:10D51000000000000000000000000000000000000B
:10D52000000000000000C0E0E0F0F838383838387B
:10D530003838383838383810100000000000FF7FC5
:10D540007F7F3F000000000000808080808080801E
:10D55000787CFE7C0000FCFCFCFCF8000000000174
:10D560000103030303030303FDFCFEFD00000707A3
:10D570000F2777707070707070707070707070209E
:10D5800027070F0700000000000000000000000057
:10D59000000000000000000000000000000000008B
:10D5A000000000000000000000000000000000007B
:10D5B00000000000000000F8F8F800000000000083
:10D5C00000000000000000000000000000000E0F3E
:10D5D0000F0100000000000000000000000000003B
:10D5E000000000000000000000000000000000003B
:10D5F000000000000000000000000000000000002B
:10D60000000000000000000000000000000000001A
:10D61000000000000000000000000000000000000A
:10D6200000000000000000000000000000000000FA
:10D6300000000000000000000000000000000000EA
:10D6400000000000000080C0E0D0B838383818185A
:10D650000800000000000000000000000000FFFFC4
:10D66000FF7F7F00000000000000000000000000BD
:10D67000000000000000FFFCFCFCF80000000000BF
:10D68000000000000000000000000000000007078C
:10D690000F2777707070606040000000000000008D
:10D6A000000000000000000000000000000000007A
:10D6B000000000000000000000000000000000006A
:10D6C000000000000000000000000000000000005A
:10D6D00000000000000008183838383890D0E0C04A
:10D6E00080000000000000000000000000000000BA
:10D6F000000000007F7FFFFFFF000000000000002F
:10D70000000000000000000000000000F8F8FCFC31
:10D71000FF0000000000000000000000000040606A
:10D720007070707027270F070700000000000000CE
:10D7300000000000000000000000000000000000E9
:10D7400000000000000000000000000000000000D9
:10D7500000000000000000000000000000000000C9
:10D76000000000000000000000000000FCFEFEFEC3
:10D77000FC0000000000000000000000003078788D
:10D780007C3C3C3E1E1C010C1E1E3E3C7C787830CE
:10D790000000000000000000000000000000000089
:10D7A0000000000000000000000000000000000079
:10D7B0000000000000000000000000000000000069
:10D7C0000000000000000000000000000000000059
:10D7D0000000000000000000000000000000000049
:10D7E0000000000000000000000000000000000039
:10D7F0000000000000000000000000000000000029
:10D800000000000000000000000000000000008098
:10D81000808080808080007C7CFE7E7E8080808016
:10D82000808080800000020303030303030301F9E7
:10D83000FCFEFDF9030303030303030100000000E2
:10D8400000000000000000010100000000000000D6
:10D8500000000000000000000000000000000000C8
:10D8600000000000000000000000000000000000B8
:10D8700000000000000000000000000000000000A8
:10D880000000000000000000000000000000000098
:10D890000000000000000000000000000000000088
:10D8A0000000000000000000000000000000000078
:10D8B0000000000000000000000000000000000068
:10D8C000000000000000000000000000C0F8FCFCA8
:10D8D000FC3C04000000000000000000000000000C
:10D8E000000000000303030301000000000000002B
:10D8F0000000000000000000000000000000000028
:10D900000000000000000000000000000000000017
:10D910000000000000000000000000000000000007
:10D9200000000000000000000000000000000000F7
:10D9300000000000000000000000000000000000E7
:10D9400000000000000020303838383838383838C7
:10D9500038383818080000000000000000000000FF
:10D9600000000000000000000000000000000000B7
:10D9700000000000000000000000000000000000A7
:10D980000000000000000000000000000000000097
:10D990000000000000000000000000000000000087
:10D9A0000000000000000000000000000000000077
:10D9B0000000000000000000000000000000000067
:10D9C0000000000000000000000000000000000057
:10D9D0000000000000000000000000000000000047
:10D9E000000000000000000000000000007C7C7CC3
:10D9F0007C7C00000000000000000000000000002F
:10DA00000000000000000000000000000000000016
:10DA10000000000000000000000000000000000006
:10DA200000000000000000000000000000000000F6
:10DA300000000000000000000000000000000000E6
:10DA4000000000000000000080C0E0F000000000C6
:10DA5000000000000000000000000060F0F8FCFF83
:10DA60007F1F0F0700000000000000C0E0F0F8FC7E
:10DA7000FC7C3C1C0C010100000000000060707880
:10DA80007C7E7F3F1F0F07010000000000000000A8
:10DA90000000000000000000000000000000000086
:10DAA0000000000000000000000000000000000076
:10DAB0000000000000000000000000000000000066
:10DAC00000000000000080C0E0D0B8383838383896
:10DAD00038383838383838D0F0E0E0C00000FFFF80
:10DAE000FF7F7F0000000000000000000000003FFA
:10DAF0007F7F7FFF0000FFFCFCFCF80000000000BF
:10DB000000000000000000F8FCFCFCFC0000070F17
:10DB10000F2F7770707070707070707070707027E9
:10DB2000270F0707000000000000000000000000B1
:10DB300000000000000000000000000000000000E5
:10DB400000000000000000000000000000000000D5
:10DB5000000000000000000000000000000000C005
:10DB6000E0F0F0F8000000000000000000000000FD
:10DB7000000000000000007F7FFFFFFF00000000AA
:10DB8000000000000000000000000000000000F89D
:10DB9000F8FCFCFF00000000000000000000000096
:10DBA000000000000000000F1F3F3F7F000000004A
:10DBB0000000000000000000000000000000000065
:10DBC0000000000000000000000000000000000055
:10DBD0000000000000000000000000000000000045
:10DBE0000000000000000020203038383838383875
:10DBF0003838383838383890D0E0C080000000001D
:10DC00000000808080808080808080808080807F15
:10DC10007FFFFFFF0000FCFCFDFBFB03030303038E
:10DC200003030303030303030302000000000707C9
:10DC30002F27777070707070707070707070707067
:10DC400060604000000000000000000000000000D4
:10DC500000000000000000000000000000000000C4
:10DC600000000000000000000000000000000000B4
:10DC700000000000000008183838383838383838C4
:10DC8000383838383890D0E0C080000000000000FC
:10DC9000808080808080808080808080807F7FFF07
:10DCA000FFFF00000001010103030303030303035B
:10DCB0000303030303FBFBFCFCFF000000004060C8
:10DCC0007070707070707070707070707027270F47
:10DCD0000707000000000000000000000000000036
:10DCE0000000000000000000000000000000000034
:10DCF0000000000000000000000000000000000024
:10DD0000000000000000F8F0E0E0C00000000000AB
:10DD100000000000000000C0E0F0F0F80000FFFF8D
:10DD2000FF7F7F8080808080808080808080807F77
:10DD30007FFFFFFF00000000020303030303030350
:10DD400003030303030303FBFBFCFCFF00000000D1
:10DD50000000000000000000000000000000000FB4
:10DD60001F3F3F7F00000000000000000000000097
:10DD700000000000000000000000000000000000A3
:10DD80000000000000000000000000000000000093
:10DD900000000000000080C0E0D0B83838383838C3
:10DDA0003838383838383818180808000000FFFFAD
:10DDB000FF7F7F80808080808080808080808080E6
:10DDC000000000000000000002030303030303033C
:10DDD00003030303030303FBFBFDFCFC0000004003
:10DDE000607070707070707070707070707070278C
:10DDF000270F0707000000000000000000000000DF
:10DE00000000000000000000000000000000000012
:10DE10000000000000000000000000000000000002
:10DE200000000000000080C0E0D0B8383838383832
:10DE30003838383838383818180808000000FFFF1C
:10DE4000FF7F7F8080808080808080808080808055
:10DE5000000000000000FFFCFCFBFB0303030303C6
:10DE600003030303030303FBFBFDFCFC0000070F9C
:10DE70001F2F777070707070707070707070702776
:10DE8000270F07070000000000000000000000004E
:10DE90000000000000000000000000000000000082
:10DEA0000000000000000000000000000000000072
:10DEB000000000000008181838383838383838386A
:10DEC000383838383898D8E8F0F000000000000002
:10DED000000000000000000000000000007F7FFF45
:10DEE000FFFF000000000000000000000000000034
:10DEF0000000000000F8F8FCFCFF0000000000003B
:10DF0000000000000000000000000000000F1F3FA4
:10DF10003F7F000000000000000000000000000043
:10DF200000000000000000000000000000000000F1
:10DF300000000000000000000000000000000000E1
:10DF400000000000000080C0E0D0B8383838383811
:10DF50003838383838383890D0E0C0800000FFFFBB
:10DF6000FF7F7F8080808080808080808080807F35
:10DF70007F7FFFFF0000FFFCFCFDFB0303030303A7
:10DF800003030303030303FBFBFDFCFC0000070F7B
:10DF90001F2F777070707070707070707070702755
:10DFA000270F07070000000000000000000000002D
:10DFB0000000000000000000000000000000000061
:10DFC0000000000000000000000000000000000051
:10DFD00000000000000080C0E0D0B8383838383881
:10DFE0003838383838383890D0E0C0800000FFFF2B
:10DFF000FF7F7F0080808080808080808080007FA5
:10E000007FFFFFFF0000000002030303030303037D
:10E0100003030303030303FBFBFCFCFF00000000FE
:10E020004060707070707070707070707070702779
:10E03000270F07070000000000000000000000009C
:10E0400000000000000000000000000000000000D0
:10E0500000000000000000000000000000000000C0
:10E0600000000000000000000000000000000000B0
:10E0700000000000000000000000000000E0E0E000
:10E08000E0E00000000000000000000000000000D0
:10E09000000000000007070707070000000000005D
:10E0A000000000000000000000000000007E7E7EF6
:10E0B0007E7E000000000000000000000000000064
:10E0C0000000000000000000000000000000000050
:10E0D0000000000000000000000000000000000040
:10E0E0000000000000000000000000000000000030
:10E0F0000000000000000000000000000000000020
:10E1000000000000000000000000000000E0E0E06F
:10E11000E0E000000000000000000000000000003F
:10E1200000000000000707070707000000000000CC
:10E13000000000000000000000000000F0FEFEFEF5
:10E14000FE1E0200000000000000000000000000B1
:10E1500000000000030303030100000000000000B2
:10E1600000000000000000000000000000000000AF
:10E17000000000000000000000000000000000009F
:10E18000000000000000000000000000000000008F
:10E1900000000000000000000000008000000000FF
:10E1A000008080C0C0C0E0E0F07078383C1C1C0EDD
:10E1B0000E0F070700000003030307070F0D0C18DD
:10E1C000183830306060C0C0C0808000000000009F
:10E1D000000000000000000000000000000000003F
:10E1E0000101010300000000000000000000000029
:10E1F000000000000000000000000000000000001F
:10E20000000000000000000000000000000000000E
:10E2100000000000000000000000000000000000FE
:10E22000000000000000000000000000000000806E
:10E23000E0E0E0E0E0E0E0E0E0E0E0E0E0E0E0E0DE
:10E24000E0E0E060000000101C1C1C1C1C1C1C1CDE
:10E250001C1C1C1C1C1C1C1C1C1C1C0C000000007E
:10E2600000000000000000000000000000000000AE
:10E27000000000000000000000000000000000009E
:10E28000000000000000000000000000000000008E
:10E29000000000000000000000000000000000007E
:10E2A00000000000000080000000000000000000EE
:10E2B0000000000000000000000000000000030754
:10E2C000070F0E1E1C1C38387870F0E0E0C0C080CC
:10E2D00080800000000000808080C0C0E06060306E
:10E2E000303818180C0D0F07070303030000030351
:10E2F000010100000000000000000000000000001C
:10E30000000000000000000000000000000000000D
:10E3100000000000000000000000000000000000FD
:10E3200000000000000000000000000000000000ED
:10E33000000000000010383838383838383838389D
:10E3400038383890D0E0C0800000000000000000A5
:10E3500000000000808080808080807F7FFFFFFF42
:10E36000000000000000000000007F7E7E7D790339
:10E37000030303030302000000000000000000008C
:10E3800000007E7E7E7E7E00000000000000000017
:10E39000000000000000000000000000000000007D
:10E3A000000000000000000000000000000000006D
:10E3B000000000000000000000000000000000005D
:10E3C0000000000000000000000000000080C0C04D
:10E3D000E06060303030189898989898000000C03D
:10E3E000F0FC3E0F0703010080E0F87C1E070301EC
:10E3F000000000000000000F7FFFF0C08000000060
:10E400001F7FFFC0800000000080C0E0000000000F
:10E4100000000103070F0E1C1C383831337363638F
:10E420006361616000000000000000000000000067
:10E4300000000000000000000000000000000000DC
:10E4400000000000000000000000000000000000CC
:10E45000000000000000F0E0E8D89838383838387C
:10E460003838383838383898D8E8F0F00000FFFFEE
:10E47000FF7F7F8080808080808080808080807F20
:10E480007F7FFFFF0000FFFCFCFDFB030303030392
:10E4900003030303030303FBFBFDFCFC00007F3FBE
:10E4A0001F1F0F0000000000000000000000000F10
:10E4B0001F3F3F7F00000000000000000000000040
:10E4C000000000000000000000000000000000004C
:10E4D000000000000000000000000000000000003C
:10E4E000000000000000F0E0E8D8983838383838EC
:10E4F00038383838383838B8D0E0C0800000FFFFEE
:10E50000FF7F7F8080808080808080808080807F8F
:10E510007F7FFFFF0000FFFCFCFDFB030303030301
:10E5200003030303030303FBFBFDFCFC00003F5F4D
:10E530005F6F6770707070707070707070707077EF
:10E54000270F070700000000000000000000000087
:10E5500000000000000000000000000000000000BB
:10E5600000000000000000000000000000000000AB
:10E5700000000000000080C0E0D0B83838383838DB
:10E580003838383838383818180808000000FFFFC5
:10E59000FF7F7F000000000000000000000000007E
:10E5A000000000000000FFFCFCF8F8000000000084
:10E5B000000000000000000000000000000007074D
:10E5C0000F277770707070707070707070707060FE
:10E5D000604040000000000000000000000000005B
:10E5E000000000000000000000000000000000002B
:10E5F000000000000000000000000000000000001B
:10E60000000000000000F0E8E8D8983838383838C2
:10E6100038383838383838D0F0E0E0C00000FFFF34
:10E62000FF7F7F0000000000000000000000003FAE
:10E630007F7F7FFF0000FFFCFCFCF8000000000073
:10E6400000000000000000F8FCFCFCFC00003F5F44
:10E650005F6F6770707070707070707070707077CE
:10E66000270F070700000000000000000000000066
:10E67000000000000000000000000000000000009A
:10E68000000000000000000000000000000000008A
:10E69000000000000000F0F0E8C8D83838383838FA
:10E6A0003838383838383838181808000000FFFF74
:10E6B000FF7F7F80808080808080808080808080DD
:10E6C000000000000000FFFCFCFBFB03030303034E
:10E6D00003030303030303030301010000003F3F9F
:10E6E0005F4F6F707070707070707070707070705D
:10E6F000606040000000000000000000000000001A
:10E700000000000000000000000000000000000009
:10E7100000000000000000000000000000000000F9
:10E72000000000000000F0F0E8C8D8383838383869
:10E730003838383838383838181808000000FFFFE3
:10E74000FF7F7F808080808080808080808080804C
:10E75000000000000000FFFCFCFBFB0303030303BD
:10E7600003030303030303030301010000007F3FCE
:10E770003F1F0F000000000000000000000000002C
:10E780000000000000000000000000000000000089
:10E790000000000000000000000000000000000079
:10E7A0000000000000000000000000000000000069
:10E7B00000000000000080C0E0D0B8383838383899
:10E7C0003838383838383818180808000000FFFF83
:10E7D000FF7F7F00000000000080808080808080BC
:10E7E000000000000000FFFCFCF8F8000000010140
:10E7F00001030303030303FBFBFDFCFC0000070F05
:10E800001F2F7770707070707070707070707027DC
:10E81000270F0707000000000000000000000000B4
:10E8200000000000000000000000000000000000E8
:10E8300000000000000000000000000000000000D8
:10E84000000000000000F8F0E0E0C0000000000060
:10E8500000000000000000C0E0F0F0F80000FFFF42
:10E86000FF7F7F8080808080808080808080807F2C
:10E870007F7FFFFF0000FFFCFCFDFB03030303039E
:10E8800003030303030303FBFBFDFCFC00007F3FCA
:10E890001F1F0F0000000000000000000000000F1C
:10E8A0001F3F3F7F0000000000000000000000004C
:10E8B0000000000000000000000000000000000058
:10E8C0000000000000000000000000000000000048
:10E8D000000000000000C0E0F0F0F80000000000C0
:10E8E00000000000000000000000000000007F7F2A
:10E8F000FFFFFF000000000000000000000000001B
:10E90000000000000000F8F8FCFCFF000000000020
:10E9100000000000000000000000000000000F1FC9
:10E920003F3F7F00000000000000000000000000EA
:10E9300000000000000000000000000000000000D7
:10E9400000000000000000000000000000000000C7
:10E9500000000000000000000000000000000000B7
:10E9600000000000000000000000000000000000A7
:10E9700000000000000000C0E0F0F0F8000000001F
:10E980000000000000000000000000000000003F48
:10E990007F7F7FFF0000FEFCFCFCF8000000000011
:10E9A00000000000000000F8F8FCFCFC00003F1F25
:10E9B0005F6F67707070707070707070707070677B
:10E9C0006F5F5F3F000000000000000000000000DB
:10E9D0000000000000000000000000000000000037
:10E9E0000000000000000000000000000000000027
:10E9F000000000000000F8F0E0E0C00000000000AF
:10EA0000008080C0E0E0F0F8F87838380000FFFFC0
:10EA1000FF7F7F80B8BCBCBE9F8F8F878383818040
:10EA2000000000000000FFFCFCFBFB0303030303EA
:10EA300003030303030303FBFBFDFCFC00007F3F18
:10EA40001F1F0F0000000000000000000000000F6A
:10EA50001F3F3F7F0000000000000000000000009A
:10EA600000000000000000000000000000000000A6
:10EA70000000000000000000000000000000000096
:10EA8000000000000000F8F0F0E0C000000000000E
:10EA90000000000000000000000000000000FFFF78
:10EAA000FF7F7F0000000000000000000000000069
:10EAB000000000000000FFFCFCF8F800000000006F
:10EAC00000000000000000F8F8FCFCFC00003F1F04
:10EAD0005F6F67707070707070707070707070675A
:10EAE0006F5F5F3F000000000000000000000000BA
:10EAF0000000000000000000000000000000000016
:10EB00000000000000000000000000000000000005
:10EB1000000000000000F0F0E8D8983838383838A5
:10EB20003838383838383838D8D8E8D80000FFFFB7
:10EB3000FF7F7F00000000000000000000000000D8
:10EB40007FFFFFFF0000FFFCFCFCF800000000005E
:10EB50000000000000000000F8FCFEFC00007F3F09
:10EB60001F1F0F0000000000000000000000000058
:10EB70001F3F7F3F00000000000000000000000079
:10EB80000000000000000000000000000000000085
:10EB90000000000000000000000000000000000075
:10EBA000000000000000F0E0E8D898383838383825
:10EBB0003838383838383898D8E8F0F00000FFFF97
:10EBC000FF7F7F0000000000000000000000003F09
:10EBD0007F7F7FFF0000FFFCFCFCF80000000000CE
:10EBE00000000000000000F8F8FCFCFC00007F3F83
:10EBF0001F1F0F0000000000000000000000000FB9
:10EC00001F3F3F7F000000000000000000000000E8
:10EC100000000000000000000000000000000000F4
:10EC200000000000000000000000000000000000E4
:10EC300000000000000080C0E0D0B8383838383814
:10EC400038383838383838D0F0E0E0C00000FFFFFE
:10EC5000FF7F7F0000000000000000000000003F78
:10EC60007F7F7FFF0000FFFCFCFCF800000000003D
:10EC700000000000000000F8FCFCFCFC0000070F96
:10EC80000F2F777070707070707070707070702768
:10EC9000270F070700000000000000000000000030
:10ECA0000000000000000000000000000000000064
:10ECB0000000000000000000000000000000000054
:10ECC000000000000000F0E0E8D898383838383804
:10ECD00038383838383838B8D0E0C0800000FFFF06
:10ECE000FF7F7F8080808080808080808080807FA8
:10ECF0007F7FFFFF0000FFFCFCFDFB03030303031A
:10ED000003030303030303030301020000007F3F27
:10ED10003F1F0F0000000000000000000000000086
:10ED200000000000000000000000000000000000E3
:10ED300000000000000000000000000000000000D3
:10ED400000000000000000000000000000000000C3
:10ED500000000000000080C0E0D0B83838383838F3
:10ED60003838383838383890D0C0C0800000FFFFBD
:10ED7000FF7F7F0000000000000000000000007F17
:10ED8000FFFFFFFF0000FCF8F8F8F00000000000B3
:10ED900000000000000000F8FCFCFCFF00000F1F5A
:10EDA0001F3F7F7070707060605010307070F0F7AF
:10EDB000F7EFC7C7000000000000000000000000DF
:10EDC0000000000000000000010303070000000035
:10EDD0000000000000000000000000000000000033
:10EDE000000000000000F0E0E8D8983838383838E3
:10EDF00038383838383838B8D0E0C0800000FFFFE5
:10EE0000FF7F7F8080808080808080808080807F86
:10EE10007F7FFFFF0000FFFCFCFDFB0303030303F8
:10EE200003031B3BFBFBFBF3E381020000003F1FDE
:10EE30000F0F07000000000000000000000107079E
:10EE40000F0F1F1E00000000000000000000000067
:10EE500000000000000000000000000000000000B2
:10EE600000000000000000000000000000000000A2
:10EE700000000000000080C0F0D0B83838383838C2
:10EE80003838383838383818180808000000FFFFBC
:10EE9000FF7F7F80808080808080808080808080F5
:10EEA000000000000000000002030303030303034B
:10EEB00003030303030303FBFBFDFCFC0000004012
:10EEC00060607070707070707070707070707027AB
:10EED000270F0707000000000000000000000000EE
:10EEE0000000000000000000000000000000000022
:10EEF0000000000000000000000000000000000012
:10EF000000000000000818383838383838D8D8E8F9
:10EF1000D8D83838383838381808000000000000D1
:10EF200000000000007FFFFFFF7F000000000000E6
:10EF300000000000000000000000000000F8FCFFDE
:10EF4000FCFC0000000000000000000000000000C9
:10EF500000000000003F3F7F3F3F00000000000036
:10EF600000000000000000000000000000000000A1
:10EF70000000000000000000000000000000000091
:10EF80000000000000000000000000000000000081
:10EF9000000000000000F8F0E0E0C0000000000009
:10EFA00000000000000000C0E0F0F0F80000FFFFEB
:10EFB000FF7F7F0000000000000000000000003F15
:10EFC0007F7F7FFF0000FFFCFCFCF80000000000DA
:10EFD00000000000000000F8FCFCFCFC0000070F33
:10EFE0000F2F777070707070707070707070702705
:10EFF000270F0707000000000000000000000000CD
:10F000000000000000000000000000000000000000
:10F0100000000000000000000000000000000000F0
:10F02000000000000000F0F0E0C0800000000000E0
:10F0300000000000000000C0E0E0F0F80000FFFF6A
:10F04000FF7F7F0000000000000000000000007F44
:10F05000FFFFFFFF000003060E3E7EFCFCF8F0E021
:10F06000C080C0E0F8FCFC7C3E0E060300000000FF
:10F070000000000001070F1F7F013F1F0703010071
:10F080000000000000000000000000000000000080
:10F090000000000000000000000000000000000070
:10F0A0000000000000000000000000000000000060
:10F0B000000000000000F8F0E0E0C00000000000E8
:10F0C0000000000000000000E0F0F8F00000FFFF8A
:10F0D000FF7F7F0000000000000000000000000033
:10F0E0007FFFFFFF0000FCF8F8F8F00000000000D0
:10F0F0000000000000000000FCFCFDFC0000070711
:10F100000F272770707070707070707070707070F2
:10F1100067674F670000000000000000000000006B
:10F1200000000000000000000000000000000000DF
:10F1300000000000000000000000000000000000CF
:10F1400000000000003878F8F8F8F0C080000000F7
:10F1500000000080C0F0F8F8F878380000000001E6
:10F16000030F1F3FFFFEFCF838FCFEFF3F1F0F039D
:10F170000100000000000000C0E0F0FCFEFF7F1F67
:10F1800030FFFFFCF8E0C0000000000000787E7F48
:10F190007F3F0F0701000000000001070F1F7F7F66
:10F1A0007E787000000000000000000000000000F9
:10F1B000000000000000000000000000000000004F
:10F1C000000000000000000000000000000000003F
:10F1D000000000000000F8F0E0E0C00000000000C7
:10F1E0000000000000000000C0E0F0F00000FFFFA1
:10F1F000FF7F7F8080808080808080808080808092
:10F200007F7FFFFF0000000002030303030303FBF3
:10F21000FBFBFBFB030303030301000000000000F2
:10F22000000000000000003F3F7F3F3F0000000063
:10F2300000000000000000000000000000000000CE
:10F2400000000000000000000000000000000000BE
:10F2500000000000000000000000000000000000AE
:10F2600000000000000008081838383838383838EE
:10F270003838B8E8F0F8F8F8781800000000000016
:10F2800000000000000000307CFEFF7F1F0F030025
:10F29000000000000000000080C0F0FCFCFC7E1EAE
:10F2A00006030000000000000000000040707C7EAB
:10F2B0007F7F1F4F737070707070707070706040DF
:10F2C00040000000000000000000000000000000FE
:10F2D000000000000000000000000000000000002E
:10F2E000000000000000000000000000000000001E
:10F2F000000000000000F0F0E8C8D83838381818CE
:10F300000800000000000000000000000000FFFFF7
:10F31000FF7F7F00000000000000000000000000F0
:10F32000000000000000FFFCFCF8F80000000000F6
:10F3300000000000000000000000000000003F5F2F
:10F340005F6F677070706060400000000000000038
:10F3500000000000000000000000000000000000AD
:10F36000000000000000000000000000000000009D
:10F37000000000000000000000000000000000008D
:10F380000000000000000078F8F8C0000000000055
:10F39000000000000000000000000000000000006D
:10F3A000077FFFFCC000000000000000000000001C
:10F3B00000000000000000000000077FFFFCC0000C
:10F3C000000000000000000000000000000000003D
:10F3D00000000000077F7F7C40000000000000006C
:10F3E000000000000000000000000000000000001D
:10F3F000000000000000000000000000000000000D
:10F4000000000000000000000000000000000000FC
:10F41000000000000008081838383898D8E8E8F0EC
:10F4200000000000000000000000000000000000DC
:10F430000000007F7FFFFFFF0000000000000000D1
:10F440000000000000000000000000F8F8FCFCFFD5
:10F4500000000000000000000000000000404060CC
:10F46000707070676F5F5F3F000000000000000079
:10F47000000000000000000000000000000000008C
:10F48000000000000000000000000000000000007C
:10F49000000000000000000000000000000000006C
:10F4A000000000000000000000000000000000005C
:10F4B00000008000000000000000000000000000CC
:10F4C0000000000000C0E0F87C3E0F1F3EF8F0E0B6
:10F4D0008000000000000080E0F07C3E1F07030079
:10F4E00000000000000001030F1F7CF80000010174
:10F4F000010100000000000000000000000000000A
:10F5000000000000000000000000000000000000FB
:10F5100000000000000000000000000000000000EB
:10F5200000000000000000000000000000000000DB
:10F5300000000000000000000000000000000000CB
:10F5400000000000000000000000000000000000BB
:10F5500000000000000000000000000000000000AB
:10F56000000000000000000000000000000000009B
:10F57000000000000000000000000000000080808B
:10F58000808080808080808080808080808080807B
:10F5900080000000000000000000000000000000EB
:10F5A000000000000000000000000000000000005B
:10F5B000000000000000000000000000000000004B
:10F5C000000000000000000000000000000000003B
:10F5D000000000000000000000000000103070F08B
:10F5E000F0F0E0C08000000000000000000000001B
:10F5F0000000000000000001010101010100000005
:10F6000000000000000000000000000000000000FA
:10F6100000000000000000000000000000000000EA
:10F6200000000000000000000000000000000000DA
:10F6300000000000000000000000000000000000CA
:10F6400000000000000000000000000000000000BA
:10F65000000000000000F0E0E8D89838383838386A
:10F660003838383838383898D8E8F0F00000FFFFDC
:10F67000FF7F7F8080808080808080808080807F0E
:10F680007F7FFFFF0000FFFCFCFDFB030303030380
:10F6900003030303030303FBFBFDFCFC00007F3FAC
:10F6A0001F1F0F0000000000000000000000000FFE
:10F6B0001F3F3F7F0000000000000000000000002E
:10F6C000000000000000000000000000000000003A
:10F6D000000000000000000000000000000000002A
:10F6E000000000000000F0E0E8D8983838383838DA
:10F6F00038383838383838B8D0E0C0800000FFFFDC
:10F70000FF7F7F8080808080808080808080807F7D
:10F710007F7FFFFF0000FFFCFCFDFB0303030303EF
:10F7200003030303030303FBFBFDFCFC00003F5F3B
:10F730005F6F6770707070707070707070707077DD
:10F74000270F070700000000000000000000000075
:10F7500000000000000000000000000000000000A9
:10F760000000000000000000000000000000000099
:10F7700000000000000080C0E0D0B83838383838C9
:10F780003838383838383818180808000000FFFFB3
:10F79000FF7F7F000000000000000000000000006C
:10F7A000000000000000FFFCFCF8F8000000000072
:10F7B000000000000000000000000000000007073B
:10F7C0000F277770707070707070707070707060EC
:10F7D0006040400000000000000000000000000049
:10F7E0000000000000000000000000000000000019
:10F7F0000000000000000000000000000000000009
:10F80000000000000000F0E8E8D8983838383838B0
:10F8100038383838383838D0F0E0E0C00000FFFF22
:10F82000FF7F7F0000000000000000000000003F9C
:10F830007F7F7FFF0000FFFCFCFCF8000000000061
:10F8400000000000000000F8FCFCFCFC00003F5F32
:10F850005F6F6770707070707070707070707077BC
:10F86000270F070700000000000000000000000054
:10F870000000000000000000000000000000000088
:10F880000000000000000000000000000000000078
:10F89000000000000000F0F0E8C8D83838383838E8
:10F8A0003838383838383838181808000000FFFF62
:10F8B000FF7F7F80808080808080808080808080CB
:10F8C000000000000000FFFCFCFBFB03030303033C
:10F8D00003030303030303030301010000003F3F8D
:10F8E0005F4F6F707070707070707070707070704B
:10F8F0006060400000000000000000000000000008
:10F9000000000000000000000000000000000000F7
:10F9100000000000000000000000000000000000E7
:10F92000000000000000F0F0E8C8D8383838383857
:10F930003838383838383838181808000000FFFFD1
:10F94000FF7F7F808080808080808080808080803A
:10F95000000000000000FFFCFCFBFB0303030303AB
:10F9600003030303030303030301010000007F3FBC
:10F970003F1F0F000000000000000000000000001A
:10F980000000000000000000000000000000000077
:10F990000000000000000000000000000000000067
:10F9A0000000000000000000000000000000000057
:10F9B00000000000000080C0E0D0B8383838383887
:10F9C0003838383838383818180808000000FFFF71
:10F9D000FF7F7F00000000000080808080808080AA
:10F9E000000000000000FFFCFCF8F800000001012E
:10F9F00001030303030303FBFBFDFCFC0000070FF3
:10FA00001F2F7770707070707070707070707027CA
:10FA1000270F0707000000000000000000000000A2
:10FA200000000000000000000000000000000000D6
:10FA300000000000000000000000000000000000C6
:10FA4000000000000000F8F0E0E0C000000000004E
:10FA500000000000000000C0E0F0F0F80000FFFF30
:10FA6000FF7F7F8080808080808080808080807F1A
:10FA70007F7FFFFF0000FFFCFCFDFB03030303038C
:10FA800003030303030303FBFBFDFCFC00007F3FB8
:10FA90001F1F0F0000000000000000000000000F0A
:10FAA0001F3F3F7F0000000000000000000000003A
:10FAB0000000000000000000000000000000000046
:10FAC0000000000000000000000000000000000036
:10FAD000000000000000C0E0F0F0F80000000000AE
:10FAE00000000000000000000000000000007F7F18
:10FAF000FFFFFF0000000000000000000000000009
:10FB0000000000000000F8F8FCFCFF00000000000E
:10FB100000000000000000000000000000000F1FB7
:10FB20003F3F7F00000000000000000000000000D8
:10FB300000000000000000000000000000000000C5
:10FB400000000000000000000000000000000000B5
:10FB500000000000000000000000000000000000A5
:10FB60000000000000000000000000000000000095
:10FB700000000000000000C0E0F0F0F8000000000D
:10FB80000000000000000000000000000000003F36
:10FB90007F7F7FFF0000FEFCFCFCF80000000000FF
:10FBA00000000000000000F8F8FCFCFC00003F1F13
:10FBB0005F6F677070707070707070707070706769
:10FBC0006F5F5F3F000000000000000000000000C9
:10FBD0000000000000000000000000000000000025
:10FBE0000000000000000000000000000000000015
:10FBF000000000000000F8F0E0E0C000000000009D
:10FC0000008080C0E0E0F0F8F87838380000FFFFAE
:10FC1000FF7F7F80B8BCBCBE9F8F8F87838381802E
:10FC2000000000000000FFFCFCFBFB0303030303D8
:10FC300003030303030303FBFBFDFCFC00007F3F06
:10FC40001F1F0F0000000000000000000000000F58
:10FC50001F3F3F7F00000000000000000000000088
:10FC60000000000000000000000000000000000094
:10FC70000000000000000000000000000000000084
:10FC8000000000000000F8F0F0E0C00000000000FC
:10FC90000000000000000000000000000000FFFF66
:10FCA000FF7F7F0000000000000000000000000057
:10FCB000000000000000FFFCFCF8F800000000005D
:10FCC00000000000000000F8F8FCFCFC00003F1FF2
:10FCD0005F6F677070707070707070707070706748
:10FCE0006F5F5F3F000000000000000000000000A8
:10FCF0000000000000000000000000000000000004
:10FD000000000000000000000000000000000000F3
:10FD1000000000000000F0F0E8D898383838383893
:10FD20003838383838383838D8D8E8D80000FFFFA5
:10FD3000FF7F7F00000000000000000000000000C6
:10FD40007FFFFFFF0000FFFCFCFCF800000000004C
:10FD50000000000000000000F8FCFEFC00007F3FF7
:10FD60001F1F0F0000000000000000000000000046
:10FD70001F3F7F3F00000000000000000000000067
:10FD80000000000000000000000000000000000073
:10FD90000000000000000000000000000000000063
:10FDA000000000000000F0E0E8D898383838383813
:10FDB0003838383838383898D8E8F0F00000FFFF85
:10FDC000FF7F7F0000000000000000000000003FF7
:10FDD0007F7F7FFF0000FFFCFCFCF80000000000BC
:10FDE00000000000000000F8F8FCFCFC00007F3F71
:10FDF0001F1F0F0000000000000000000000000FA7
:10FE00001F3F3F7F000000000000000000000000D6
:10FE100000000000000000000000000000000000E2
:10FE200000000000000000000000000000000000D2
:10FE300000000000000080C0E0D0B8383838383802
:10FE400038383838383838D0F0E0E0C00000FFFFEC
:10FE5000FF7F7F0000000000000000000000003F66
:10FE60007F7F7FFF0000FFFCFCFCF800000000002B
:10FE700000000000000000F8FCFCFCFC0000070F84
:10FE80000F2F777070707070707070707070702756
:10FE9000270F07070000000000000000000000001E
:10FEA0000000000000000000000000000000000052
:10FEB0000000000000000000000000000000000042
:10FEC000000000000000F0E0E8D8983838383838F2
:10FED00038383838383838B8D0E0C0800000FFFFF4
:10FEE000FF7F7F8080808080808080808080807F96
:10FEF0007F7FFFFF0000FFFCFCFDFB030303030308
:10FF000003030303030303030301020000007F3F15
:10FF10003F1F0F0000000000000000000000000074
:10FF200000000000000000000000000000000000D1
:10FF300000000000000000000000000000000000C1
:10FF400000000000000000000000000000000000B1
:10FF500000000000000080C0E0D0B83838383838E1
:10FF60003838383838383890D0C0C0800000FFFFAB
:10FF7000FF7F7F0000000000000000000000007F05
:10FF8000FFFFFFFF0000FCF8F8F8F00000000000A1
:10FF900000000000000000F8FCFCFCFF00000F1F48
:10FFA0001F3F7F7070707060605010307070F0F79D
:10FFB000F7EFC7C7000000000000000000000000CD
:10FFC0000000000000000000010303070000000023
:10FFD0000000000000000000000000000000000021
:10FFE000000000000000F0E0E8D8983838383838D1
:10FFF00038383838383838B8D0E0C0800000FFFFD3
:020000040801F1
:10000000FF7F7F8080808080808080808080807F74
:100010007F7FFFFF0000FFFCFCFDFB0303030303E6
:1000200003031B3BFBFBFBF3E381020000003F1FCC
:100030000F0F07000000000000000000000107078C
:100040000F0F1F1E00000000000000000000000055
:1000500000000000000000000000000000000000A0
:100060000000000000000000000000000000000090
:1000700000000000000080C0F0D0B83838383838B0
:100080003838383838383818180808000000FFFFAA
:10009000FF7F7F80808080808080808080808080E3
:1000A0000000000000000000020303030303030339
:1000B00003030303030303FBFBFDFCFC0000004000
:1000C0006060707070707070707070707070702799
:1000D000270F0707000000000000000000000000DC
:1000E0000000000000000000000000000000000010
:1000F0000000000000000000000000000000000000
:1001000000000000000818383838383838D8D8E8E7
:10011000D8D83838383838381808000000000000BF
:1001200000000000007FFFFFFF7F000000000000D4
:1001300000000000000000000000000000F8FCFFCC
:10014000FCFC0000000000000000000000000000B7
:1001500000000000003F3F7F3F3F00000000000024
:10016000000000000000000000000000000000008F
:10017000000000000000000000000000000000007F
:10018000000000000000000000000000000000006F
:10019000000000000000F8F0E0E0C00000000000F7
:1001A00000000000000000C0E0F0F0F80000FFFFD9
:1001B000FF7F7F0000000000000000000000003F03
:1001C0007F7F7FFF0000FFFCFCFCF80000000000C8
:1001D00000000000000000F8FCFCFCFC0000070F21
:1001E0000F2F7770707070707070707070707027F3
:1001F000270F0707000000000000000000000000BB
:1002000000000000000000000000000000000000EE
:1002100000000000000000000000000000000000DE
:10022000000000000000F0F0E0C0800000000000CE
:1002300000000000000000C0E0E0F0F80000FFFF58
:10024000FF7F7F0000000000000000000000007F32
:10025000FFFFFFFF000003060E3E7EFCFCF8F0E00F
:10026000C080C0E0F8FCFC7C3E0E060300000000ED
:100270000000000001070F1F7F013F1F070301005F
:10028000000000000000000000000000000000006E
:10029000000000000000000000000000000000005E
:1002A000000000000000000000000000000000004E
:1002B000000000000000F8F0E0E0C00000000000D6
:1002C0000000000000000000E0F0F8F00000FFFF78
:1002D000FF7F7F0000000000000000000000000021
:1002E0007FFFFFFF0000FCF8F8F8F00000000000BE
:1002F0000000000000000000FCFCFDFC00000707FF
:100300000F272770707070707070707070707070E0
:1003100067674F6700000000000000000000000059
:1003200000000000000000000000000000000000CD
:1003300000000000000000000000000000000000BD
:1003400000000000003878F8F8F8F0C080000000E5
:1003500000000080C0F0F8F8F878380000000001D4
:10036000030F1F3FFFFEFCF838FCFEFF3F1F0F038B
:100370000100000000000000C0E0F0FCFEFF7F1F55
:1003800030FFFFFCF8E0C0000000000000787E7F36
:100390007F3F0F0701000000000001070F1F7F7F54
:1003A0007E787000000000000000000000000000E7
:1003B000000000000000000000000000000000003D
:1003C000000000000000000000000000000000002D
:1003D000000000000000F8F0E0E0C00000000000B5
:1003E0000000000000000000C0E0F0F00000FFFF8F
:1003F000FF7F7F8080808080808080808080808080
:100400007F7FFFFF0000000002030303030303FBE1
:10041000FBFBFBFB030303030301000000000000E0
:10042000000000000000003F3F7F3F3F0000000051
:1004300000000000000000000000000000000000BC
:1004400000000000000000000000000000000000AC
:10045000000000000000000000000000000000009C
:1004600000000000000008081838383838383838DC
:100470003838B8E8F0F8F8F8781800000000000004
:1004800000000000000000307CFEFF7F1F0F030013
:10049000000000000000000080C0F0FCFCFC7E1E9C
:1004A00006030000000000000000000040707C7E99
:1004B0007F7F1F4F737070707070707070706040CD
:1004C00040000000000000000000000000000000EC
:1004D000000000000000000000000000000000001C
:1004E000000080808080808080000000000000008C
:1004F000000000000000000000FFFFFFFFFF010000
:1005000000000000000000000000000000000000EB
:1005100000FFFFFFFF7F0000000000000000000060
:10052000000000000000000203FFFFFFFCF80000D5
:1005300000000000000000000000000000000000BB
:1005400000FFFFFFFFFF00000000000000000000B0
:100550000000000000000000000307070707040474
:100560000400000000000000000000000000000087
:10057000000000000000000000000000000000007B
:10058000000000000000F8F8F80000000000000083
:100590000000000000000000000000000000FFFF5D
:1005A000FF0000000000000000000000000000004C
:1005B000000000000000FFFFFF000000000000003E
:1005C00000000000000000000000000000007F7F2D
:1005D0007F0000000000000000000000000000009C
:1005E000000000000000000000000000000000000B
:1005F00000000000000000000000000000008080FB
:10060000808080808000000000000000000000006A
:10061000000000000000000000FFFFFFFFFF0000DF
:1006200000000000000000000000000000000000CA
:10063000007FFFFFFFFF000000000000000000003F
:10064000000000000000000000F8FCFFFFFF0302B4
:10065000000000000000000000000000000000009A
:1006600000FFFFFFFFFF000000000000000000008F
:10067000000000000000040404070707070300004F
:10068000000000000000000000000000000000006A
:10069000000000000000000000000000000000005A
:1006A000000000000000000000000000000000004A
:1006B000000000000000000000000000000000003A
:1006C00080808080808080000000000000008080AA
:1006D0008000000000000607070303030303070769
:1006E00007070607070707030300000000000000D4
:1006F00000000000000000000000000000000000FA
:1007000000000000000000000000000000000000E9
:10071000000000000000000000000000D6D0200013
:1007200020002000FE03220222022202FE032202F7
:10073000200020002000BEB0FC010401FC010401E7
:10074000FC012000FF070401FC012000240132020B
:10075000D4B0FE070204FA0402040204FE055204A7
:1007600052044A0586050204FE07B5E71000100092
:10077000FF0111011101FF0111011101FF0111041C
:100780001004E007D7D30000FC01800040002000E7
:100790002000FF0720002000200020003800D6D0D5
:1007A0008000800080008000FC1F84108410841072
:1007B00084108410FC1F8410800080008000800062
:1007C000BEB0F80F0808F80F0808F80F8000FF7F88
:1007D0000000F80F08080808F80F80008410A22015
:1007E0004000D4B00000FE3F0220F2270220022089
:1007F000FA2F222122212221122912290A2E022037
:10080000FE3F0220B5E7800080008000FC1F8410BE
:1008100084108410FC1F841084108410FC1F8450EA
:1008200080408040007FD7D30000FE1F00080004F6
:10083000000280018000FF7F800080008000800037
:1008400080008000A0004000C4AB0000FC1F941496
:10085000A412FC1F8000FC1F8000FF7F2412422492
:100860008000FC1F80008000FF7FCBAE80008000F6
:10087000800080108010BE09A005900290028804BC
:100880008808841082608100A0004000C6C100007A
:10089000FC1F04100410FC1F24084404F41F44042B
:1008A0004404FC3F44044204220421041004B6CF53
:1008B00020002020AA1E72022202FE02227E721254
:1008C000AA12A612221222120212FE110011801088
:1008D000BFC90000FE7F00080008F80888088808E3
:1008E000880888088808F808880800080008000AAE
:1008F0000004CFD40000F80F08080808F80F080813
:100900000808F80F2002222224222812280A200296
:10091000FF7F0000CABE0000FC1F000000000000B6
:100920000000FF7F800080008808881084208240BB
:100930008140A0004000D6D0000000000000001858
:1009400000000800000800000800080818F8FF1F51
:100950001808181808181808181808181808181867
:100960000818F8FF1F080808000800000800000821
:100970000000080000180000180000180000000027
:10098000BEB0000000000000400006C0FF074000AD
:1009900006C0FF07400006C0FF0740080200300005
:1009A000FEFF3F000000C0FF07C00002C00002C001
:1009B0000002C0FF0380100080110160100E301093
:1009C000180C1E30001C00000000D4B00000000015
:1009D0000000080030F8FF1F08001008C010083F92
:1009E00010080010080010080013C8FF100822109B
:1009F0000822100822100822100821120821148849
:100A0000601648C013280010080010F8FF1F0800E7
:100A100010000000B5E70000000000000018000012
:100A20000800000800000800F0FF0F10080410087C
:100A300004100804100804F0FF071008041008044C
:100A4000100804100804F0FF071008000008100048
:100A5000081000082000183000F01F000000D7D355
:100A6000000000000000000004F0FF0F000006007E
:100A7000000100C000002800001800001800001845
:100A800030FEFF7F0018000018000018000018005A
:100A900000180000180000180000180000180000DE
:100AA0001F00000C00000000D6D000000000000075
:100AB0000000008000000080010000800100008034
:100AC000010000800100008001001080010CF0FF97
:100AD000FF0F308001043080010430800104308039
:100AE0000104308001043080010430800104308032
:100AF0000104F0FFFF073080010430800104008012
:100B000001000080010000800100008001000080E1
:100B100001000080010000800100008001000080D1
:100B200001000080000000000000BEB000000000D6
:100B300000000000000000000001800100FFFF0134
:100B4000000380010003800100FFFF01000380011A
:100B50000003800100FFFF0100818100000003000D
:100B60000000031CFCFFFF3F000040000003C00129
:100B700000FFFF010003C0000003C0000003C0002D
:100B800000FFFF000001410000040100000E7100A1
:100B900000078101800101076000010E1898011C07
:100BA00004E0011800C0000000000000D4B0000004
:100BB00000000000000000000008F0FFFF1F3000F0
:100BC000000C3000000C3000100C30FE3F0C3004E4
:100BD000000C3000000C3000000C3000000C300025
:100BE000C00CF0FFFF0D3030060E3030060C301018
:100BF000060C3010060C3010060C3018860C30181D
:100C0000860C3008060D300C860D3006EE0F3002D3
:100C1000FC0D3001000CF000000C3000000CF0FF67
:100C2000FF0F3000000C1000000400000000B5E7CA
:100C3000000000000000000000C0000000C0010033
:100C400000C0000000C0000000C0000000C00000A4
:100C5000E0FFFF0360C0000360C0000360C000034A
:100C600060C0000360C0000360C00003E0FFFF033A
:100C700060C0000360C0000360C0000360C00003E8
:100C800060C00003E0FFFF0360C0000160C000001F
:100C900000C0000800C0001000C0001000C0001814
:100CA00000C001380080FF1F0000000000000000AD
:100CB000D7D300000000000000000000000000008A
:100CC0000003C0FFFF07000080070000C000000015
:100CD00060000000180000000C000080030000808D
:100CE000030000800100008001080080011CFCFF5F
:100CF000FF3F0080010000800100008001000080B3
:100D000001000080010000800100008001000080DF
:100D100001000080010000800100008001000080CF
:100D2000010000FC010000E00000004000000000A5
:100D300000000000540D0108000000202000000009
:100D40006C010008740D010820000020D84100004B
:100D50008801000800A24A04000000000000000012
:100D6000010203040607080900000000000000005B
:040D7000000000007F
:04000005080001CD21
:00000001FF
