:020000040800F2
:10000000787C002029020008BF100008B710000803
:10001000BB100008D9020008B3140008000000005B
:10002000000000000000000000000000491200086D
:10003000DD0200080000000025120008611300081E
:10004000430200084302000843020008430200087C
:10005000430200084302000843020008430200086C
:10006000430200084302000843020008430200085C
:10007000430200084302000843020008430200084C
:10008000430200084302000843020008430200083C
:10009000430200084302000843020008430200082C
:1000A000430200084302000843020008430200081C
:1000B000430200084302000843020008430200080C
:1000C00043020008430200084302000843020008FC
:1000D00043020008CD130008430200084302000851
:1000E00043020008430200084302000843020008DC
:1000F00043020008430200084302000843020008CC
:1001000043020008430200084302000843020008BB
:1001100043020008430200084302000843020008AB
:10012000430200084302000843020008430200089B
:10013000430200084302000843020008430200088B
:10014000430200084302000843020008430200087B
:10015000430200084302000843020008430200086B
:10016000430200084302000843020008430200085B
:10017000430200084302000843020008430200084B
:10018000430200084302000800F002F800F03CF8C7
:100190000AA090E8000C82448344AAF10107DA45E2
:1001A00001D100F031F8AFF2090EBAE80F0013F0F8
:1001B000010F18BFFB1A43F0010318471009010093
:1001C00030090100103A24BF78C878C1FAD8520724
:1001D00024BF30C830C144BF04680C6070470000C1
:1001E0000023002400250026103A28BF78C1FBD840
:1001F000520728BF30C148BF0B6070471FB501F0E0
:100200003AFD1FBD10B510BD00F033F81146FFF7E1
:10021000F5FF01F0B3F900F051F803B4FFF7F2FF76
:1002200003BC01F048F9000009488047094800472D
:10023000FEE7FEE7FEE7FEE7FEE7FEE7FEE7FEE796
:10024000FEE7FEE704480549054A064B70470000F3
:10025000651300088901000878760020787C00206A
:100260007878002078780020704770477047704792
:100270007047754600F02CF8AE46050069465346B7
:1002800020F00700854618B020B5FFF7DBFFBDE87A
:1002900020404FF000064FF000074FF000084FF0ED
:1002A000000B21F00701AC46ACE8C009ACE8C0097E
:1002B000ACE8C009ACE8C0098D46704710B50446EB
:1002C000AFF300802046BDE81040FFF7A6BF000056
:1002D000004870471876002000BFFEE770472DE900
:1002E000F04106460C4617461D46442000F07CFEB1
:1002F000C6F3C70000F072FEC7F3C70000F06EFE41
:10030000452000F071FEE0B200F068FE200A00F027
:1003100065FEE8B200F062FE280A00F05FFEBDE86C
:10032000F0812DE9F04132264FF4967700F01EFA65
:10033000242000F059FE00250AE0002404E0FF20FC
:1003400000F04CFE601C84B2B442F8DB681C85B23D
:10035000BD42F2DB262000F047FE00250AE0002423
:1003600004E0002000F03AFE601C84B2B442F8DBE6
:10037000681C85B2BD42F2DB00F0F4FDBDE8F081FF
:100380002DE9F0470746884632264FF49679242017
:1003900000F02AFE00250CE0002406E005FB0641E3
:1003A000785C00F01BFE601C84B2B442F6DB681C73
:1003B00085B24D45F0DB262000F016FE00250FE04B
:1003C000002409E005FB064118F80110C943C8B232
:1003D00000F004FE601C84B2B442F3DB681C85B2FA
:1003E0004D45EDDB00F0BEFDBDE8F0872DE9F04F97
:1003F00005460E4692469B46002457460320A0EB36
:100400004A090998002858D054E0A04641E006EB7C
:10041000080291B22A1990B25A4600F095FE06EBF6
:10042000080291B22A1B90B25A4600F08DFE321992
:1004300091B2A5EB080290B25A4600F085FE321B3D
:1004400091B2A5EB080290B25A4600F07DFEA6EBF1
:10045000080291B22A1B90B25A4600F075FEA6EB34
:10046000080291B22A1990B25A4600F06DFE321B72
:1004700091B205EB080290B25A4600F065FE3219BF
:1004800091B205EB080290B25A4600F05DFE08F109
:100490000108B845BBDDB9F1000F03DAA000801DEB
:1004A000814405E0E01B80000A308144781E87B259
:1004B000601C84B2BC42A8DD49E046E0F21991B26A
:1004C0002A1990B25A4600F03FFEF21991B22A1B47
:1004D00090B25A4600F038FE321991B2EA1B90B23F
:1004E0005A4600F031FE321B91B2EA1B90B25A46D6
:1004F00000F02AFEF21B91B22A1B90B25A4600F07D
:1005000023FEF21B91B22A1990B25A4600F01CFE4B
:10051000321B91B2EA1990B25A4600F015FE321918
:1005200091B2EA1990B25A4600F00EFEB9F1000FEE
:1005300003DAA000801D814405E0E01B80000A3042
:100540008144781E87B2601C84B2BC42B6DDBDE82F
:10055000F08F2DE9FF4F04460D4616461F46A14673
:10056000AA46301B01D4301B00E0A01B8346781B39
:10057000002801DC781B00E0E81B0390B44201DA9C
:10058000012001E04FF0FF300290BD4201DA01206E
:1005900001E04FF0FF30019003980BEB00080020C2
:1005A000009000BF0098401CC0B2009051464846E1
:1005B0000D9A00F0C9FD4FEA48010398814208DB1B
:1005C000B14500D112E003988044029848441FFAD4
:1005D00080F94FEA48005845E4DCBA4500D105E00F
:1005E000D844019850441FFA80FADBE700BFBDE809
:1005F000FF8F2DE9F84780460E4691461F46DDE9FC
:10060000094ABAF1000F0DD0354608E02B464A469C
:10061000294640460094FFF79CFF681C85B2BD4206
:10062000F4DB1BE033464A46314640460094FFF770
:1006300090FF3B464246314640460094FFF789FF13
:1006400033464A46394648460094FFF782FF3B4608
:100650004246394648460094FFF77BFFBDE8F887DD
:1006600030B50246002110E0002008E0094C248A41
:1006700001FB0403074D2D68EA54441CA0B2054C4D
:10068000248A8442F2DC4C1CA1B2024C648A8C4263
:10069000EADC30BD3C7500201CB50121582000F07B
:1006A000C3FD4FF48050009001208DF8040000201D
:1006B0008DF8060003208DF805006946284800F0F3
:1006C000A5FC2020009001208DF8040000208DF86A
:1006D000060003208DF805006946224800F096FCCC
:1006E0001020009001208DF8040000208DF80600F5
:1006F00003208DF8050069461A4800F087FC4FF486
:100700000040009001208DF8040000208DF80600C4
:1007100003208DF805006946124800F077FC02209E
:10072000009001208DF8040000208DF806000320C1
:100730008DF8050069460B4800F068FC4FF48070A6
:10074000009000208DF8040003208DF805000120A2
:100750008DF807006946044800F058FC1CBD0000F5
:1007600000180240000C02400010024010B500F0DA
:100770002DF800F045F8122000F036FC00F040F8AB
:100780003C2000F031FC052000F028FC112000F096
:100790002BFC032000F022FC40F22B1340F28F12BE
:1007A00000210846FFF79BFD0021084600F036F8BF
:1007B00000F026F810BD10B50246012000E05043BD
:1007C0000B1EA1F10104A1B2F9D110BD10B5102189
:1007D0000A4800F06EFC642000F08EFE10210748ED
:1007E00000F065FC0A2000F087FE1021034800F0AD
:1007F00060FC642000F080FE10BD0000000C024090
:1008000010B506E04FF48071034800F047FC00B9D2
:1008100000E0F7E700BF10BD0010024070B50546CC
:100820000C464E2000F0E0FBE8B200F0D7FB4F2072
:1008300000F0DAFBE0B200F0D1FB200A00F0CEFBC2
:1008400070BD00002DE9FE4F0746884692461C46C3
:10085000781C87B208F101001FFA80F80197CDF8E3
:100860000080082C02D14FF006091FE02046E31754
:1008700004EB5373DB1021464FEAE47C04EB5C7C11
:100880004FEAEC0CA4EBCC0CBCF1000F02D04FF003
:10089000010C01E04FF0000C6344224604EBD27CD3
:1008A0004FEA6C0C03FB0CF31FFA83F9AAF120004A
:1008B00086B2002568E0082C07D106EB46003449D3
:1008C00001EB400010F805B027E00C2C07D106EB37
:1008D0004600304901EB800010F805B01DE0102CF7
:1008E00005D12D4800EB061010F805B015E0182CC6
:1008F00007D106EBC600294901EB800010F805B0CE
:100900000BE0302C07D106EBC600254901EB0010A7
:1009100010F805B001E0BDE8FE8F002002901CE059
:100920000BF0010028B1414638460C9A00F00CFC4F
:1009300009E00C9808B9012000E000200246414679
:10094000384600F001FC4FEA6B0B08F101001FFA7A
:1009500080F80298401C80B2029002980828DFDBE1
:10096000781C87B2082C0BD004EBD4714A10019983
:10097000791A8A4204D1019F0098083080B2009011
:10098000DDF80080681C85B24D4594DB00BFC2E7EE
:100990005EB5000886B70008FABB0008EAC1000887
:1009A00046CF00082DE9F8410746884616461C4602
:1009B000079D2CE00C2C07D1234632464146384691
:1009C000009500F029F81FE0102C07D1234632468D
:1009D00041463846009500F091F815E0182C07D1F3
:1009E0002346324641463846009500F0F3F80BE0C6
:1009F000202C07D12346324641463846009500F068
:100A00005BF901E0BDE8F881B61C381987B230788F
:100A10000028CFD100BFF5E72DE9FF4F81B0064692
:100A200017461C4600962046E21704EB5272D2107D
:100A30002146E31704EB5373DB10A4EBC3030BB1A4
:100A4000012300E000231A4462431FFA82FB4FF0A7
:100A5000050A00254BE005EB850000EBC5002649A3
:100A600011F81000397888423ED105EB850000EB83
:100A7000C500214901EB400040787978884233D1A4
:100A80004FF000082EE04FF0000923E005EB850051
:100A900000EBC500184901EB4000801C10F808006D
:100AA000012101FA09F1084020B130460E9A02995D
:100AB00000F04AFB701C86B20098301AA04205D1A3
:100AC000009E0298401C80B2029006E009F10100ED
:100AD00000F0FF09B9F1080FD8DB00BF08F10100F1
:100AE00000F0FF08D845CEDB00BF681C85B2554535
:100AF000B1DB05B0BDE8F08FB60401082DE9FF4F6A
:100B000081B0064617461C4600962046E21704EBC5
:100B10005272D2102146E31704EB5373DB10A4EB9F
:100B2000C3030BB1012300E000231A4462431FFA00
:100B300082FB4FF00C0A002545E005EB0510244927
:100B400011F81000397888423AD105EB0510204998
:100B500001EB400040787978884231D14FF00008AD
:100B60002CE04FF0000921E005EB0510184901EBDE
:100B70004000801C10F80800012101FA09F108402A
:100B800020B130460E9A029900F0DEFA701C86B24F
:100B90000098301AA04205D1009E0298401C80B2F5
:100BA000029006E009F1010000F0FF09B9F1080F19
:100BB000DADB00BF08F1010000F0FF08D845D0DB08
:100BC00000BF681C85B25545B7DB05B0BDE8F08FA6
:100BD000380501082DE9FF4F81B0064617461C462F
:100BE00000962046E21704EB5272D2102146E3171A
:100BF00004EB5373DB10A4EBC3030BB1012300E040
:100C000000231A4462431FFA82FB4FF0050A0025B5
:100C10004BE005EB850000EB4510264911F810006C
:100C2000397888423ED105EB850000EB451021491B
:100C300001EB400040787978884233D14FF00008CA
:100C40002EE04FF0000923E005EB850000EB451096
:100C5000184901EB4000801C10F80800012101FA3E
:100C600009F1084020B130460E9A029900F06CFA62
:100C7000701C86B20098301AA04205D1009E0298DE
:100C8000401C80B2029006E009F1010000F0FF096B
:100C9000B9F1080FD8DB00BF08F1010000F0FF0830
:100CA000D845CEDB00BF681C85B25545B1DB05B029
:100CB000BDE8F08FD00601082DE9FF4F81B0064650
:100CC00017461C4600962046E21704EB5272D210DB
:100CD0002146E31704EB5373DB10A4EBC3030BB102
:100CE000012300E000231A4462431FFA82FB4FF005
:100CF000050A002545E005EB8510244911F8100090
:100D0000397888423AD105EB8510204901EB400043
:100D100040787978884231D14FF000082CE04FF0CC
:100D2000000921E005EB8510184901EB4000801C0B
:100D300010F80800012101FA09F1084020B13046FD
:100D40000E9A029900F000FA701C86B20098301AD0
:100D5000A04205D1009E0298401C80B2029006E09D
:100D600009F1010000F0FF09B9F1080FDADB00BF5B
:100D700008F1010000F0FF08D845D0DB00BF681C77
:100D800085B25545B7DB05B0BDE8F08F42080108D4
:100D90002DE9FE4F06460F46144699460020029064
:100DA0000025701C86B2781C87B200962546204626
:100DB000E21704EB5272D2102146E31704EB53738F
:100DC000DB10A4EBC3030BB1012300E000231A44A2
:100DD00094B24FF0000841E04FF0000B38E0029968
:100DE0000C98405C01904FF0000A1FE0019800F061
:100DF000800050B10D9808B9012000E000200246A3
:100E00003946304600F0A0F904E0394630460D9AE4
:100E100000F09AF9701C86B24FF6FF71019801EA52
:100E2000400001900AF101001FFA80FABAF1080FA0
:100E3000DCDB0098301AA84202D1009E781C87B2F1
:100E40000298401C80B202900BF101001FFA80FB57
:100E5000A345C4DB08F101001FFA80F8C845BBDBDD
:100E6000BDE8FE8F2DE9F84106460F4614461D46A3
:100E7000DDF81C800EE0CDF8008022782B46394644
:100E80003046FFF7DFFC641C284605EBD07106EB0B
:100E900061018EB220780028EDD1BDE8F8812DE9FE
:100EA000FE4F80468A4614461E46DDF8309048467E
:100EB00009EBD071C1F3470731460A20FFF77BFCED
:100EC00000EE900AF8EE600A60EE800AFCEEE00A9E
:100ED00010EE900A80B20290002534E0601B401EA4
:100EE00081B20A20FFF767FC0299B1FBF0F00A21FA
:100EF000B0FBF1F201FB120BA01BA84216D10D981A
:100F000007EBD7725210921EA31B03FB07831A44F0
:100F1000CDE9000790B2AAF1060291B24B463A22FF
:100F2000FFF790FC681CC5B2601CC4B20D9805FBAD
:100F30000781009088B24B460BF130025146FFF713
:100F400081FC681CC5B2A542C8DBBDE8FE8F10B5A8
:100F5000102000F049F8012000F040F8C82000F00F
:100F6000CBFA10BD10B5222000F03EF8F72000F0BB
:100F700035F8202000F038F8FFF742FC10BD0000E3
:100F800070B504460221134800F091F8002519E0DD
:100F90004FF48051104800F08AF804F0800020B12E
:100FA00020210C4800F085F803E02021094800F0DA
:100FB0007EF84FF48051084800F07BF86006040E7C
:100FC000681CC5B2082DE3DB0221024800F071F86D
:100FD00070BD0000000C02400018024010B504462D
:100FE0002046FFF7CDFF10BD10B504464FF4004179
:100FF000054800F05CF82046FFF7C2FF4FF40041BF
:10100000014800F056F810BD000C0240F0B50A4649
:1010100000210023002400BF3DE0012505FA01F373
:10102000156805EA03049C4234D105684F00032685
:10103000BE40B543056015794E00B540066835439E
:1010400005601579012D02D01579022D16D185681C
:101050004F000326BE40B543856055794E00B5402C
:10106000866835438560456801268E40B5434560F6
:10107000456896798E40B6B235434560C5684F00E5
:101080000326BE40B543C560D5794E00B540C6685D
:101090003543C560491C1029BFD3F0BD024600206E
:1010A00013690B400BB1012000E000207047418321
:1010B00070470183704700BFFEE700BFFEE770473F
:1010C0002DE9F0410646069F00201B4C206020467B
:1010D00006600181428187810C464FEAE17C01EB89
:1010E0005C7C4FEAEC0CA1EBCC0CBCF1000F07D1FF
:1010F0000D464FEAE57C05EB5C7C4FEAEC0C08E022
:1011000008464FEAE17C01EB5C7C4FEAEC0C0CF109
:10111000010CDFF82480A8F810C040464282C38149
:101120000BB1B42B03D104488180C28002E0024895
:101130008280C180BDE8F0813C75002001490860D3
:10114000704700003C7500202DE9F041034617462A
:10115000334EF6893EB15A2E08D0B42E0DD0B6F5D6
:10116000877F1CD114E018460A461AE02C4E3689B7
:10117000761A761EB0B21A4613E0294E3689F61A50
:10118000761EB0B2264E7689761A761EB2B208E086
:101190000846234E7689F61A761EB2B201E0BDE803
:1011A000F08100BF06464FEAE07C00EB5C7C4FEA32
:1011B000EC0CDFF86C80B8F8108002FB08C4184E05
:1011C0003668355DAFB906464FEAE07C00EB5C7CE3
:1011D0004FEAEC0CA0EBCC084FF0800C4CFA08FC6A
:1011E00025EA0C0CDFF83880D8F8008008F804C035
:1011F00014E006464FEAE07C00EB5C7C4FEAEC0C26
:10120000A0EBCC084FF0800C4CFA08FC4CEA050C23
:10121000DFF80C80D8F8008008F804C000BFBEE7F3
:101220003C7500207047000029B1064A126802434D
:10123000044B1A6004E0034A12688243014B1A60AF
:101240007047000030380240704700000CB50020A5
:10125000019000903448006840F4803032490860C2
:1012600000BF3148006800F4003000900198401C35
:101270000190009818B90198B0F5A04FF1D12A4813
:10128000006800F4003010B10120009001E000205F
:1012900000900098012846D123484030006840F073
:1012A00080502149403108602048006840F44040A7
:1012B0001E4908601C48083000681B490831086056
:1012C0000846006840F4004008600846006840F4A2
:1012D000A05008601648091F0860081F006840F009
:1012E0008070091F086000BF0F48006800F00070A0
:1012F0000028F9D040F205700E4908600A4808300D
:10130000006820F0030008490831086008460068BA
:1013100040F00200086000BF03480830006800F099
:101320000C000828F8D10CBD0038024000700040C5
:1013300008544007003C0240042808D14FF0E02147
:10134000096941F004014FF0E022116107E04FF01C
:10135000E021096921F004014FF0E022116170479A
:101360007047000010B51548006840F4700013493C
:1013700008601348006840F001001149086000202F
:101380000F49083108600E4800680E4908400C49B2
:1013900008600D48091D0860081F006820F48020BF
:1013A000091F0860002006490C310860FFF74EFF56
:1013B0004FF0006001498039086010BD88ED00E001
:1013C00000380240FFFFF6FE1030002410B540F256
:1013D00025511D4800F03EF810B31B4800F064F89A
:1013E000C4B21A48008800F40040C8B91748008801
:1013F00000F4804060B10A2C03D00020134908801B
:1014000020E01248008840F400401049088019E0AC
:101410000D2C06D10D48008840F480400B4908800F
:1014200010E00A480088C0F30D0009490C54074831
:101430000088401C0549088008460088C72801DD4F
:101440000020088010BD00000010014008000020AE
:101450005075002070B502460024002300250020AE
:1014600040F66A16B14200D100BFC1F3421501F047
:101470001F03012606FA03F3012D02D1968933409A
:1014800006E0022D02D1168A334001E0968A3340ED
:101490000C12012606FA04F41688344013B10CB17C
:1014A000012000E0002070BD01468888C0F30800DC
:1014B000704700BFFEE7014600BF704710B5044605
:1014C0006FF00400FFF738FFE11704EB5171C1F32F
:1014D000C701074A11701046007800EB4001C1EBCC
:1014E000C0104FF6FF7101EAC0000249088010BD2C
:1014F000000000200200002070B504464FF4077081
:1015000094FBF0F0C6B24FF4077094FBF0F100FBCF
:10151000114085B205E04FF4077000F009F8701E25
:10152000C6B2002EF7D115B1284600F001F870BD03
:101530000146114A12884A434FF0E0235A610022C3
:101540009A611A46126942F001021A6100BF4FF017
:10155000E022106900F001021AB100F48032002A82
:10156000F5D04FF0E022126922F001024FF0E023A3
:101570001A6100229A617047020000202DED068B4F
:1015800082B09FED620AB0EE408AA820FFF796FF76
:10159000FFF782F8FFF7EAF8FF2000234FF4967276
:1015A0004FF4C87100905A48FFF78AFDFF200023CE
:1015B0004FF496724FF4C87100905648FFF780FDC3
:1015C0005348FFF7BBFDFF20FFF74AF85148FFF7EC
:1015D000B5FDFF20FFF744F84E494F48FEF7D0FE17
:1015E000FFF7B5FC4FF47A70FFF786FFFEF799FE20
:1015F0004A494748FEF7C4FEFFF7A9FC4FF47A704A
:10160000FFF77AFFFEF78DFE7FE04148FFF796FD7A
:10161000FF20FFF725F83F48FFF790FDFF20FFF779
:101620001FF800203E49C6234FF4B872CDE90010E0
:1016300001461020FFF7ACFB3548FFF77FFD002087
:10164000102338A2C82100904420FFF70BFC002093
:1016500010233AA2E62100905420FFF703FC00205B
:10166000102338A2E62100908C20FFF79BF901207F
:10167000002140F227134122CDE90010FA21142065
:10168000FEF7B7FF0020009040F227137D22FA21D9
:1016900001905020FEF7ADFF0120002314224FF4EB
:1016A00087710090C820FEF7A1FE00200346142297
:1016B0004FF487710090E620FEF798FE002030215D
:1016C00002230422B0EE480ACDE90010FA214FF4BB
:1016D0008770FFF7E4FB18EE100A00F05BFA41ECAC
:1016E0001A0B9FED1E0B53EC102B00F06DF841EC24
:1016F000190B00F037F808EE100A06490448FEF707
:101700003FFE4FF47A70FFF7F7FE7EE7CDCC404105
:101710000C000020A43A0020C67A00088A1C0008A9
:10172000225700087A68656E677A686F757A686F05
:101730006E676A696E677975616E0000342E326972
:101740006E636800B5E7D7D3C4ABCBAEC6C1B6CF26
:10175000B5E7BFC9CFD4CABE000000007B14AE47B6
:10176000E17A843F21F00042A2F16052B2F5801F7D
:1017700001F0004328BFD2F17F6C0BD95FEA001C57
:1017800043EAC20242EB507018BF704728BF20F0F6
:1017900001007047B2F5801FBCBF184670474FEA82
:1017A000410C1CF5001F02D2084600F069BA70B562
:1017B00000F0B2F800000089FFF7F6BF4FF00040DC
:1017C000A0F580007047000010B591EA030F48BFF4
:1017D00083F0004300F1FC80841A71EB030C05D206
:1017E000121943EB0C03001B61EB0C01DFF824E141
:1017F0004FEA1154A4EB135C1EEA430F18BF9EEA94
:10180000445F73D023EA0E03DCF1200E21EA045179
:1018100043F4801332D322FA0CFE10EB0E0023FAAD
:101820000CFE41EB0E01CCF1200E03FA0EFE10EB84
:101830000E0051F10001B1F5801FCCF1200E32D223
:1018400001EB045112FA0EF2BDE8104058BF704788
:10185000401C38BF5FEA420218BF7047002814BF1F
:1018600020F0010041F100014FEA410313F5001F90
:1018700038BF7047A1F1C04100F09CB8012A43EB8A
:101880000302ACF1200CDCF11F0E32BF4FF0000E52
:1018900023FA0CF310EB030041EB0451B4EB115F9E
:1018A000D0D0A1EB045101F5801149085FEA300066
:1018B00001EB04510ED350F1000038BF12FA0EFEB6
:1018C00008D1BDE81040C9E7401C38BF5FEA4202BA
:1018D000CAD1C3E7BDE810404FEA410313F5001F2A
:1018E00038BF7047A1F1C04100F064B89EEA445F80
:1018F00008D011EA5E0FBDE8104004BF01F00041BE
:1019000000207047BDE8104070B500F005F800BF3A
:1019100064FBBE3E0000E0FF0EF1020E2EF0030E4F
:101920005EF8046B364205D4012A43EB030515F536
:10193000001F12D8012841EB010C1CF5001F0CD828
:101940000ED14FEAD17C15F5001F0CEB4C0C0CF1BD
:10195000020C08BF4CEBD37C04E04FF0080C01E014
:101960004FEAD37C0CEB4C0526FA05F606F0070689
:10197000B6F1040C06D20EEB860CBDE870404CF0BC
:10198000010C6047DFE80CF0090B02024FF0004148
:101990004FF00000A1F5002170BD19461046012846
:1019A00051EB010418BFD4F5001484BF002001F0EE
:1019B000004170BD0808A0F500114FEA31017047E1
:1019C00010B591EA030F48BF83F000433FF504AF21
:1019D000841A71EB030C07D212198CF0004C43EB04
:1019E0000C03001B61EB0C01DFF8A4E14FEA11547A
:1019F000A4EB135C1EEA430F18BF9EEA445F00F09D
:101A0000B08023EA6E03524221EA0451C3EB6E0315
:101A100038BF5B1EDCF1200E25D322FA0CFE10EB42
:101A20000E0043FA0CFE41EB0E01CCF1200E03FA3E
:101A30000EFE10EB0E0051F10001CCF1200E29D466
:101A400012FA0EF201EB0451BDE8104058BF704786
:101A5000401C1CBFB2F1004F704700280CBF491C4E
:101A600020F00100704712EB020E43EB030218BF97
:101A70004FF0010E4EEA4202ACF1200CDCF11E0EDA
:101A800054D943FA0CFE10EB0E0051F1FF31CCF1AA
:101A90001E0ED5D50EF1010E12FA0EFE404141EB9D
:101AA000010101EB445C5FEA5C5C10D910EBDE7075
:101AB00001EB045138BFBEF1004FBDE8104018BF24
:101AC000704700280CBF491C20F00100704730D23D
:101AD0004FEAD42C11F5001124F400641BD0B1FAA4
:101AE00081F20B3AA41AA41ED2F12003914030FADD
:101AF00003F31943904001EBCC71002C01EB04512E
:101B0000BDE81040A8BF704701F1C0414FF0000090
:101B100001F000417047B0FA80F310FA03F100D1F0
:101B200010BDE41A173C4805C90AE4E701EB04516B
:101B300010BD491001EB0451BDE810404FEA3000E0
:101B400002E04FF0000170474A0008BF0042F8D0A1
:101B5000B2F5001F28BF704701F000414FF00000B0
:101B600070479EEA445F07D011EA5E0FBDE810405F
:101B700004BF002100207047BDE8104070B5FFF79A
:101B8000CBFE00BF40DFF63E83F0004110467047B9
:101B90000000E0FF43004FEAD30C4FEA3C0C434007
:101BA0001FBF40070CF1605113F0FE4F70471CF04F
:101BB000006F03D100200CF0004170470CF000438F
:101BC00043EA507010B540EACC0000F00EF800BFB8
:101BD000000000924FEA0001FFF7ECBE4FF0004119
:101BE0004FF00000A1F5002170470EF1020E2EF01B
:101BF000030E5EF8044B244204D44FEA4102B2F1D2
:101C00007F4F11D84FEA4003B3F17F4F0CD80ED16C
:101C10004FEAD07CB2F17F4F0CEB4C0C0CF1020C74
:101C200008BF4CEBD17C04E04FF0080C01E04FEA18
:101C3000D17C0CEB4C0324FA03F404F00704B4F158
:101C4000040C06D20EEB840CBDE810404CF0010CE5
:101C50006047DFE80CF0070802024FF00040A0F5F3
:101C6000800010BD0846420018BFD2F1807288BFC4
:101C700000F0004010BD4FF04070E1EE100A7047D8
:101C8000FF2141EAD050C0057047FFFFFFFFFFFF73
:101C9000FFFFFFFFFFFFFFFFFFFFFFFFFFFFFFFF54
:101CA000FFFFFFFFFFFFFFFFFFFFFFFFFFFFFFFF44
:101CB000FFFFFFFFFFFFFFFFFFFFFFFFFFFFFFFF34
:101CC000FFFFFFFFFFFFFFFFFFFFFFFFFFFFFFFF24
:101CD000FFFFFFFFFFFFFFFFFFFFFFFFFFFFFFFF14
:101CE000FFFFFFFFFFFFFFFFFFFFFFFFFFFFFFFF04
:101CF000FFFFFFFFFFFFFFFFFFFFFFFFFFFFFFFFF4
:101D0000FFFFFFFFFFFFFFFFFFFFFFFFFFFFFFFFE3
:101D1000FFFFFFFFFFFFFFFFFFFFFFFFFFFFFFFFD3
:101D2000FFFFFFFFFFFFFFFFFFFFFFFFFFFFFFFFC3
:101D3000FFFFFFFFFFFFFFFFFFFFFFFFFFFFFFFFB3
:101D4000FFFFFFFFFFFFFFFFFFFFFFFFFFFFFFFFA3
:101D5000FFFFFFFFFFFFFFFFFFFFFFFFFFFFFFFF93
:101D6000FFFFFFFFFFFFFFFFFFFFFFFFFFFFFFFF83
:101D7000FFFFFFFFFFFFFFFFFFFFFFFFFFFFFFFF73
:101D8000FFFFFFFFFFFFFFFFFFFFFFFFFFFFFFFF63
:101D9000FFFFFFFFFFFFFFFFFFFFFFFFFFFFFFFF53
:101DA000FFFFFFFFFFFFFFFFFFFFFFFFFFFFFFFF43
:101DB000FFFFFFFFFFFFFFFFFFFFFFFFFFFFFFFF33
:101DC000FFFFFFFFFFFFFFFFFFFFFFFFFFFFFFFF23
:101DD000FFFFFFFFFFFFFFFFFFFFFFFFFFFFFFFF13
:101DE000FFFFFFFFFFFFFFFFFFFFFFFFFFFFFFFF03
:101DF000FFFFFFFFFFFFFFFFFFFFFFFFFFFFFFFFF3
:101E0000FFFFFFFFFFFFFFFFFFFFFFFFFFFFFFFFE2
:101E1000FFFFFFFFFFFFFFFFFFFFFFFFFFFFFFFFD2
:101E2000FFFFFFFFFFFFFFFFFFFFFFFFFFFFFFFFC2
:101E3000FFFFFFFFFFFFFFFFFFFFFFFFFFFFFFFCB5
:101E400000000007FFFFFFFFFFFFFFFFFFFFFFFF97
:101E5000FFFFFFFFFDFFFFFFFFF7FFFFFFFFFFFF9C
:101E6000FFFFFFFFFFFFFFFFFFFFFFFFFFFFFFFF82
:101E7000FFFBFFFFFFFBFFFFFFFFFF3F7FFFFFFFBA
:101E8000FFFFFFFFFFFFFBFFFFFFFFEFFFFFFFFF76
:101E9000FFFFFFFFFFFFFFFFFFFFFFFFFFFFFFFF52
:101EA000FFFFFFFBFFFFFFFBFFFF9FF87EDF7FFFD2
:101EB000FFF83FC1FC1FC1FFFBF07FEFFFEF83FF87
:101EC000BFFFFFFFFFFFFFFFFFFFFFFFFFFFFFFF62
:101ED000FFFFFFFFFFFBFFFFFFFBFFFF9FE39DEE09
:101EE000FFFFFFE79F9CF3CFBCFFF7E73FCFFFDF8C
:101EF00039FF3FFFFFFFFFFFFFFFFFFFFFFFFFFF78
:101F0000FFFFFFFFFFFFFFFBB9FFFFFBFFFF1FE727
:101F1000DDEEFFFFFFDFCF3E6FE73E7FF7CF9E0F87
:101F2000FFDE7CF83FFFFFFFFFFFFFFFFFFFFFFF2C
:101F3000FFFFFFFFFFFFFFFFFFFBB9FFFFFBFFFE00
:101F40001FCFCDEDFFFFFFDFCF3E6FE73E7FE7CF37
:101F50009FCFFF9E7CFF3FFFFFFFFFFFFFFFFFFFC5
:101F6000FFFFFFFFFFFFFFFFFFFFFFFBB9FFFFFBCF
:101F7000FFFE9FCFCDEDFFFFFFCFCF7F27E73E7F57
:101F8000EFDFCFCFFFBEFE7F3FFFFFFFFFFFFFFF73
:101F9000FFFFFFFFFFFFFFFFFFFFFFFFFFFBB9FF9B
:101FA000FFF83FFD9F9FE5EBFFFFFFCFCE7F27E7C9
:101FB000FE7FCF9FCFCFFF3CFE7F3FFFFFFFFFFFA6
:101FC000FFFFFFFFFFFFFFFFFFFFFFFFFFFFFFFB25
:101FD000B9FFFFFBBFFD9F9FE5EBFFFFFFFFDE7F2C
:101FE0003FEFFEFFDF9FCFCFFF7CFE7F3FFFFFFF76
:101FF000FFFFFFFFFFFFFFFFFFFFFFFFFFFFFFFFF1
:10200000FFFBB9FFFFFBBFFB9F9FE6D7FFFFFFFF73
:102010009E7F3FCFFCFF9F9FCFCFFE7CFE7F3FFF89
:10202000FFFFFFFFFFFFFFFFFFFFFFFFFFFFFFFFC0
:10203000FFFFFFFBB9FFFFFBBFF79F9FE7167FFF87
:10204000FFFF3E7F3F9FF1FFBF9FCFCFFEFCFE7F94
:102050003FFFFFFFFFFFFFFFFFFFFFFFFFFFFFFF50
:10206000FFFFFFFFFFFBB9FFFFFBBFF79F9FE7F5F8
:10207000BFFFFFFF7E7F3FBFFE7F3F9FCFCFFCFCB8
:10208000FE7F3FFFFFFFFFFFFFFFFFFFFFFFFFFFA1
:10209000FFFFFFFFFFFFFFFBB9FFFFFBBFEF9F9FAE
:1020A000E7EBDFFFFFFEFE7F3F7FFF7F7F9FCFCF0E
:1020B000FDFCFE7F3FFFFFFFFFFFFFFFFFFFFFFF76
:1020C000FFFFFFFFFFFFFFFFFFFBB9FFFFFBBFDFCE
:1020D0009F9FE7EBDFFFFFFDFE7F3EFFFF3E7F9F01
:1020E000CFCFF9FCFE7F3FFFFFFFFFFFFFFFFFFFAA
:1020F000FFFFFFFFFFFFFFFFFFFFFFFBB9FFFFF940
:102100003FC0039FE7DBDFFFFFFBFF7F7DFF3F3E1D
:10211000FFDFDFCFFBFEFEFF3FFFFFFFFFFFFFFF05
:10212000FFFFFFFFFFFFFFFFFFFFFFFFFFFBB9FF09
:10213000FFF87FFF9FCFCFDBDFFFFFF7EF3E7BF79F
:102140003F3CFFCF9FCFF3FE7CFF3FFFFFFFFFFF32
:10215000FFFFFFFFFFFFFFFFFFFFFFFFFFFFFFFB93
:10216000B9FFFFFBFFFF9FCFCFBBDFFFFFEFEF3ECE
:1021700077F73F3DFFCF9FCFF7FE7CFF3FFFFFFF8D
:10218000FFFFFFFFFFFFFFFFFFFFFFFFFFFFFFFF5F
:10219000FFFBB9FFFFFBFFFF9FE7DFBBDFFFFFCFC9
:1021A000CF9CE7E7BE7DFFE73FCFF7FF39FF3FFF5B
:1021B000FFFFFFFFFFFFFFFFFFFFFFFFFFFFFFFF2F
:1021C000FFFFFFFBFFFFFFFBFFFF9FF39F7DBFFFB5
:1021D000FFC01FC1E00FC1FBFFF07E01EFFF83F8DE
:1021E00007FFFFFFFFFFFFFFFFFFFFFFFFFFFFFFF7
:1021F000FFFFFFFFFFFBFFFFFFFBFFFC03F87F7EFE
:102200003FFFFFFFFFFFFFFFFFFBFFFFFFFFEFFFB2
:10221000FFFFFFFFFFFFFFFFFFFFFFFFFFFFFFFFCE
:10222000FFFFFFFFFFFFFFFBFFFFFFFBFFFFFFFFC6
:10223000FFFFFFFFFFFFFFFFFFFFFFF7FFFFFFFFB6
:10224000DFFFFFFFFFFFFFFFFFFFFFFFFFFFFFFFBE
:10225000FFFFFFFFFFFFFFFFFFFC00000003FFFF8A
:10226000FFFFFFFFFFFFFFFFFFFFFFFFFFFFFFFF7E
:10227000FFFFFFFFFFFFFFFFFFFFFFFFFFFFFFFF6E
:10228000FFFFFFFFFFFFFFFFFFFFFFFFFFFFFFFF5E
:10229000FFFFFFFFFFFFFFFFFFFFFFFFFFFFFFFF4E
:1022A000FFFFFFFFFFFFFFFFFFFFFFFFFFFFFFFF3E
:1022B000FFFFFFFFFFFFFFFFFFFFFFFFFFFFFFFF2E
:1022C000FFFFFFFFFFFFFFFFFFFFFFFFFFFFFFFF1E
:1022D000FFFFFFFFFFFFFFFFFFFFFFFFFFFFFFFF0E
:1022E000FFFFFFFFFFFFFFFFFFFFFFFFFFFFFFFFFE
:1022F000FFFFFFFFFFFFFFFFFFFFFFFFFFFFFFFFEE
:10230000FFFFFFFFFFFFFFFFFFFFFFFFFFFFFFFFDD
:10231000FFFFFFFFFFFFFFFFFFFFFFFFFFFFFFFFCD
:10232000FFFFFFFFFFFFFFFFFFFFFFFFFFFFFFFFBD
:10233000FFFFFFFFFFFFFFFFFFFFFFFFFFFFFFFFAD
:10234000FFFFFFFFFFFFFFFFFFFFFFFFFFFFFFFF9D
:10235000FFFFFFFFFFFFFFFFFFFFFFFFFFFFFFFF8D
:10236000FFFFFFFFFFFFFFFFFFFFFFFFFFFFFFFF7D
:10237000FFFFFFFFFFFFFFFFFFFFFFFFFFFFFFFF6D
:10238000FFFFFFFFFFFFFFFFFFFFFFFFFFFFFFFF5D
:10239000FFFFFFFFFFFFFFFFFFFFFFFFFFFFFFFF4D
:1023A000FFFFFFFFFFFFFFFFFFFFFFFFFFFFFFFF3D
:1023B000FFFFFFFFFFFFFFFFFFFFFFFFFFFFFFFF2D
:1023C000FFFFFFFFFFFFFFFFFFFFFFFFFFFFFFFF1D
:1023D000FFFFFFFFFFFFFFFFFFFFFFFFFFFFFFFF0D
:1023E000FFFFFFFFFFFFFFFFFFFFFFFFFFFFFFFFFD
:1023F000FFFFFFFFFFFFFFFFFFFFFFFFFFFFFFFFED
:10240000FFFFFFFFFFFFFFFFFFFFFFFFFFFFFFFFDC
:10241000FFFFFFFFFFFFFFFFFFFFFFFFFFFFFFFFCC
:10242000FFFFFFFFFFFFFFFFFFFFFFFFFFFFFFFFBC
:10243000FFFFFFFFFFFFFFFFFFFFFFFFFFFFFFFFAC
:10244000FFFFFFFFFFFFFFFFFFFFFFFFFFFFFFFF9C
:10245000FFFFFFFFFFFFFFFFFFFFFFFFFFFFFFFF8C
:10246000FFFFFFFFFFFFFFFFFFFFFFFFFFFFFFFF7C
:10247000FFFFFFFFFFFFFFFFFFFFFFFFFFFFFFFF6C
:10248000FFFFFFFFFFFFFFFFFFFFFFFFFFFFFFFF5C
:10249000FFFFFFFFFFFFFFFFFFFFFFFFFFFFFFFF4C
:1024A000FFFFFFFFFFFFFFFFFFFFFFFFFFFFFFFF3C
:1024B000FFFFFFFFFFFFFFFFFFFFFFFFFFFFFFFF2C
:1024C000FFFFFFFFFFFFFFFFFFFFFFFFFFFFFFFF1C
:1024D000FFFFFFFFFFFFFFFFFFFFFFFFFFFFFFFF0C
:1024E000FFFFFFFFFFFFFFFFFFFFFFFFFFFFFFFFFC
:1024F000FFFFFFFFFFFFFFFFFFFFFFFFFFFFFFFFEC
:10250000FFFFFFFFFFFFFFFFFFFFFFFFFFFFFFFFDB
:10251000FFFFFFFFFFFFFFFFFFFFFFFFFFFFFFFFCB
:10252000FFFFFFFFFFFFFFFFFFFFFFFFFFFFFFFFBB
:10253000FFFFFFFFFFFFFFFFFFFFFFFFFFFFFFFFAB
:10254000FFFFFFFFFFFFFFFFFFFFFFFFFFFFFFFF9B
:10255000FFFFFFFFFFFFFFFFFFFFFFFFFFFFFFFF8B
:10256000FFFFFFFFFFFFFFFFFFFFFFFFFFFFFFFF7B
:10257000FFFFFFFFFFFFFFFFFFFFFFFFFFFFFFFF6B
:10258000FFFFFFFFFFFFFFFFFFFFFFFFFFFFFFFF5B
:10259000FFFFFFFFFFFFFFFFFFFFFFFFFFFFFFFF4B
:1025A000FFFFFFFFFFFFFFFFFFFFFFFFFFFFFFFF3B
:1025B000FFFFFFFFFFFFFFFFFFFFFFFFFFFFFFFF2B
:1025C000FFFFFFFFFFFFFFFFFFFFFFFFFFFFFFFF1B
:1025D000FFFFFFFFFFFFFFFFFFFFFFFFFFFFFFFF0B
:1025E000FFFFFFFFFFFFFFFFFFFFFFFFFFFFFFFFFB
:1025F000FFFFFFFFFFFFFFFFFFFFFFFFFFFFFFFFEB
:10260000FFFFFFFFFFFFFFFFFFFFFFFFFFFFFFFFDA
:10261000FFFFFFFFFFFFFFFFFFFFFFFFFFFFFFFFCA
:10262000FFFFFFFFFFFFFFFFFFFFFFFFFFFFFFFFBA
:10263000FFFFFFFFFFFFFFFFFFFFFFFFFFFFFFFFAA
:10264000FFFFFFFFFFFFFFFFFFFFFFFFFFFFFFFF9A
:10265000FFFFFFFFFFFFFFFFFFFFFFFFFFFFFFFF8A
:10266000FFFFFFFFFFFFFFFFFFFFFFFFFFFFFFFF7A
:10267000FFFFFFFFFFFFFFFFFFFFFFFFFFFFFFFF6A
:10268000FFFFFFFFFFFFFFFFFFFFFFFFFFFFFFFF5A
:10269000FFFFFFFFFFFFFFFFFFFFFFFFFFFFFFFF4A
:1026A000FFFFFFFFFFFFFFFFFFFFFFFFFFFFFFFF3A
:1026B000FFFFFFFFFFFFFFFFFFFFFFFFFFFFFFFF2A
:1026C000FFFFFFFFFFFFFFFFFFFFFFFFFFFFFFFF1A
:1026D000FFFFFFFFFFFFFFFFFFFFFFFFFFFFFFFF0A
:1026E000FFFFFFFFFFFFFFFFFFFFFFC07FFFFFFFB9
:1026F00080FFFFFFFFFFFFFFFFFFCFFFFFFFE00FA8
:10270000FFFFFFFFFFFFFFFF80FFFFFFFFF3FFFF64
:10271000FFFFFFFFFFFFFFFFFFFFFFFFFF001FFFA8
:10272000FFFE003FFFFFFFFFFFFFFFFFCFFFFFFFA9
:102730008001FFFFFFFFFFFFFFFE003FFFFFFFF3F2
:10274000FFFFFFFFFFFFFFFFFFFFFFFFFFFFFC1F7C
:1027500007FFFFF83E0FFFFFFFFFFFFFFFFF8FFFA9
:10276000FFFE1FC0FFFFFFFFFFFFFFF83E0FFFFF51
:10277000FFE3FFFFFFFFFFFFFFFFFFFFFFFFFFFF85
:10278000F83FC3FFFFF07F87FFFFFFFFFFFFFFFF63
:102790000FFFFFF87FF07FFFFFFFFFFFFFF07F8756
:1027A000FFFFFFC3FFFFFFFFFFFFFFFFFFFFFFFF75
:1027B000FFFFF07FE1FFFFE0FFC3FFFFFFFFFFFF31
:1027C000FFF80FFFFFF0FFF83FFFFFFFFFFFFFE005
:1027D000FFC3FFFFFE03FFFFFFFFFFFFFFFFFFFF42
:1027E000FFFFFFFFF0FFF0FFFFE1FFE1FFFFFFFF53
:1027F000FFFFFE000FFFFFE1FFFC1FFFFFFFFFFFDA
:10280000FFE1FFE1FFFF8003FFFFFFFFFFFFFFFF8F
:10281000FFFFFFFFFFFFE1FFF0FFFFC3FFE1FFFF4F
:10282000FFFFFFFFFE000FFFFFE3FFFE0FFFFFFFB5
:10283000FFFFFFC3FFE1FFFF8003FFFFFFFFFFFF7D
:10284000FFFFFFFFFFFFFFFFC1FFF87FFF83FFF0E8
:10285000FFFFFFFFFFFFFFFC0FFFFFC3FFFE0FFFA8
:10286000FFFFFFFFFF83FFF0FFFFFF03FFFFFFFFFF
:10287000FFFFFFFFFFFFFFFFFFFFC3FFF87FFF87A3
:10288000FFF0FFFFFFFFFFFFFFFE0FFFFFC3FFFE95
:102890000FFFFFFFFFFFFF87FFF0FFFFFF83FFFF3B
:1028A000FFFFFFFFFFFFFFFFFFFFFFFF83FFFC3F77
:1028B000FF07FFF87FFFFFFFFFFFFFFE0FFFFF8314
:1028C000FFFF07FFFFFFFFFFFF07FFF87FFFFF830B
:1028D000FFFFFFFFFFFFFFFFFFFFFFFFFFFF87FF80
:1028E000FC3FFF0FFFF87FFFFFFFFFFFFFFE0FFF23
:1028F000FF83FFFF07FFFFFFFFFFFF0FFFF87FFFD3
:10290000FF83FFFFFFFFFFFFFFFFFFFFFFFFFFFF53
:1029100007FFFC1FFE0FFFF83FFFFFFFFFFFFFFE5B
:102920000FFFFF83FFFF07FFFFFFFFFFFE0FFFF813
:102930003FFFFF83FFFFFFFFFFFFFFFFFFFFFFFFE3
:10294000FFFF07FFFE1FFE0FFFFC3FFFFFFFFFFF24
:10295000FFFE0FFFFF81FFFF07FFFFFFFFFFFE0FDF
:10296000FFFC3FFFFF83FFFFFFFFFFFFFFFFFFFFB6
:10297000FFFFFFFF0FFFFE1FFE1FFFFC3FFFFFFFDC
:10298000FFFFFFFE0FFFFF80FFFF07FFFFFFFFFFBF
:10299000FE1FFFFC3FFFFF83FFFFFFFFFFFFFFFF67
:1029A000FFFFFFFFFFFE0FFFFE0FFC1FFFFC1FFFDF
:1029B000FFFFFFFFFFFE0FFFFF80FFFF07FFFFFF8F
:1029C000FFFFFC1FFFFC1FFFFF83FFFFFFFFFFFF59
:1029D000FFFFFFFFFFFFFFFE0FFFFE0FFC1FFFFCCF
:1029E0001FFFFFFFFFFFFFFE0FFFFF80FFFF07FF3F
:1029F000FFFFFFFFFC1FFFFC1FFFFF83FFFFFFFF29
:102A0000FFFFFFFFFFFFFFFFFFFE0FFFFE0FFC1F9B
:102A1000FFFC1FFFFE1FFFFFFFFE0FFFFFC0FFFFBA
:102A200007FFFFE1FFFFFC1FFFFC1FFFFF83FFFF0E
:102A3000FFFFFFFFFFFFFFFFFFFFFFFE0FFFFF0F87
:102A4000FC1FFFFE1FFFFC0FFFFFFFFE0FFFFFE15C
:102A5000FFFE0FFFFFC0FFFFFC1FFFFE1FFFFF83F6
:102A6000FFFFFFFFFFFFFFFFFFFFFFFFFFFE1FFF57
:102A7000FF0FFC3FFFFE1FFFF807FFFFFFFE0FFFEA
:102A8000FFFFFFFE0FFFFF807FFFFC3FFFFE1FFFEA
:102A9000FF83FFFFFFFFFFFFFFFFFFFFFFFFFFFCC5
:102AA0001FFFFF07F83FFFFE0FFFF807FFFFFFFEC6
:102AB0000FFFFFFFFFFE0FFFFF807FFFF83FFFFECE
:102AC0000FFFFF83FFFFFFFFFFFFFFFFFFFFFFFF82
:102AD000FFFC1FFFFF07F83FFFFE0FFFF807FFFF98
:102AE000FFFE0FFFFFFFFFFC1FFFFF807FFFF83F90
:102AF000FFFE0FFFFF83FFFFFFFFFFFFFFFFFFFF53
:102B0000FFFFFFFC1FFFFF07F83FFFFE0FFFF80767
:102B1000FFFFFFFE0FFFFFFFFFFC1FFFFF807FFF98
:102B2000F83FFFFE0FFFFF83FFFFFFFFFFFFFFFFE9
:102B3000FFFFFFFFFFFC1FFFFF07F83FFFFE0FFF38
:102B4000FC0FFFFFFFFE0FFFFFFFFFF83FFFFFC07F
:102B5000FFFFF83FFFFE0FFFFF83FFFFFFFFFFFFB9
:102B6000FFFFFFFFFFFFFFFC1FFFFF07F83FFFFE18
:102B70000FFFFE1FFFFFFFFE0FFFFFFFFFF07FFFB6
:102B8000FFE1FFFFF83FFFFE0FFFFF83FFFFFFFFA7
:102B9000FFFFFFFFFFFFFFFFFFFC1FFFFF07F83FE7
:102BA000FFFE0FFFFFFFFFFFFFFE0FFFFFFFFFF026
:102BB0007FFFFFFFFFFFF83FFFFE0FFFFF83FFFFD9
:102BC000FFFFFFFFFFFFFFFFFFFFFFFC1FFFFF07F0
:102BD000F83FFFFE0FFFFFFFFFFFFFFE0FFFFFFFAE
:102BE000FFE0FFFFFFFFFFFFF83FFFFE0FFFFF8348
:102BF000FFFFFFFFFFFFFFFFFFFFFFFFFFFC1FFFC8
:102C0000FF07F83FFFFE0FFFFFFFFFFFFFFE0FFF75
:102C1000FFFFFFC1FFFFFFFFFFFFF83FFFFE0FFFBA
:102C2000FF83FFFFFFFFFFFFFFFFFFFFFFFFFFFC33
:102C30001FFFFF07F83FFFFE0FFFFFFFFFFFFFFE35
:102C40000FFFFFFFFF83FFFFFFFFFFFFF83FFFFEC8
:102C50000FFFFF83FFFFFFFFFFFFFFFFFFFFFFFFF0
:102C6000FFFC1FFFFF07F83FFFFE0FFFFFFFFFFF07
:102C7000FFFE0FFFFFFFFF87FFFFFFFFFFFFF83F94
:102C8000FFFE0FFFFF83FFFFFFFFFFFFFFFFFFFFC1
:102C9000FFFFFFFC1FFFFF07F83FFFFE0FFFFFFFD7
:102CA000FFFFFFFE0FFFFFFFFF0FFFFFFFFFFFFF15
:102CB000F83FFFFE0FFFFF83FFFFFFFFFFFFFFFF58
:102CC000FFFFFFFFFFFC1FFFFF07F83FFFFE0FFFA7
:102CD000FFFFFFFFFFFE0FFFFFFFFE1FFFFFFFFFD6
:102CE000FFFFF83FFFFE0FFFFF83FFFFFFFFFFFF28
:102CF000FFFFFFFFFFFFFFFC1FFFFF07F83FFFFE87
:102D00000FFFFFFFFFFFFFFE0FFFFFFFFC3FFFFF77
:102D1000FFFFFFFFF83FFFFE0FFFFF83FFFFFFFFF7
:102D2000FFFFFFFFFFFFFFFFFFFC1FFFFF07F83F55
:102D3000FFFE0FFFFFFFFFFFFFFE0FFFFFFFF87F0C
:102D4000FFFFFFFFFFFFF83FFFFE0FFFFF83FFFFC7
:102D5000FFFFFFFFFFFFFFFFFFFFFFFC1FFFFF075E
:102D6000F83FFFFE0FFFFFFFFFFFFFFE0FFFFFFF1C
:102D7000F0FFFFFFFFFFFFFFF83FFFFE0FFFFF83A6
:102D8000FFFFFFFFFFFFFFFFFFFFFFFFFFFE1FFF34
:102D9000FF0FFC3FFFFE1FFFFFFFFFFFFFFE0FFFC8
:102DA000FFFFE1FFFFFFFFFFFFFFFC3FFFFE1FFFF5
:102DB000FF83FFFFFFFFFFFFFFFFFFFFFFFFFFFEA0
:102DC0000FFFFE0FFC1FFFFC1FFFFFFFFFFFFFFEBB
:102DD0000FFFFFFFC3FFFFFFFFFFFFFFFC1FFFFC15
:102DE0001FFFFF83FFFFFFFFFFFFFFFFFFFFFFFF4F
:102DF000FFFE0FFFFE0FFC1FFFFC1FFFFFFFFFFF8B
:102E0000FFFE0FFFFFFF87FFFFFFFFFFFFFFFC1F1E
:102E1000FFFC1FFFFF83FFFFFFFFFFFFFFFFFFFF21
:102E2000FFFFFFFE0FFFFE0FFC1FFFFC1FFFFFFF5A
:102E3000FFFFFFFE0FFFFFFF0FFFFFFFFFFFFFFF83
:102E4000FC1FFFFC1FFFFF83FFFFFFFFFFFFFFFFD4
:102E5000FFFFFFFFFFFE0FFFFE0FFC1FFFFC1FFF2A
:102E6000FFFFFFFFFFFE0FFFFFFE1FFFFFFFFFFF44
:102E7000FFFFFC1FFFFC1FFFFF83FFFFFFFFFFFFA4
:102E8000FFFFFFFFFFFFFFFF0FFFFE1FFE1FFFFC07
:102E90003FFFFFFFFFFFFFFE0FFFFFFC3FFFFFFFB6
:102EA000FFFFFFFFFE1FFFFC3FFFFF83FFFFFFFF52
:102EB000FFFFFFFFFFFFFFFFFFFF07FFFE1FFE0FEC
:102EC000FFFC3FFFFFFFFFFFFFFE0FFFFFF87FFF4D
:102ED000F3FFFFFFFFFFFE0FFFFC3FFFFF83FFFF3E
:102EE000FFFFFFFFFFFFFFFFFFFFFFFF07FFFC1FCD
:102EF000FE0FFFF83FFFFFFFFFFFFFFE0FFFFFF892
:102F0000FFFFF3FFFFFFFFFFFE0FFFF83FFFFF8311
:102F1000FFFFFFFFFFFFFFFFFFFFFFFFFFFF87FF39
:102F2000FC3FFF0FFFF87FFFFFFFFFFFFFFE0FFFDC
:102F3000FFF1FFFFF3FFFFFFFFFFFF0FFFF87FFF32
:102F4000FF83FFFFFFFFFFFFFFFFFFFFFFFFFFFF0D
:102F500083FFFC3FFF07FFF87FFFFFFFFFFFFFFE40
:102F60000FFFFFE1FFFFE3FFFFFFFFFFFF07FFF89A
:102F70007FFFFF83FFFFFFFFFFFFFFFFFFFFFFFF5D
:102F8000FFFFC3FFF87FFF87FFF0FFFFFFFFFFFF9B
:102F9000FFFE0FFFFFC3FFFFE7FFFFFFFFFFFF87FE
:102FA000FFF0FFFFFF83FFFFFFFFFFFFFFFFFFFFBC
:102FB000FFFFFFFFC1FFF87FFF83FFF0FFFFFE1F52
:102FC000FFFFFFFE0FFFFFC7FFFFC7FFFFE1FFFF90
:102FD000FF83FFF0FFFFFF83FFFFFFFFFFFFFFFF08
:102FE000FFFFFFFFFFFFE1FFF0FFFFC3FFE1FFFF78
:102FF000FC0FFFFFFFFE0FFFFF8FFFFF87FFFFC0EC
:10300000FFFFFFC3FFE1FFFFFF83FFFFFFFFFFFFA6
:10301000FFFFFFFFFFFFFFFFF0FFF0FFFFE1FFE11A
:10302000FFFFF807FFFFFFFE0FFFFF1FFFFF07FF78
:10303000FF807FFFFFE1FFE1FFFFFF83FFFFFFFF57
:10304000FFFFFFFFFFFFFFFFFFFFF07FE1FFFFE05C
:10305000FFC3FFFFF807FFFFFFFE0FFFFF000000A9
:1030600007FFFF807FFFFFE0FFC3FFFFFF83FFFF3E
:10307000FFFFFFFFFFFFFFFFFFFFFFFFF83FC3FF63
:10308000FFF07F87FFFFF807FFFFFFFC07FFFF0050
:10309000000007FFFF807FFFFFF07F87FFFFFF013A
:1030A000FFFFFFFFFFFFFFFFFFFFFFFFFFFFFC1F13
:1030B00007FFFFF83E0FFFFFF807FFFFFFF001FFDC
:1030C000FF00000007FFFF807FFFFFF83E0FFFFFBC
:1030D000FC007FFFFFFFFFFFFFFFFFFFFFFFFFFF82
:1030E000FF001FFFFFFE003FFFFFFC0FFFFFFE0082
:1030F0000007FF0000000FFFFFC0FFFFFFFE003FC3
:10310000FFFF800001FFFFFFFFFFFFFFFFFFFFFF4B
:10311000FFFFFFC07FFFFFFF80FFFFFFFE1FFFFFDE
:10312000FE000007FF0000000FFFFFE1FFFFFFFFB1
:1031300080FFFFFF800001FFFFFFFFFFFFFFFFFF9A
:10314000FFFFFFFFFFFFFFFFFFFFFFFFFFFFFFFF8F
:10315000FFFFFFFFFFFFFFFFFFFFFFFFFFFFFFFF7F
:10316000FFFFFFFFFFFFFFFFFFFFFFFFFFFFFFFF6F
:10317000FFFFFFFFFFFFFFFFFFFFFFFFFFFFFFFF5F
:10318000FFFFFFFFFFFFFFFFFFFFFFFFFFFFFFFF4F
:10319000FFFFFFFFFFFFFFFFFFFFFFFFFFFFFFFF3F
:1031A000FFFFFFFFFFFFFFFFFFFFFFFFFFFFFFFF2F
:1031B000FFFFFFFFFFFFFFFFFFFFFFFFFFFFFFFF1F
:1031C000FFFFFFFFFFFFFFFFFFFFFFFFFFFFFFFF0F
:1031D000FFFFFFFFFFFFFFFFFFFFFFFFFFFFFFFFFF
:1031E000FFFFFFFFFFFFFFFFFFFFFFFFFFFFFFFFEF
:1031F000FFFFFFFFFFFFFFFFFFFFFFFFFFFFFFFFDF
:10320000FFFFFFFFFFFFFFFFFFFFFFFFFFFFFFFFCE
:10321000FFFFFFFFFFFFFFFFFFFFFFFFFFFFFFFFBE
:10322000FFFFFFFFFFFFFFFFFFFFFFFFFFFFFFFFAE
:10323000FFFFFFFFFFFFFFFFFFFFFFFFFFFFFFFF9E
:10324000FFFFFFFFFFFFFFFFFFFFFFFFFFFFFFFF8E
:10325000FFFFFFFFFFFFFFFFFFFFFFFFFFFFFFFF7E
:10326000FFFFFFFFFFFFFFFFFFFFFFFFFFFFFFFF6E
:10327000FFFFFFFFFFFFFFFFFFFFFFFFFFFFFFFF5E
:10328000FFFFFFFFFFFFFFFFFFFFFFFFFFFFFFFF4E
:10329000FFFFFFFFFFFFFFFFFFFFFFFFFFFFFFFF3E
:1032A000FFFFFFFFFFFFFFFFFFFFFFFFFFFFFFFF2E
:1032B000FFFFFFFFFFFFFFFFFFFFFFFFFFFFFFFF1E
:1032C000FFFFFFFFFFFFFFFFFFFFFFFFFFFFFFFF0E
:1032D000FFFFFFFFFFFFFFFFFFFFFFFFFFFFFFFFFE
:1032E000FFFFFFFFFFFFFFFFFFFFFFFFFFFFFFFFEE
:1032F000FFFFFFFFFFFFFFFFFFFFFFFFFFFFFFFFDE
:10330000FFFFFFFFFFFFFFFFFFFFFFFFFFFFFFFFCD
:10331000FFFFFFFFFFFFFFFFFFFFFFFFFFFFFFFFBD
:10332000FFFFFFFFFFFFFFFFFFFFFFFFFFFFFFFFAD
:10333000FFFFFFFFFFFFFFFFFFFFFFFFFFFFFFFF9D
:10334000FFFFFFFFFFFFFFFFFFFFFFFFFFFFFFFF8D
:10335000FFFFFFFFFFFFFFFFFFFFFFFFFFFFFFFF7D
:10336000FFFFFFFFFFFFFFFFFFFFFFFFFFFFFFFF6D
:10337000FFFFFFFFFFFFFFFFFFFFFFFFFFFFFFFF5D
:10338000FFFFFFFFFFFFFFFFFFFFFFFFFFFFFFFF4D
:10339000FFFFFFFFFFFFFFFFFFFFFFFFFFFFFFFF3D
:1033A000FFFFFFFFFFFFFFFFFFFFFFFFFFFFFFFF2D
:1033B000FFFFFFFFFFFFFFFFFFFFFFFFFFFFFFFF1D
:1033C000FFFFFFFFFFFFFFFFFFFFFFFFFFFFFFFF0D
:1033D000FFFFFFFFFFFFFFFFFFFFFFFFFFFFFFFFFD
:1033E000FFFFFFFFFFFFFFFFFFFFFFFFFFFFFFFFED
:1033F000FFFFFFFFFFFFFFFFFFFFFFE000000000F8
:1034000000000000000000000000000000000000BC
:1034100000000000000000000000000000000000AC
:1034200000000000000000000003FFFFFFE00000BC
:10343000000000000000000000000000000000008C
:10344000000000000000000000000000000000007C
:10345000000000000000000000000003FFFFFFE08C
:10346000000000000000000000000000000000005C
:10347000000000000000000000000000000000004C
:103480000000000000000000000000000003FFFF3B
:10349000FFE000000000000000000000000000004D
:1034A000000000000000000000000000000000001C
:1034B0000000000000000000000000000000000309
:1034C000FFFFFFE00000000000000000000000001F
:1034D00000000000000000000000000000000000EC
:1034E00000000000000000000000000000000000DC
:1034F0000003FFFFFFE000000000000000000000EC
:1035000000000000000000000000000000000000BB
:1035100000000000000000000000000000000000AB
:1035200000000003FFFFFFFFFFFFFFFFFFFFFFFFA4
:10353000FFFFFFFFFFFFFFFFFFFFFFFFFFFFFFFF9B
:10354000FFFFFFFFFFFFFFFFFFFFFFFFFFFFFFFF8B
:10355000FFFFFFFFFFFFFFFFFFFFFFFFFFFFFFFF7B
:10356000FFFFFFFFFFFFFFFFFFFFFFFFFFFFFFFF6B
:10357000FFFFFFFFFFFFFFFFFFFFFFFFFFFFFFFF5B
:10358000FFFFFFFFFFFFFFFFFFFFFFFFFFFFFFFF4B
:10359000FFFFFFFFFFFFFFFFFFFFFFFFFFFFFFFF3B
:1035A000FFFFFFFFFFFFFFFFFFFFFFFFFFFFFFFF2B
:1035B000FFFFFFFFFFFFFFFFFFFFFFFFFFFFFFFF1B
:1035C000FFFFFFFFFFFFFFFFFFFFFFFFFFFFFFFF0B
:1035D000FFFFFFFFFFFFFFFFFFFFFFFFFFFFFFFFFB
:1035E000FFFFFFFFFFFFFFFFFFFFFFFFFFFFFFFFEB
:1035F000FFFFFFFFFFFFFFFFFFFFFFFFFFFFFFFFDB
:10360000FFFFFFFFFFFFFFFFFFFFFFFFFFFFFFFFCA
:10361000FFFFFFFFFFFFFFFFFFFFFFFFFFFFFFFFBA
:10362000FFFFFFFFFFFFFFFFFFFFFFFFFFFFFFFFAA
:10363000FFFFFFFFFFFFFFFFFFFFFFFFFFFFFFFF9A
:10364000FFFFFFFFFFFFFFFFFFFFFFFFFFFFFFFF8A
:10365000FFFFFFFFFFFFFFFFFFFFFFFFFFFFFFFF7A
:10366000FFFFFFFFFFFFFFFFFFFFFFFFFFFFFFFF6A
:10367000FFFFFFFFFFFFFFFFFFFFFFFFFFFFFFFF5A
:10368000FFFFFFFFFFFFFFFFFFFFFFFFFFFFFFFF4A
:10369000FFFFFFFFFFFFFFFFFFFFFFFFFFFFFFFF3A
:1036A000FFFFFFFFFFFFFFFFFFFFFFFFFFFFFFFF2A
:1036B000FFFFFFFFFFFFFFFFFFFFFFFFFFFFFFFF1A
:1036C000FFFFFFFFFFFFFFFFFFFFFFFFFFFFFFFF0A
:1036D000FFFFFFFFFFFFFFFFFFFFFFFFFFFFFFFFFA
:1036E000FFFFFFFFFFFFFFFFFFFFFFFFFFFFFFFFEA
:1036F000FFFFFFFFFFFFFFFFFFFFFFFFFFFFFFFFDA
:10370000FFFFFFFFFFFFFFFFFFFFFFFFFFFFFFFFC9
:10371000FFFFFFFFFFFFFFFFFFFFFFFFFFFFFFFFB9
:10372000FFFFFFFFFFFFFFFFFFFFFFFFFFFFFFFFA9
:10373000FFFFFFFFFFFFFFFFFFFFFFFFFFFFFFFF99
:10374000FFFFFFFFFFFFFFFFFFFFFFFFFFFFFFFF89
:10375000FFFFFFFFFFFFFFFFFFFFFFFFFFFFFFFF79
:10376000FFFFFFFFFFFFFFFFFFFFFFFFFFFFFFFF69
:10377000FFFFFFFFFFFFFFFFFFFFFFFFFFFFFFFF59
:10378000FFFFFFFFFFFFFFFFFFFFFFFFFFFFFFFF49
:10379000FFFFFFFFFFFFFFFFFFFFFFFFFFFFFFFF39
:1037A000FFFFFFFFFFFFFFFFFFFFFFFFFFFFFFFF29
:1037B000FFFFFFFFFFFFFFFFFFFFFFFFFFFFFFFF19
:1037C000FFFFFFFFFFFFFFFFFFFFFFFFFFFFFFFF09
:1037D000FFFFFFFFFFFFFFFFFFFFFFFFFFFFFFFFF9
:1037E000FFFFFFFFFFFFFFFFFFFFFFFFFFFFFFFFE9
:1037F000FFFFFFFFFFFFFFFFFFFFFFFFFFFFFFFFD9
:10380000FFFFFFFFFFFFFFFFFFFFFFFFFFFFFFFFC8
:10381000FFFFFFFFFFFFFFFFFFFFFFFFFFFFFFFFB8
:10382000FFFFFFFFFFFFFFFFFFFFFFFFFFFFFFFFA8
:10383000FFFFFFFFFFFFFFFFFFFFFFFFFFFFFFFF98
:10384000FFFFFFFFFFFFFFFFFFFFFFFFFFFFFFFF88
:10385000FFFFFFFFFFFFFFFFFFFFFFFFFFFFFFFF78
:10386000FFFFFFFFFFFFFFFFFFFFFFFFFFFFFFFF68
:10387000FFFFFFFFFFFFFFFFFFFFFFFFFFFFFFFF58
:10388000FFFFFFFFFFFFFFFFFFFFFFFFFFFFFFFF48
:10389000FFFFFFFFFFFFFFFFFFFFFFFFFFFFFFFF38
:1038A000FFFFFFFFFFFFFFFFFFFFFFFE03C703FB5D
:1038B000E23FFFFFFFFFFFFFFFFFFFFFFFFFFFFFF5
:1038C000FFFFFFFFFFFFFFFFFFFFFFFFFFFFFFFF08
:1038D000FFFFFFFFFFFFFFFFFFFFFFFFFFFEDBBB61
:1038E000BDFBF77FFFFFFFFFFFFFFFFFFFFFFFFFB6
:1038F000FFFFFFFFFFFFFFFFFFFFFFFFFFFFFFFFD8
:10390000FFFFFFFFFFFFFFFFFFFFFFFFFFFFFFFEC8
:10391000DB7DBEF5F77FFFFFFFFFFFFFFFFFFFFF30
:10392000FFFFFFFFFFFFFFFFFFFFFFFFFFFFFFFFA7
:10393000FFFFFFFFFFFFFFFFFFFFFFFFFFFFFFFF97
:10394000FFFFDF7DBEF5FAFFFFFFFFFFFFFFFFFF79
:10395000FFFFFFFFFFFFFFFFFFFFFFFFFFFFFFFF77
:10396000FFFFFFFFFFFFFFFFFFFFFFFFFFFFFFFF67
:10397000FFFFFFFFDF7DBEF5FAFFFFFFFFFFFFFF49
:10398000FFFFFFFFFFFFFFFFFFFFFFFFFFFFFFFF47
:10399000FFFFFFFFFFFFFFFFFFFFFFFFFFFFFFFF37
:1039A000FFFFFFFFFFFFDF7DBEEEFDFFFFFFFFFF1D
:1039B000FFFFFFFFFFFFFFFFFFFFFFFFFFFFFFFF17
:1039C000FFFFFFFFFFFFFFFFFFFFFFFFFFFFFFFF07
:1039D000FFFFFFFFFFFFFFFFDF7DBEE0FDFFFFFFFB
:1039E000FFFFFFFFFFFFFFFFFFFFFFFFFFFFFFFFE7
:1039F000FFFFFFFFFFFFFFFFFFFFFFFFFFFFFFFFD7
:103A0000FFFFFFFFFFFFFFFFFFFFDF7DBEEEFDFFBC
:103A1000FFFFFFFFFFFFFFFFFFFFFFFFFFFFFFFFB6
:103A2000FFFFFFFFFFFFFFFFFFFFFFFFFFFFFFFFA6
:103A3000FFFFFFFFFFFFFFFFFFFFFFFFDF7DBEDF99
:103A40007DFFFFFFFFFFFFFFFFFFFFFFFFFFFFFF08
:103A5000FFFFFFFFFFFFFFFFFFFFFFFFFFFFFFFF76
:103A6000FFFFFFFFFFFFFFFFFFFFFFFFFFFFDFBBCA
:103A7000BDDF7DFFFFFFFFFFFFFFFFFFFFFFFFFF3A
:103A8000FFFFFFFFFFFFFFFFFFFFFFFFFFFFFFFF46
:103A9000FFFFFFFFFFFFFFFFFFFFFFFFFFFFFFFF36
:103AA0008FC7038E38FFFFFFFFFFFFFFFFFFFFFF02
:103AB000FFFFFFFFFFFFFFFFFFFFFFFFFFFFFFFF16
:103AC000FFFFFFFFFFFFFFFFFFFFFFFFFFFFFFFF06
:103AD000FFFFFFFFFFFFFFFFFFFFFFFFFFFFFFFFF6
:103AE000FFFFFFFFFFFFFFFFFFFFFFFFFFFFFFFFE6
:103AF000FFFFFFFFFFFFFFFFFFFFFFFFFFFFFFFFD6
:103B0000FFFFFFFFFFFFFFFFFFFFFFFFFFFFFFFFC5
:103B1000FFFFFFFFFFFFFFFFFFFC3FFFFFFFFFFF78
:103B2000FFFFFFFFFFFFFFFFFFFFFFFFFFFFFFFFA5
:103B3000FFFFFFFFFFFFFFFFFFFFFFFFFFFFFFFF95
:103B4000FFFFFFFFFFFFFFFFFFFFFFF80FFFFFFF7C
:103B5000FFFFFFFFFFFFFFFFFFFFFFFFFFFFFFFF75
:103B6000FFFFFFFFFFFFFFFFFFFFFFFFFFFFFFF96B
:103B7000FFFFFFFFFFFFFFFFFFFFFFFFFFF387FBDD
:103B8000FFFFFFFFFFFFFFFFFFFFFFFFFFFFFFFF45
:103B9000FFFFFFFFFFFFFFFFFFFFFFFFFFFFFFFF35
:103BA000FFF9FFFFFFFFFFFFFFFFFFFFFFFFFFF733
:103BB000C3FBFFFFFFFFFFFFFFFFFFFFFFFFFFFF55
:103BC000FFFFFFFFFFFFFFFFFFFFFFFFFFFFFFFF05
:103BD000FFFFFFF9FFFFFFFFFFFFFFFFFFFFFFFFFB
:103BE000FFEFE1F7FFFFFFFFFFFFFFFFFFFFFFFF1B
:103BF000FFFFFFFFFFFFFFFFFFFFFFFFFFFFFFFFD5
:103C0000FFFFFFFFFFF9FFFFFFFFFFFFFFFFF83F91
:103C1000FE7FFFEFF0E7FFFFFFFFFFFE0FFF9FFFBD
:103C2000FFFFFFFFFFFFFFFFFFFFFFFFFFFFFFFFA4
:103C3000FFFFFFFFFFFFFFF9FFFFFFFFFFFFFFFF9A
:103C4000F3BFE007FFFFF80FFFFFFFFFFFFCEFF8F8
:103C500001FFFFFFFEFE1F87F78E3FFFFFFFFFFF05
:103C6000FFFFFFFFFFFFFFFF9FF9FF9FFFFEFFFF2B
:103C7000C1FFE79F83F1FFFFFE1FFC0FFF0003F969
:103C8000E7E0FC7FFFFFF8FDEF7BC7DF7FFFFFFF73
:103C9000FFFFFFFFFFFFFFFFFFFF8FFFFF1FFFFC87
:103CA000FFFF3E7FE79F1FFC4FFFFFFFF3E3FF0097
:103CB00003F9E7C7FF13FFFFFEFDEF7BF7DF7FFF91
:103CC000FFFFFFFFFFFFFFFFFFFFFFFFC7FFFE3FFD
:103CD000FFF8FFFCFE7FE79E3FFF0FFFFFFFEFF1C6
:103CE000FF0003F9E78FFFC3FFFFFEFBF6FDF7DFE1
:103CF0007FFFFFFFFFFFFFFFFFFFFFFFFFFFE3C0AF
:103D00003C7FFF00FFF9FE3FE7BC7FFF8FFFFFFF17
:103D1000DFF8FF7FFFF9EF1FFFE3FFFFFEFBF6FD7C
:103D2000F7DF647C1FFFFFFFFFFFFFFFFFFFFFFFC9
:103D3000F3000CFFFFF8FFF9FE3FF03C7FFF8FFF21
:103D4000FFFFDFFC7F7FFFFC0F1FFFE3FFFFFEFB9A
:103D5000F6FDF7DF73BBEFFFFFFFFFFFFFFFFFFF86
:103D6000FFFFFE0F87FFFFF8FFF3FE3FFFF8FFFFA7
:103D7000CFFFFFFF9FFC7F7FFFFFFE3FFFF3FFFFB3
:103D8000FEFBF6FDF7C077DBEFFFFFFFFFFFFFFF56
:103D9000FFFFFFFFFC3FE3FFFFF8FFF3FFFFFFF92B
:103DA000FFFFCFFFFFFF9FFC7F7FFFFFFE7FFFF343
:103DB000FFFFFEFBF6FDF7DF77DF8FFFFFFFFFFF63
:103DC000FFFFFFFFFFFFF8FFF1FFFFF8FFE3FFFF3B
:103DD000FFF1FFFFCFFFFFFF8FFC7E7FFFFFFC7F28
:103DE000FFF3FFFFFEFBF6FDF7DF77DC6FFFFFFF62
:103DF000FFFFFFFFFFFFFFFFF8FFF9FFFFF8FFE7FF
:103E0000FFFFFFF1FFFFCFFFFFFF8FFC7E7FFFFF74
:103E1000FC7FFFF3FFFFFEFBF6FDF7DF77DBEFFF35
:103E2000FFFFFFFFFFFFFFFFFFFFF1FC08FFFFF8B1
:103E3000FFE7FFFFFFF1FFFFCFFFFFFFCFFC7E7F1C
:103E4000FFFFFC7FFFF3FFFFFEFDEF7BF7DF77DB7C
:103E5000EFFFFFFFFFFFFFFFFFFFFFFFF1E000FFAE
:103E6000FFF8FFC7FFFFFFE3FFFFFFFFFFFFFFF8C4
:103E7000FE707FFFF8FFFFFFFFFFFEFDEF7BF7DF28
:103E800073BBCBFFFFFFFFFFFFFFFFFFFFFFF3C190
:103E9000C0FFFFF8FFC781FFFFE3FFFFFFFFFFFF4A
:103EA000FFF8FE401FFFF8FFFFFFFFFFF83E1F87F0
:103EB000C18E347C23FFFFFFFFFFFFFFFFFFFFF0FA
:103EC0003387F840FFF8FFC6007FFFE3FFFFFFFFE7
:103ED000FFFFFFF1FE9F0FFFF8FFFFFFFFFFFFFF58
:103EE000FFFFFFFFF7FFFFFFFFFFFFFFFFFFFFFFEA
:103EF000FFF0331FFC40FFF8FFC47C3FFFE3FFFFF0
:103F0000FFFFFFFFFFF1FEBF87FFF8FFFFFFFFFF8F
:103F1000FFFFFFFFFFFFE3FFFFFFFFFFFFFFFFFFCD
:103F2000FFFFFFFFE03FFE3FFFF8FFC4FE1FFFE380
:103F3000FFFFFFFFFFFFFFE3FE7FC7FFF8FFFFFF6D
:103F4000FFFFFFFFFFFFFFFFFFFFFFFFFFFFFFFF81
:103F5000FFFFFFFFFFFFC03FFF3FFFF8FFC1FF1F55
:103F6000FFE3FFFFFFFFFFFFFFC7FE7FC7FFF8FF75
:103F7000FFFFFFFFFFFFFFFFFFFFFFFFFFFFFFFF51
:103F8000FFFFFFFFFFFFFFFF8E7FFF1FFFF8FFC355
:103F9000FF1FFFE3FFFFFFFFFFFFFF8FFFFFE3FFB9
:103FA000F8FFFFFFFFFFFFFFFFFFFFFFFFFFFFFF28
:103FB000FFFFFFFFFFFFFFFFFFFF9FFFFF1FFFF858
:103FC000FFC7FF8FFFE1FFFFFFFFFFFFFF1FFFFFA7
:103FD000E3FFF87FFFFFFFFFFFFFFFFFFFFFFFFF94
:103FE000FFFFFFFFFFFFFFFFFFFFFFFF1FFFFF0FB1
:103FF000FFF8FFC7FF8FFFF1FFFFFFFFFFFFFE3F4F
:10400000FFFFE3FFFC7FFFFFFFFFFFFFFFFFFFFF5F
:10401000FFFFFFFFFFFFFFFFFFFFFFFFFFFE1FFF91
:10402000FF83FFF8FFC7FF8FFFF1FFFFFFFFFFFFD9
:10403000FC7FFFFFE3FFFC7FFFFFFFFFFFFFFFFFB2
:10404000FFFFFFFFFFFFFFFFFFFFFFFFFFFFFFFC83
:104050003FFFFFC1FFF8FFC7FF8FFFF1FFFFFFFF2B
:10406000FFFFF8FFFFFFE3FFFC7FFFFFFFFFFFFF06
:10407000FFFFFFFFFFFFFFFFFFFFFFFFFFFFFFFF50
:10408000FFF8FFFFFFF1FFF8FFC7FF8FFFF0FFFF13
:10409000FFFFFFFFF1FFFE7FE3FFFC3FFFFFFFFF9E
:1040A000FFFFFFFFFFFFFFFFFFFFFFFFFFFFFFFF20
:1040B000FFFFFFF1FFFFFFF8FFF8FFE7FF8FFFF8BB
:1040C000FFFFEFFFFFFFE3FF7C7FE3FFFE3FFFFB10
:1040D000FFFFFFFFFFFFFFFFFFFFFFFFFFFFFFFFF0
:1040E000FFFFFFFFFFF1FFFFFFFCFFF8FFE3FF8F84
:1040F000FFF87FFFDFFFFFFFE7FF7C7FE3FFFE1F8F
:10410000FFF7FFFFFFFFFFFFFFFFFFFFFFFFFFFFC7
:10411000FFFFFFFFFFFFFFF3FFFFFFFCFFF8FFE3E1
:10412000FF9FFFFC7FFFBFFFFFFFCFFE7C7FC7FF2E
:10413000FF1FFFEFFFFFFFFFFFFFFFFFFFFFFFFF7F
:10414000FFFFFFFFFFFFFFFFFFF3FFFFFFFCFFF895
:10415000FFF3FF1FFFFE3FFE3FFFFFFF9FFE7CFFC1
:10416000C7FFFF8FFF8FFFFFFFFFFFFFFFFFFFFF77
:10417000FFFFFFFFFFFFFFFFFFFFFFF1FFFFFFFC60
:10418000FFF8FFF1FF3FFFFF1FFCFFFFFFFF3FFCBA
:10419000FEFFCFFFFFC7FF3FFFFFFFFFFFFFFFFF58
:1041A000FFFFFFFFFFFFFFFFFFFFFFFFFFF1FFFF2D
:1041B000FFF8FFF8FFF8FE7FFFFF83E1FFFFFFFF3F
:1041C0000000FF7F8FFFFFE0F87FFFFFFFFFFFFF93
:1041D000FFFFFFFFFFFFFFFFFFFFFFFFFFFFFFF8F6
:1041E000FFFFFFF1FFF07FFC7CFFFFFFC007FFFF39
:1041F000FFFF0000FFBF1FFFFFF001FFFFFFFFFFFA
:10420000FFFFFFFFFFFFFFFFFFFFFFFFFFFFFFFFBE
:10421000FFFC00000003FF0007FF03FFFFFFF81F84
:10422000FFFFFFFF0000FFC07FFFFFFE07FFFFFF54
:10423000FFFFFFFFFFFFFFFFFFFFFFFFFFFFFFFF8E
:10424000FFFFFFFE00000007FFFFFFFFFFFFFFFF74
:10425000FFFFFFFFFFFFFFFFFFFFFFFFFFFFFFFF6E
:10426000FFFFFFFFFFFFFFFFFFFFFFFFFFFFFFFF5E
:10427000FFFFFFFFFFFFFFFFFFFFFFFFFFFFFFFF4E
:10428000FFFFFFFFFFFFFFFFFFFFFFFFFFFFFFFF3E
:10429000FFFFFFFFFFFFFFFFFFFFFFFFFFFFFFFF2E
:1042A000FFFFFFFFFFFFFFFFFFFFFFFFFFFFFFFF1E
:1042B000FFFFFFFFFFFFFFFFFFFFFFFFFFFFFFFF0E
:1042C000FFFFFFFFFFFFFFFFFFFFFFFFFFFFFFFFFE
:1042D000FFFFFFFFFFFFFFFFFFFFFFFFFFFFFFFFEE
:1042E000FFFFFFFFFFFFFFFFFFFFFFFFFFFFFFFFDE
:1042F000FFFFFFFFFFFFFFFFFFFFFFFFFFFFFFFFCE
:10430000FFFFFFFFFFFFFFFFFFFFFFFFFFFFFFFFBD
:10431000FFFFFFFFFFFFFFFFFFFFFFFFFFFFFFFFAD
:10432000FFFFFFFFFFFFFFFFFFFFFFFFFFFFFFFF9D
:10433000FFFFFFFFFFFFFFFFFFFFFFFFFFFFFFFF8D
:10434000FFFFFFFFFFFFFFFFFFFFFFFFFFFFFFFF7D
:10435000FFFFFFFFFFFFFFFFFFFFFFFFFFFFFFFF6D
:10436000FFFFFFFFFFFFFFFFFFFFFFFFFFFFFFFF5D
:10437000FFFFFFFFFFFFFFFFFFFFFFFFFFFFFFFF4D
:10438000FFFFFFFFFFFFFFFFFFFFFFFFFFFFFFFF3D
:10439000FFFFFFFFFFFFFFFFFFFFFFFFFFFFFFFF2D
:1043A000FFFFFFFFFFFFFFFFFFFFFFFFFFFFFFFF1D
:1043B000FFFFFFFFFFFFFFFFFFFFFFFFFFFFFFFF0D
:1043C000FFFFFFFFFFFFFFFFFFFFFFFFFFFFFFFFFD
:1043D000FFFFFFFFFFFFFFFFFFFFFFFFFFFFFFFFED
:1043E000FFFFFFFFFFFFFFFFFFFFFFFFFFFFFFFFDD
:1043F000FFFFFFFFFFFFFFFFFFFFFFFFFFFFFFFFCD
:10440000FFFFFFFFFFFFFFFFFFFFFFFFFFFFFFFFBC
:10441000FFFFFFFFFFFFFFFFFFFFFFFFFFFFFFFFAC
:10442000FFFFFFFFFFFFFFFFFFFFFFFFFFFFFFFF9C
:10443000FFFFFFFFFFFFFFFFFFFFFFFFFFFFFFFF8C
:10444000FFFFFFFFFFFFFFFFFFFFFFFFFFFFFFFF7C
:10445000FFFFFFFFFFFFFFFFFFFFFFFFFFFFFFFF6C
:10446000FFFFFFFFFFFFFFFFFFFFFFFFFFFFFFFF5C
:10447000FFFFFFFFFFFFFFFFFFFFFFFFFFFFFFFF4C
:10448000FFFFFFFFFFFFFFFFFFFFFFFFFFFFFFFF3C
:10449000FFFFFFFFFFFFFFFFFFFFFFFFFFFFFFFF2C
:1044A000FFFFFFFFFFFFFFFFFFFFFFFFFFFFFFFF1C
:1044B000FFFFFFFFFFFFFFFFFFFFFFFFFFFFFFFF0C
:1044C000FFFFFFFFFFFFFFFFFFFFFFFFFFFFFFFFFC
:1044D000FFFFFFFFFFFFFFFFFFFFFFFFFFFFFFFFEC
:1044E000FFFFFFFFFFFFFFFFFFFFFFFFFFFFFFFFDC
:1044F000FFFFFFFFFFFFFFFFFFFFFFFFFFFFFFFFCC
:10450000FFFFFFFFFFFFFFFFFFFFFFFFFFFFFFFFBB
:10451000FFFFFFFFFFFFFFFFFFFFFFFFFFFFFFFFAB
:10452000FFFFFFFFFFFFFFFFFFFFFFFFFFFFFFFF9B
:10453000FFFFFFFFFFFFFFFFFFFFFFFFFFFFFFFF8B
:10454000FFFFFFFFFFFFFFFFFFFFFFFFFFFFFFFF7B
:10455000FFFFFFFFFFFFFFFFFFFFFFFFFFFFFFFF6B
:10456000FFFFFFFFFFFFFFFFFFFFFFFFFFFFFFFF5B
:10457000FFFFFFFFFFFFFFFFFFFFFFFFFFFFFFFF4B
:10458000FFFFFFFFFFFFFFFFFFFFFFFFFFFFFFFF3B
:10459000FFFFFFFFFFFFFFFFFFFFFFFFFFFFFFFF2B
:1045A000FFFFFFFFFFFFFFFFFFFFFFFFFFFFFFFF1B
:1045B000FFFFFFFFFFFFFFFFFFFFFFFFFFFFFFFF0B
:1045C00000000000000000000000000000000000EB
:1045D00000000000000000000000000000000000DB
:1045E00000000000000000000000000000000000CB
:1045F0000000FFFFFFFFFFFFFFFFFFFFFFFFFFFFC9
:10460000FFFFFFFFFFFFFFFFFFFFFFFFFFFFFFFFBA
:10461000FFFFFFFFFFFFFFFFFFFFFFFFFFFFFFFFAA
:10462000FFFFFFFFFFFFFFFFFFFFFFFFFFFFFFFF9A
:10463000FFFFFFFFFFFFFFFFFFFFFFFFFFFFFFFF8A
:10464000FFFFFFFFFFFFFFFFFFFFFFFFFFFFFFFF7A
:10465000FFFFFFFFFFFFFFFFFFFFFFFFFFFFFFFF6A
:10466000FFFFFFFFFFFFFFFFFFFFFFFFFFFFFFFF5A
:10467000FFFFFFFFFFFFFFFFFFFFFFFFFFFFFFFF4A
:10468000FFFFFFFFFFFFFFFFFFFFFFFFFFFFFFFF3A
:10469000FFFFFFFFFFFFFFFFFFFFFFFFFFFFFFFF2A
:1046A000FFFFFFFFFFFFFFFFFFFFFFFFFFFFFFFF1A
:1046B000FFFFFFFFFFFFFFFFFFFFFFFFFFFFFFFF0A
:1046C000FFFFFFFFFFFFFFFFFFFFFFFFFFFFFFFFFA
:1046D000FFFFFFFFFFFFFFFFFFFFFFFFFFFFFFFFEA
:1046E000FFFFFFFFFFFFFFFFFFFFFFFFFFFFFFFFDA
:1046F000FFFFFFFFFFFFFFFFFFFFFFFFFFFFFFFFCA
:10470000FFFFFFFFFFFFFFFFFFFFFFFFFFFFFFFFB9
:10471000FFFFFFFFFFFFFFFFFFFFFFFFFFFFFFFFA9
:10472000FFFFFFFFFFFFFFFFFFFFFFFFFFFFFFFF99
:10473000FFFFFFFFFFFFFFFFFFFFFFFFFFFFFFFF89
:10474000FFFFFFFFFFFFFFFFFFFFFFFFFFFFFFFF79
:10475000FFFFFFFFFFFFFFFFFFFFFFFFFFFFFFFF69
:10476000FFFFFFFFFFFFFFFFFFFFFFFFFFFFFFFF59
:10477000FFFFFFFFFFFFFFFFFFFFFFFFFFFFFFFF49
:10478000FFFFFFFFFFFFFFFFFFFFFFFFFFFFFFFF39
:10479000FFFFFFFFFFFFFFFFFFFFFFFFFFFFFFFF29
:1047A000FFFFFFFFFFFFFFFFFFFFFFFFFFFFFFFF19
:1047B000FFFFFFFFFFFFFFFFFFFFFFFFFFFFFFFF09
:1047C000FFFFFFFFFFFFFFFFFFFFFFFFFFFFFFFFF9
:1047D000FFFFFFFFFFFFFFFFFFFFFFFFFFFFFFFFE9
:1047E000FFFFFFFFFFFFFFFFFFFFFFFFFFFFFFFFD9
:1047F000FFFFFFFFFFFFFFFFFFFFFFFFFFFFFFFFC9
:10480000FFFFFFFFFFFFFFFFFFFFFFFFFFFFFFFFB8
:10481000FFFFFFFFFFFFFFFFFFFFFFFFFFFFFFFFA8
:10482000FFFFFFFFFFFFFFFFFFFFFFFFFFFFFFFF98
:10483000FFFFFFFFFFFFFFFFFFFFFFFFFFFFFFFF88
:10484000FFFFFFFFFFFFFFFFFFFFFFFE03C71C711E
:10485000C0E07E3913FFFFFFFFFFFFFFFFFFFFFFF9
:10486000FFFFFFFFFFFFFFFFFFFFFFFFFFFFFFFF58
:10487000FFFFFFFFFFFFFFFFFFFFFFFFFFFEDBBBB1
:104880009CEEEF77BDDDB7FFFFFFFFFFFFFFFFFFF0
:10489000FFFFFFFFFFFFFFFFFFFFFFFFFFFFFFFF28
:1048A000FFFFFFFFFFFFFFFFFFFFFFFFFFFFFFFE19
:1048B000DB7D9CDF6F77BBEDB7FFFFFFFFFFFFFFE7
:1048C000FFFFFFFFFFFFFFFFFFFFFFFFFFFFFFFFF8
:1048D000FFFFFFFFFFFFFFFFFFFFFFFFFFFFFFFFE8
:1048E000FFFFDF7D9CDF6F77BBEDB7FFFFFFFFFFB3
:1048F000FFFFFFFFFFFFFFFFFFFFFFFFFFFFFFFFC8
:10490000FFFFFFFFFFFFFFFFFFFFFFFFFFFFFFFFB7
:10491000FFFFFFFFDF7DAADF60F07BEDB7FFFFFF4A
:10492000FFFFFFFFFFFFFFFFFFFFFFFFFFFFFFFF97
:10493000FFFFFFFFFFFFFFFFFFFFFFFFFFFFFFFF87
:10494000FFFFFFFFFFFFDF7DAADF6DF6FBED57FFE7
:10495000FFFFFFFFFFFFFFFFFFFFFFFFFFFFFFFF67
:10496000FFFFFFFFFFFFFFFFFFFFFFFFFFFFFFFF57
:10497000FFFFFFFFFFFFFFFFDF7DAADF6DF6FBED0F
:1049800057FFFFFFFFFFFFFFFFFFFFFFFFFFFFFFDF
:10499000FFFFFFFFFFFFFFFFFFFFFFFFFFFFFFFF27
:1049A000FFFFFFFFFFFFFFFFFFFFDF7DB6DF6EF7BB
:1049B0007BED57FFFFFFFFFFFFFFFFFFFFFFFFFF45
:1049C000FFFFFFFFFFFFFFFFFFFFFFFFFFFFFFFFF7
:1049D000FFFFFFFFFFFFFFFFFFFFFFFFDF7DB6DFF2
:1049E0006EF77BEEEFFFFFFFFFFFFFFFFFFFFFFF15
:1049F000FFFFFFFFFFFFFFFFFFFFFFFFFFFFFFFFC7
:104A0000FFFFFFFFFFFFFFFFFFFFFFFFFFFFDFBB1A
:104A1000B6EEEF77BDDEEFFFFFFFFFFFFFFFFFFF0B
:104A2000FFFFFFFFFFFFFFFFFFFFFFFFFFFFFFFF96
:104A3000FFFFFFFFFFFFFFFFFFFFFFFFFFFFFFFF86
:104A40008FC71471C7239E3EEFFFFFFFFFFFFFFFDD
:104A5000FFFFFFFFFFFFFFFFFFFFFFFFFFFFFFFF66
:104A6000FFFFFFFFFFFFFFFFFFFFFFFFFFFFFFFF56
:104A7000FFFFFFFFFFFFFFFFFFFFFFFFFFFFFFFF46
:104A8000FFFFFFFFFFFFFFFFFFFFFFFFFFFFFFFF36
:104A9000FFFFFFFFFFFFFFFFFFFFFFFFFFFFFFFF26
:104AA000FFFFFFFFFFFFFFFFFFFFFFFFFFFFFFFF16
:104AB000FFFFFFFFFFFFFFFFFFFFFFFFFFFFFFFF06
:104AC000FFFFFFFFFFFFFFFFFFFFFFFFFFFFFFFFF6
:104AD000FFFFFFFFFFFFFFFFFFFFFFFFFFFFFFFFE6
:104AE000FFFFFFFFFFFFFFFFFFFFFFFC3FFFFFFF99
:104AF000FFFFFFFFFFFFFFFFFFFFFFFFFFFFFFFFC6
:104B0000FFFFFFFFFFFFFFFFFFFFFFFFFFFFFFFFB5
:104B1000FFFFFFFFFFFFFFFFFFFFFFFFFFF80FFF9C
:104B2000FFFFFFFFFFFFFFFFFFFFFFFFFFFFFFFF95
:104B3000FFFFFFFFFFFFFFFFFFFFFFFFFFFFFFFF85
:104B4000FFFFFFFFFFFFFFFFFFFFFFFFFFFFFFF381
:104B500087FBFFFFFFFFFFFFFFFFFFFFFFFFFFFFE1
:104B6000FFFFFFFFFFFFFFFFFFFFFFFFFFFFFFFF55
:104B7000FFFFFFFFFFFFFFFFFFFFFFFFFFFFFFFF45
:104B8000FFF7C3FBFFFFFFFFFFFFFFFFFFFFFFFF7D
:104B9000FFFFFFFFFFFFFFFFFFFFFFFFFFFFFFFF25
:104BA000FFFFFFFFFFFFFFFFFFFFFFFFFFFFFFFF15
:104BB000FFFFFFEFE1F7FFFFFFFFFFFFFFFFFFFF3B
:104BC000FFFFFFFFFFFFFFFFFFFFFFFFFFFFFFFFF5
:104BD000FFFFFFFFFFFFFFFFFFFFFFFFFFFFFFFFE5
:104BE000F83FFE7FFFEFF0E7FFFFFFFFFFFE0FFF45
:104BF0009FFFFFFFFF7F0FF7C3C71FFFFFFFFFFFF1
:104C0000FFFFFFFFFFFFFFFFFFFFFFFFFFFFFFFFB4
:104C1000FFFFF3BFE007FFFFF80FFFFFFFFFFFFC01
:104C2000EFF801FFFFFFFC7EF7C7BDEFBFFFFFFFFF
:104C3000FFFFFFFFFFFFFFFFFFFFFFFC0FFFFFFE78
:104C4000FFFF03FFE79F83F1FFFFFE1FFC0FFFFE47
:104C5000FFF9E7E0FC7FFFFFFF7EF7F7BEEFBFFF46
:104C6000FFFFFFFFFFFFFFFFFFFFFFFFFFF001FF61
:104C7000FFFCFFFCF1FFE79F1FFC4FFFFFFFF3E38B
:104C8000FFFCFFF9E7C7FF13FFFFFF7DFBF7BEEF58
:104C9000BFFFFFFFFFFFFFFFFFFFFFFFFFFFFFE380
:104CA000E0FFFFF8FFF9FCFFE79E3FFF0FFFFFFF6C
:104CB000EFF1FFF8FFF9E78FFFC3FFFFFF7DFBF781
:104CC000FEEFB23E0FFFFFFFFFFFFFFFFFFFFFFF03
:104CD000FFC7FC7FFF00FFF3FC7FE7BC7FFF8FFF78
:104CE000FFFFDFF8FF00FFF9EF1FFFE3FFFFFF7D8E
:104CF000FBF7FDEFB9DDF7FFFFFFFFFFFFFFFFFF52
:104D0000FFFFFF8FFE3FFFF8FFF3FE3FF03C7FFF0A
:104D10008FFFFFFFDFFC7FF8FFFC0F1FFFE3FFFFAC
:104D2000FF7DFBF7F1E03BEDF7FFFFFFFFFFFFFF2C
:104D3000FFFFFFFFFC1FFF1FFFF8FFF1FE3FFFF823
:104D4000FFFFCFFFFFFF9FFC7FF8FFFFFE3FFFF35A
:104D5000FFFFFF7DFBF7FEEFBBEFC7FFFFFFFFFF8E
:104D6000FFFFFFFFFFFFE03FFF9FFFF8FFF1FE3F68
:104D7000FFF9FFFFCFFFFFFF9FFC7FF8FFFFFE7FE4
:104D8000FFF3FFFFFF7DFBF7FF6FBBEE37FFFFFF7A
:104D9000FFFFFFFFFFFFFFFFC0FFFF8FFFF8FFF9DF
:104DA000FE3FFFF1FFFFCFFFFFFF8FFC7FF8FFFF0C
:104DB000FC7FFFF3FFFFFF7DFBF7BF6FBBEDF7FF4E
:104DC000FFFFFFFFFFFFFFFFFFFFCFFFFFCFFFF85A
:104DD000FFFFFE3FFFF1FFFFCFFFFFFF8FFC7FF8DC
:104DE000FFFFFC7FFFF3FFFFFF7EF7F7BF6FBBED19
:104DF000F7FFFFFFFFFFFFFFFFFFFFFF8FFFFFC773
:104E0000FFF8FFFFFE7FFFF1FFFFCFFFFFFFCFFCAB
:104E10007FF8FFFFFC7FFFF3FFFFFF7EF7F7BEEF9A
:104E2000B9DDE5FFFFFFFFFFFFFFFFFFFFFF0FFF04
:104E3000FFE1FFF8FFFFFC7FFFE3FFFFFFFFFFFF46
:104E4000FFF8FFF8FFFFF8FFFFFFFFFFFC1F0FC198
:104E5000C1C71A3E11FFFFFFFFFFFFFFFFFFFFFE6D
:104E60001FFFFFF0FFF8FFFFF8FFFFE3FFFFFFFF6B
:104E7000FFFFFFF8FFF8FFFFF8FFFFFFFFFFFFFF57
:104E8000FFFFFFFFFBFFFFFFFFFFFFFFFFFFFFFF36
:104E9000FFFC7FFFFFF8FFF8FFFFF1FFFFE3FFFFDD
:104EA000FFFFFFFFFFF1FFF8FFFFF8FFFFFFFFFF2E
:104EB000FFFFFFFFFFFFF1FFFFFFFFFFFFFFFFFF10
:104EC000FFFFFFF8FFFFFFFC7FF8FFFF87FFFFE317
:104ED000FFFFFFFFFFFFFFF1FFF8FFFFF8FFFFFFFE
:104EE000FFFFFFFFFFFFFFFFFFFFFFFFFFFFFFFFD2
:104EF000FFFFFFFFFFF8FFFFFFFE7FF8FFFFF1FF5F
:104F0000FFE3FFFFFFFFFFFFFFE3FFF8FFFFF8FFF7
:104F1000FFFFFFFFFFFFFFFFFFFFFFFFFFFFFFFFA1
:104F2000FFFFFFFFFFFFFFF9FFFFFFFE7FF8FFFF1F
:104F3000FC7FFFE3FFFFFFFFFFFFFFC7FFF8FFFF5F
:104F4000F8FFFFFFFFFFFFFFFFFFFFFFFFFFFFFF78
:104F5000FFFFFFFFFFFFFFFFFFF9FFFFFFFE7FF8EF
:104F6000FFFFFE7FFFE3FFFFFFFFFFFFFF8FFFF865
:104F7000FFFFF8FFFFFFFFFFFFFFFFFFFFFFFFFF48
:104F8000FFFFFFFFFFFFFFFFFFFFFFF8FFFFFFFE39
:104F90007FF8FFFFFE3FFFE1FFFFFFFFFFFFFF1F67
:104FA000FFF8FFFFF87FFFFFFFFFFFFFFFFFFFFF9F
:104FB000FFFFFFFFFFFFFFFFFFFFFFFFFFF8FFFF08
:104FC000FFFC7FF8FFFFFF3FFFF1FFFFFFFFFFFF49
:104FD000FE3FFFF8FFFFFC7FFFFFFFFFFFFFFFFF2C
:104FE000FFFFFFFFFFFFFFFFFFFFFFFFFFFFFFFCD4
:104FF0007FFFFFF8FFF8FFFFFF1FFFF1FFFFFFFF3D
:10500000FFFFFC7FFFF8FFFFFC7FFFFFFFFFFFFFBD
:10501000FFFFFFFFFFFFFFFFFFFFFFFFFFFFFFFFA0
:10502000FFFE00000001FFF8FFFFFF1FFFF1FFFF81
:10503000FFFFFFFFF8FFFFF8FFFFFC7FFFFFFFFF11
:10504000FFFFFFFFFFFFFFFFFFFFFFFFFFFFFFFF70
:10505000FFFFFFFF00000003FFF8FFFFFF1FFFF04F
:10506000FFFFFFFFFFFFF1FFFFF8FFFFFC3FFFFF28
:10507000FFFFFFFFFFFFFFFFFFFFFFFFFFFFFFFF40
:10508000FFFFFFFFFFFFFFFFFFFFFFF8FFF3FF1F23
:10509000FFF8FFFFEFFFFFFFE3FF7FF8FFFFFE3F9B
:1050A000FFFBFFFFFFFFFFFFFFFFFFFFFFFFFFFF14
:1050B000FFFFFFFFFFFFFFFF6B7FBFB7FFF8FFE3BF
:1050C000FF1FFFF87FFFDFFFFFFFE7FF7FF8FFFF16
:1050D000FE1FFFF7FFFFFFFFFFFFFFFFFFFFFFFFC9
:1050E000FFFFFFFFFFFFFFFFFFFF6B6DB6B7FFF88E
:1050F000FFE3FF3FFFFC7FFFBFFFFFFFCFFE7FF817
:10510000FFFFFF1FFFEFFFFFFFFFFFFFFFFFFFFF9F
:10511000FFFFFFFFFFFFFFFFFFFFFFFF6F6DB6B752
:10512000FFF8FFE3FE3FFFFE3FFE3FFFFFFF9FFE56
:105130007FF8FFFFFF8FFF8FFFFFFFFFFFFFFFFFE6
:10514000FFFFFFFFFFFFFFFFFFFFFFFFFFFF6F6D91
:10515000B6F7FFF8FFF7FE7FFFFF1FFCFFFFFFFF23
:105160003FFCFFF8FFFFFFC7FF3FFFFFFFFFFFFF11
:10517000FFFFFFFFFFFFFFFFFFFFFFFFFFFFFFFF3F
:105180006F6DF6F7FFF8FFF3FC7FFFFF83E1FFFF92
:10519000FFFF0000FFF8FFFFFFE0F87FFFFFFFFFCA
:1051A000FFFFFFFFFFFFFFFFFFFFFFFFFFFFFFFF0F
:1051B000FFFFEB7DF6B7FFF07FF9F0FFFFFFC007C1
:1051C000FFFFFFFF0000FFF07FFFFFF001FFFFFF89
:1051D000FFFFFFFFFFFFFFFFFFFFFFFFFFFFFFFFDF
:1051E000FFFFFFFFFB7DB6B7FF0007FE03FFFFFFDA
:1051F000F81FFFFFFFFF0000FF0007FFFFFE07FF94
:10520000FFFFFFFFFFFFFFFFFFFFFFFFFFFFFFFFAE
:10521000FFFFFFFFFFFFFB6DB6B7FFFFFFFFFFFFC5
:10522000FFFFFFFFFFFFFFFFFFFFFFFFFFFFFFFF8E
:10523000FFFFFFFFFFFFFFFFFFFFFFFFFFFFFFFF7E
:10524000FFFFFFFFFFFFFFFFFBEDB6BFFFFFFFFF0D
:10525000FFFFFFFFFFFFFFFFFFFFFFFFFFFFFFFF5E
:10526000FFFFFFFFFFFFFFFFFFFFFFFFFFFFFFFF4E
:10527000FFFFFFFFFFFFFFFFFFFFFFEDB7BFFFFFD8
:10528000FFFFFFFFFFFFFFFFFFFFFFFFFFFFFFFF2E
:10529000FFFFFFFFFFFFFFFFFFFFFFFFFFFFFFFF1E
:1052A000FFFFFFFFFFFFFFFFFFFFFFFFFFFFFFFF0E
:1052B000FFFFFFFFFFFFFFFFFFFFFFFFFFFFFFFFFE
:1052C000FFFFFFFFFFFFFFFFFFFFFFFFFFFFFFFFEE
:1052D000FFFFFFFFFFFFFFFFFFFFFFFFFFFFFFFFDE
:1052E000FFFFFFFFFFFFFFFFFFFFFFFFFFFFFFFFCE
:1052F000FFFFFFFFFFFFFFFFFFFFFFFFFFFFFFFFBE
:10530000FFFFFFFFFFFFFFFFFFFFFFFFFFFFFFFFAD
:10531000FFFFFFFFFFFFFFFFFFFFFFFFFFFFFFFF9D
:10532000FFFFFFFFFFFFFFFFFFFFFFFFFFFFFFFF8D
:10533000FFFFFFFFFFFFFFFFFFFFFFFFFFFFFFFF7D
:10534000FFFFFFFFFFFFFFFFFFFFFFFFFFFFFFFF6D
:10535000FFFFFFFFFFFFFFFFFFFFFFFFFFFFFFFF5D
:10536000FFFFFFFFFFFFFFFFFFFFFFFFFFFFFFFF4D
:10537000FFFFFFFFFFFFFFFFFFFFFFFFFFFFFFFF3D
:10538000FFFFFFFFFFFFFFFFFFFFFFFFFFFFFFFF2D
:10539000FFFFFFFFFFFFFFFFFFFFFFFFFFFFFFFF1D
:1053A000FFFFFFFFFFFFFFFFFFFFFFFFFFFFFFFF0D
:1053B000FFFFFFFFFFFFFFFFFFFFFFFFFFFFFFFFFD
:1053C000FFFFFFFFFFFFFFFFFFFFFFFFFFFFFFFFED
:1053D000FFFFFFFFFFFFFFFFFFFFFFFFFFFFFFFFDD
:1053E000FFFFFFFFFFFFFFFFFFFFFFFFFFFFFFFFCD
:1053F000FFFFFFFFFFFFFFFFFFFFFFFFFFFFFFFFBD
:10540000FFFFFFFFFFFFFFFFFFFFFFFFFFFFFFFFAC
:10541000FFFFFFFFFFFFFFFFFFFFFFFFFFFFFFFF9C
:10542000FFFFFFFFFFFFFFFFFFFFFFFFFFFFFFFF8C
:10543000FFFFFFFFFFFFFFFFFFFFFFFFFFFFFFFF7C
:10544000FFFFFFFFFFFFFFFFFFFFFFFFFFFFFFFF6C
:10545000FFFFFFFFFFFFFFFFFFFFFFFFFFFFFFFF5C
:10546000FFFFFFFFFFFFFFFFFFFFFFFFFFFFFFFF4C
:10547000FFFFFFFFFFFFFFFFFFFFFFFFFFFFFFFF3C
:10548000FFFFFFFFFFFFFFFFFFFFFFFFFFFFFFFF2C
:10549000FFFFFFFFFFFFFFFFFFFFFFFFFFFFFFFF1C
:1054A000FFFFFFFFFFFFFFFFFFFFFFFFFFFFFFFF0C
:1054B000FFFFFFFFFFFFFFFFFFFFFFFFFFFFFFFFFC
:1054C000FFFFFFFFFFFFFFFFFFFFFFFFFFFFFFFFEC
:1054D000FFFFFFFFFFFFFFFFFFFFFFFFFFFFFFFFDC
:1054E000FFFFFFFFFFFFFFFFFFFFFFFFFFFFFFFFCC
:1054F000FFFFFFFFFFFFFFFFFFFFFFFFFFFFFFFFBC
:10550000FFFFFFFFFFFFFFFFFFFFFFFFFFFFFFFFAB
:10551000FFFFFFFFFFFFFFFFFFFFFFFFFFFFFFFF9B
:10552000FFFFFFFFFFFFFFFFFFFFFFFFFFFFFFFF8B
:10553000FFFFFFFFFFFFFFFFFFFFFFFFFFFFFFFF7B
:10554000FFFFFFFFFFFFFFFFFFFFFFFFFFFFFFFF6B
:10555000FFFFFFFFFFFFFFFFFFFFFFFFFFFFFFFF5B
:10556000FFFFFFFFFFFFFFFFFFFFFFFFFFFFFFFF4B
:10557000FFFFFFFFFFFFFFFFFFFFFFFFFFFFFFFF3B
:10558000FFFFFFFFFFFFFFFFFFFFFFFFFFFFFFFF2B
:10559000FFFFFFFFFFFFFFFFFFFFFFFFFFFFFFFF1B
:1055A000FFFFFFFFFFFFFFFFFFFFFFFFFFFFFFFF0B
:1055B000FFFFFFFFFFFFFFFFFFFFFFFFFFFFFFFFFB
:1055C000FFFFFFFFFFFFFFFFFFFFFFFFFFFFFFFFEB
:1055D000FFFFFFFFFFFFFFFFFFFFFFFFFFFFFFFFDB
:1055E000FFFFFFFFFFFFFFFFFFFFFFFFFFFFFFFFCB
:1055F000FFFFFFFFFFFFFFFFFFFFFFFFFFFFFFFFBB
:10560000FFFFFFFFFFFFFFFFFFFFFFFFFFFFFFFFAA
:10561000FFFFFFFFFFFFFFFFFFFFFFFFFFFFFFFF9A
:10562000FFFFFFFFFFFFFFFFFFFFFFFFFFFFFFFF8A
:10563000FFFFFFFFFFFFFFFFFFFFFFFFFFFFFFFF7A
:10564000FFFFFFFFFFFFFFFFFFFFFFFFFFFFFFFF6A
:10565000FFFFFFFFFFFFFFFFFFFFFFFFFFFFFFFF5A
:10566000FFFFFFFFFFFFFFFFFFFFFFFFFFFFFFFF4A
:10567000FFFFFFFFFFFFFFFFFFFFFFFFFFFFFFFF3A
:10568000FFFFFFFFFFFFFFFFFFFFFFFFFFFFFFFF2A
:10569000FFFFFFFFFFFFFFFFFFFFFFFFFFFFFFFF1A
:1056A000FFFFFFFFFFFFFFFFFFFFFFFFFFFFFFFF0A
:1056B000FFFFFFFFFFFFFFFFFFFFFFFFFFFFFFFFFA
:1056C000FFFFFFFFFFFFFFFFFFFFFFFFFFFFFFFFEA
:1056D000FFFFFFFFFFFFFFFFFFFFFFFFFFFFFFFFDA
:1056E000FFFFFFFFFFFFFFFFFFFFFFFFFFFFFFFFCA
:1056F000FFFFFFFFFFFFFFFFFFFFFFFFFFFFFFFFBA
:10570000FFFFFFFFFFFFFFFFFFFFFFFFFFFFFFFFA9
:10571000FFFFFFFFFFFFFFFFFFFFFFFFFFFFFFFF99
:10572000FFFFFFFFFFFFFFFFFFFFFFFFFFFFFFFF89
:10573000FFFFFFFFFFFFFFFFFFFFFFFFFFFFFFFF79
:10574000FFFFFFFFFFFFFFFFFFFFFFFFFFFFFFFF69
:10575000FFFFFFFFFFFFFFFFFFFFFFFFFFFFFFFF59
:10576000FFFFFFFFFFFFFFFFFFFFFFFFFFFFFFFF49
:10577000FFFFFFFFFFFFFFFFFFFFFFFFFFFFFFFF39
:10578000FFFFFFFFFFFFFFFFFFFFFFFFFFFFFFFF29
:10579000FFFFFFFFFFFFFFFFFFFFFFFFFFFFFFFF19
:1057A000FFFFFFFFFFFFFFFFFFFFFFFFFFFFFFFF09
:1057B000FFFFFFFFFFFFFFFFFFFFFFFFFFFFFFFFF9
:1057C000FFFFFFFFFFFFFFFFFFFFFFFFFFFFFFFFE9
:1057D000FFFFFFFFFFFFFFFFFFFFFFFFFFFFFFFFD9
:1057E000FFFFFFFFFFFFFFFFFFFFFFFFFFFFFFFFC9
:1057F000FFFFFFFFFFFFFFFFFFFFFFFFFFFFFFFFB9
:10580000FFFFFFFFFFFFFFFFFFFFFFFFFFFFFFFFA8
:10581000FFFFFFFFFFFFFFFFFFFFFFFFFFFFFFFF98
:10582000FFFFFFFFFFFFFFFFFFFFFFFFFFFFFFFF88
:10583000FFFFFFFFFFFFFFFFFFFFFFFFFFFFFFFF78
:10584000FFFFFFFFFFFFFFFFFFFFFFFFFFFFFFFF68
:10585000FFFFFFFFFFFFFFFFFFFFFFFFFFFFFFFF58
:10586000FFFFFFFFFFFFFFFFFFFFFFFFFFFFFFFF48
:10587000FFFFFFFFFFFFFFFFFFFFFFFFFFFFFFFF38
:10588000FFFFFFFFFFFFFFFFFFFFFFFFFFFFFFFF28
:10589000FFFFFFFFFFFFFFFFFFFFFFFFFFFFFFFF18
:1058A000FFFFFFFFFFFFFFFFFFFFFFFFFFFFFFFF08
:1058B000FFFFFFFFFFFFFFFFFFFFFFFFFFFFFFFFF8
:1058C000FFFFFFFFFFFFFFFFFFFFFFFFFFFFFFFFE8
:1058D000FFFFFFFFFFFFFFFFFFFFFFFFFFFFFFFFD8
:1058E000FFFFFFFFFFFFFFFFFFFFFFFFFFFFFFFFC8
:1058F000FFFFFFFFFFFFFFFFFFFFFFFFFFFFFFFFB8
:10590000FFFFFFFFFFFFFFFFFFFFFFFFFFFFFFFFA7
:10591000FFFFFFFFFFFFFFFFFFFFFFFFFFFFFFFF97
:10592000FFFFFFFFFFFFFFFFFFFFFFFFFFFFFFFF87
:10593000FFFFFFFFFFFFFFFFFFFFFFFFFFFFFFFF77
:10594000FFFFFFFFFFFFFFFFFFFFFFFFFFFFFFFF67
:10595000FFFFFFFFFFFFFFFFFFFFFFFFFFFFFFFF57
:10596000FFFFFFFFFFFFFFFFFFFFFFFFFFFFFFFF47
:10597000FFFFFFFFFFFFFFFFFFFFFFFFFFFFFFFF37
:10598000FFFFFFFFFFFFFFFFFFFFFFFFFFFFFFFF27
:10599000FFFFFFFFFFFFFFFFFFFFFFFFFFFFFFFF17
:1059A000FFFFFFFFFFFFFFFFFFFFFFFFFFFFFFFF07
:1059B000FFFFFFFFF800000000000000000001FFF3
:1059C000F0000003FFFFFFFFFFFFFFFFFFFFFFFFF0
:1059D000FFFFFFFFFFFFFFFFFFFFFFFFFFFFFFFFD7
:1059E000FFFFF800000000000000000001FFF000D1
:1059F0000003FFFFFFFFFFFFFFFFFFFFFFFFFFFFB2
:105A0000FFFFFFFFFFFFFFFFFFFFFFFFFFFFFFFFA6
:105A1000F800000000000000000001FFF00000039B
:105A2000FFFFFFFFFFFFFFFFFFFFFFFFFFFFFFFF86
:105A3000FFFFFFFFFFFFFFFFFFFFFFFFFFFFF8007C
:105A4000000000000000000001FFF0000003FFFF65
:105A5000FFFFFFFFFFFFFFFFFFFFFFFFFFFFFFFF56
:105A6000FFFFFFFFFFFFFFFFFFFFFFFFF80000004A
:105A700000000000000001FFF0000003FFFFFFFF37
:105A8000FFFFFFFFFFFFFFFFFFFFFFFFFFFFFFFF26
:105A9000FFFFFFFFFFFFFFFFFFFFF8000000000018
:105AA0000000000001FFF0000003FFFFFFFFFFFF09
:105AB000FFFFFFFFFFFFFFFFFFFFFFFFFFFFFFFFF6
:105AC000FFFFFFFFFFFFFFFFF800000000000000E6
:105AD000000001FFF0000003FFFFFFFFFFFFFFFFDB
:105AE000FFFFFFFFFFFFFFFFFFFFFFFFFFFFFFFFC6
:105AF000FFFFFFFFFFFFF8000000000000000000B4
:105B000001FFF0000003FFFFFFFFFFFFFFFFFFFFAC
:105B1000FFFFFFFFFFFFFFFFFFFFFFFFFFFFFFFF95
:105B2000FFFFFFFFF800000000000000000001FF81
:105B3000F0000003FFFFFFFFFFFFFFFFFFFFFFFF7E
:105B4000FFFFFFFFFFFFFFFFFFFFFFFFFFFFFFFF65
:105B5000FFFFF800000000000000000001FFF0005F
:105B60000003FFFFFFFFFFFFFFFFFFFFFFFFFFFF40
:105B7000FFFFFFFFFFFFFFFFFFFFFFFFFFFFFFFF35
:105B8000F800000000000000000001FFF00000032A
:105B9000FFFFFFFFFFFFFFFFFFFFFFFFFFFFFFFF15
:105BA000FFFFFFFFFFFFFFFFFFFFFFFFFFFFF8000B
:105BB000000000000000000001FFF0000003FFFFF4
:105BC000FFFFFFFFFFFFFFFFFFFFFFFFFFFFFFFFE5
:105BD000FFFFFFFFFFFFFFFFFFFFFFFFF8000000D9
:105BE00000000000000001FFF0000003FFFFFFFFC6
:105BF000FFFFFFFFFFFFFFFFFFFFFFFFFFFFFFFFB5
:105C0000FFFFFFFFFFFFFFFFFFFFF80000000000A6
:105C10000000000001FFF0000003FFFFFFFFFFFF97
:105C2000FFFFFFFFFFFFFFFFFFFFFFFFFFFFFFFF84
:105C3000FFFFFFFFFFFFFFFFF80000000000000074
:105C4000000001FFF0000003FFFFFFFFFFFFFFFF69
:105C5000FFFFFFFFFFFFFFFFFFFFFFFFFFFFFFFF54
:105C6000FFFFFFFFFFFFF800000000000000000042
:105C700001FFF0000003FFFFFFFFFFFFFFFFFFFF3B
:105C8000FFFFFFFFFFFFFFFFFFFFFFFFFFFFFFFF24
:105C9000FFFFFFFFF800000000000000000001FF10
:105CA000F0000003FFFFFFFFFFFFFFFFFFFFFFFF0D
:105CB000FFFFFFFFFFFFFFFFFFFFFFFFFFFFFFFFF4
:105CC000FFFFF800000000000000000001FFF000EE
:105CD0000003FFFFFFFFFFFFFFFFFFFFFFFFFFFFCF
:105CE000FFFFFFFFFFFFFFFFFFFFFFFFFFFFFFFFC4
:105CF000F800000000000000000001FFF0000003B9
:105D0000FFFFFFFFFFFFFFFFFFFFFFFFFFFFFFFFA3
:105D1000FFFFFFFFFFFFFFFFFFFFFFFFFFFFF80099
:105D2000000000000000000001FFF0000003FFFF82
:105D3000FFFFFFFFFFFFFFFFFFFFFFFFFFFFFFFF73
:105D4000FFFFFFFFFFFFFFFFFFFFFFFFF800000067
:105D500000000000000001FFF0000003FFFFFFFF54
:105D6000FFFFFFFFFFFFFFFFFFFFFFFFFFFFFFFF43
:105D7000FFFFFFFFFFFFFFFFFFFFF8000000000035
:105D80000000000001FFF0000003FFFFFFFFFFFF26
:105D9000FFFFFFFFFFFFFFFFFFFFFFFFFFFFFFFF13
:105DA000FFFFFFFFFFFFFFFFF80000000000000003
:105DB000000001FFF0000003FFFFFFFFFFFFFFFFF8
:105DC000FFFFFFFFFFFFFFFFFFFFFFFFFFFFFFFFE3
:105DD000FFFFFFFFFFFFF8000000000000000000D1
:105DE00001FFF0000003FFFFFFFFFFFFFFFFFFFFCA
:105DF000FFFFFFFFFFFFFFFFFFFFFFFFFFFFFFFFB3
:105E0000FFFFFFFFF800000000000000000001FF9E
:105E1000F0000003FFFFFFFFFFFFFFFFFFFFFFFF9B
:105E2000FFFFFFFFFFFFFFFFFFFFFFFFFFFFFFFF82
:105E3000FFFFF800000000000000000001FFF0007C
:105E40000003FFFFFFFFFFFFFFFFFFFFFFFFFFFF5D
:105E5000FFFFFFFFFFFFFFFFFFFFFFFFFFFFFFFF52
:105E6000F800000000000000000001FFF000000347
:105E7000FFFFFFFFFFFFFFFFFFFFFFFFFFFFFFFF32
:105E8000FFFFFFFFFFFFFFFFFFFFFFFFFFFFF80028
:105E90000000FFFFFFFC000001FFFFFFFFFFFFFF0F
:105EA000FFFFFFFFFFFFFFFFFFFFFFFFFFFFFFFF02
:105EB000FFFFFFFFFFFFFFFFFFFFFFFFF8000000F6
:105EC000FFFFFFFC000001FFFFFFFFFFFFFFFFFFE1
:105ED000FFFFFFFFFFFFFFFFFFFFFFFFFFFFFFFFD2
:105EE000FFFFFFFFFFFFFFFFFFFFF8000000FFFFC6
:105EF000FFFC000001FFFFFFFFFFFFFFFFFFFFFFB1
:105F0000FFFFFFFFFFFFFFFFFFFFFFFFFFFFFFFFA1
:105F1000FFFFFFFFFFFFFFFFF8000000FFFFFFFC98
:105F2000000001FFFFFFFFFFFFFFFFFFFFFFFFFF7D
:105F3000FFFFFFFFFFFFFFFFFFFFFFFFFFFFFFFF71
:105F4000FFFFFFFFFFFFF8000000FFFFFFFC000066
:105F500001FFFFFFFFFFFFFFFFFFFFFFFFFFFFFF4F
:105F6000FFFFFFFFFFFFFFFFFFFFFFFFFFFFFFFF41
:105F7000FFFFFFFFF8000000FFFFFFFC000001FF34
:105F8000FFFFFFFFFFFFFFFFFFFFFFFFFFFFFFFF21
:105F9000FFFFFFFFFFFFFFFFFFFFFFFFFFFFFFFF11
:105FA000FFFFF8000000FFFFFFFC000001FFFFFF04
:105FB000FFFFFFFFFFFFFFFFFFFFFFFFFFFFFFFFF1
:105FC000FFFFFFFFFFFFFFFFFFFFFFFFFFFFFFFFE1
:105FD000F8000000FFFFFFFC000001FFFFFFFFFFD4
:105FE000FFFFFFFFFFFFFFFFFFFFFFFFFFFFFFFFC1
:105FF000FFFFFFFFFFFFFFFFFFFFFFFFFFFFF800B7
:106000000000FFFFFFFC000001FFFFFFFFFFFFFF9D
:10601000FFFFFFFFFFFFFFFFFFFFFFFFFFFFFFFF90
:10602000FFFFFFFFFFFFFFFFFFFFFFFFF800000084
:10603000FFFFFFFC000001FFFFFFFFFFFFFFFFFF6F
:10604000FFFFFFFFFFFFFFFFFFFFFFFFFFFFFFFF60
:10605000FFFFFFFFFFFFFFFFFFFFF8000000FFFF54
:10606000FFFC000001FFF0000003FFFFFFFFFFFF48
:10607000FFFFFFFFFFFFFFFFFFFFFFFFFFFFFFFF30
:10608000FFFFFFFFFFFFFFFFF8000000FFFFFFFC27
:10609000000001FFF0000003FFFFFFFFFFFFFFFF15
:1060A000FFFFFFFFFFFFFFFFFFFFFFFFFFFFFFFF00
:1060B000FFFFFFFFFFFFF8000000FFFFFFFC0000F5
:1060C00001FFF0000003FFFFFFFFFFFFFFFFFFFFE7
:1060D000FFFFFFFFFFFFFFFFFFFFFFFFFFFFFFFFD0
:1060E000FFFFFFFFF8000000FFFFFFFC000001FFC3
:1060F000F0000003FFFFFFFFFFFFFFFFFFFFFFFFB9
:10610000FFFFFFFFFFFFFFFFFFFFFFFFFFFFFFFF9F
:10611000FFFFFFFFFFFFFFFFFFFC000001FFF0009C
:106120000003FFFFFFFFFFFFFFFFFFFFFFFFFFFF7A
:10613000FFFFFFFFFFFFFFFFFFFFFFFFFFFFFFFF6F
:10614000FFFFFFFFFFFFFFFC000001FFF000000367
:10615000FFFFFFFFFFFFFFFFFFFFFFFFFFFFFFFF4F
:10616000FFFFFFFFFFFFFFFFFFFFFFFFFFFFFFFF3F
:10617000FFFFFFFFFFFC000001FFF0000003FFFF37
:10618000FFFFFFFFFFFFFFFFFFFFFFFFFFFFFFFF1F
:10619000FFFFFFFFFFFFFFFFFFFFFFFFFFFFFFFF0F
:1061A000FFFFFFFC000001FFF0000003FFFFFFFF07
:1061B000FFFFFFFFFFFFFFFFFFFFFFFFFFFFFFFFEF
:1061C000FFFFFFFFFFFFFFFFFFFFFFFFFFFFFFFFDF
:1061D000FFFC000001FFF0000003FFFFFFFFFFFFD7
:1061E000FFFFFFFFFFFFFFFFFFFFFFFFFFFFFFFFBF
:1061F000FFFFFFFFFFFFFFFFFFFFFFFFFFFFFFFCB2
:10620000000001FFF0000003FFFFFFFFFFFFFFFFA3
:10621000FFFFFFFFFFFFFFFFFFFFFFFFFFFFFFFF8E
:10622000FFFFFFFFFFFFFFFFFFFFFFFFFFFC00007F
:1062300001FFF0000003FFFFFFFFFFFFFFFFFFFF75
:10624000FFFFFFFFFFFFFFFFFFFFFFFFFFFFFFFF5E
:10625000FFFFFFFFFFFFFFFFFFFFFFFC000001FF4D
:10626000F0000003FFFFFFFFFFFFFFFFFFFFFFFF47
:10627000FFFFFFFFFFFFFFFFFFFFFFFFFFFFFFFF2E
:10628000FFFFFFFFFFFFFFFFFFFC000001FFF0002B
:106290000003FFFFFFFFFFFFFFFFFFFFFFFFFFFF09
:1062A000FFFFFFFFFFFFFFFFFFFFFFFFFFFFFFFFFE
:1062B000FC00000000000000000001FFF0000003EF
:1062C000FFFFFFFFFFFFFFFFFFFFFFFFFFFFFFFFDE
:1062D000FFFFFFFFFFFFFFFFFFFFFFFFFFFFF800D4
:1062E000000000000000000001FFF0000003FFFFBD
:1062F000FFFFFFFFFFFFFFFFFFFFFFFFFFFFFFFFAE
:10630000FFFFFFFFFFFFFFFFFFFFFFFFF8000000A1
:1063100000000000000001FFF0000003FFFFFFFF8E
:10632000FFFFFFFFFFFFFFFFFFFFFFFFFFFFFFFF7D
:10633000FFFFFFFFFFFFFFFFFFFFF800000000006F
:106340000000000001FFF0000003FFFFFFFFFFFF60
:10635000FFFFFFFFFFFFFFFFFFFFFFFFFFFFFFFF4D
:10636000FFFFFFFFFFFFFFFFF8000000000000003D
:10637000000001FFF0000003FFFFFFFFFFFFFFFF32
:10638000FFFFFFFFFFFFFFFFFFFFFFFFFFFFFFFF1D
:10639000FFFFFFFFFFFFF80000000000000000000B
:1063A00001FFF0000003FFFFFFFFFFFFFFFFFFFF04
:1063B000FFFFFFFFFFFFFFFFFFFFFFFFFFFFFFFFED
:1063C000FFFFFFFFF800000000000000000001FFD9
:1063D000F0000003FFFFFFFFFFFFFFFFFFFFFFFFD6
:1063E000FFFFFFFFFFFFFFFFFFFFFFFFFFFFFFFFBD
:1063F000FFFFF800000000000000000001FFF000B7
:106400000003FFFFFFFFFFFFFFFFFFFFFFFFFFFF97
:10641000FFFFFFFFFFFFFFFFFFFFFFFFFFFFFFFF8C
:10642000F800000000000000000001FFF000000381
:10643000FFFFFFFFFFFFFFFFFFFFFFFFFFFFFFFF6C
:10644000FFFFFFFFFFFFFFFFFFFFFFFFFFFFF80062
:10645000000000000000000001FFF0000003FFFF4B
:10646000FFFFFFFFFFFFFFFFFFFFFFFFFFFFFFFF3C
:10647000FFFFFFFFFFFFFFFFFFFFFFFFF800000030
:1064800000000000000001FFF0000003FFFFFFFF1D
:10649000FFFFFFFFFFFFFFFFFFFFFFFFFFFFFFFF0C
:1064A000FFFFFFFFFFFFFFFFFFFFF80000000000FE
:1064B0000000000001FFF0000003FFFFFFFFFFFFEF
:1064C000FFFFFFFFFFFFFFFFFFFFFFFFFFFFFFFFDC
:1064D000FFFFFFFFFFFFFFFFF800000000000000CC
:1064E000000001FFF0000003FFFFFFFFFFFFFFFFC1
:1064F000FFFFFFFFFFFFFFFFFFFFFFFFFFFFFFFFAC
:10650000FFFFFFFFFFFFF800000000000000000099
:1065100001FFF0000003FFFFFFFFFFFFFFFFFFFF92
:10652000FFFFFFFFFFFFFFFFFFFFFFFFFFFFFFFF7B
:10653000FFFFFFFFF800000000000000000001FF67
:10654000F0000003FFFFFFFFFFFFFFFFFFFFFFFF64
:10655000FFFFFFFFFFFFFFFFFFFFFFFFFFFFFFFF4B
:10656000FFFFF800000000000000000001FFF00045
:106570000003FFFFFFFFFFFFFFFFFFFFFFFFFFFF26
:10658000FFFFFFFFFFFFFFFFFFFFFFFFFFFFFFFF1B
:10659000F800000000000000000001FFF000000310
:1065A000FFFFFFFFFFFFFFFFFFFFFFFFFFFFFFFFFB
:1065B000FFFFFFFFFFFFFFFFFFFFFFFFFFFFF800F1
:1065C000000000000000000001FFF0000003FFFFDA
:1065D000FFFFFFFFFFFFFFFFFFFFFFFFFFFFFFFFCB
:1065E000FFFFFFFFFFFFFFFFFFFFFFFFF8000000BF
:1065F00000000000000001FFF0000003FFFFFFFFAC
:10660000FFFFFFFFFFFFFFFFFFFFFFFFFFFFFFFF9A
:10661000FFFFFFFFFFFFFFFFFFFFF800000000008C
:106620000000000001FFF0000003FFFFFFFFFFFF7D
:10663000FFFFFFFFFFFFFFFFFFFFFFFFFFFFFFFF6A
:10664000FFFFFFFFFFFFFFFFF8000000000000005A
:10665000000001FFF0000003FFFFFFFFFFFFFFFF4F
:10666000FFFFFFFFFFFFFFFFFFFFFFFFFFFFFFFF3A
:10667000FFFFFFFFFFFFF800000000000000000028
:1066800001FFF0000003FFFFFFFFFFFFFFFFFFFF21
:10669000FFFFFFFFFFFFFFFFFFFFFFFFFFFFFFFF0A
:1066A000FFFFFFFFF800000000000000000001FFF6
:1066B000F0000003FFFFFFFFFFFFFFFFFFFFFFFFF3
:1066C000FFFFFFFFFFFFFFFFFFFFFFFFFFFFFFFFDA
:1066D000FFFFF800000000000000000001FFF000D4
:1066E0000003FFFFFFFFFFFFFFFFFFFFFFFFFFFFB5
:1066F000FFFFFFFFFFFFFFFFFFFFFFFFFFFFFFFFAA
:10670000F800000000000000000001FFF00000039E
:10671000FFFFFFFFFFFFFFFFFFFFFFFFFFFFFFFF89
:10672000FFFFFFFFFFFFFFFFFFFFFFFFFFFFF8007F
:10673000000000000000000001FFF0000003FFFF68
:10674000FFFFFFFFFFFFFFFFFFFFFFFFFFFFFFFF59
:10675000FFFFFFFFFFFFFFFFFFFFFFFFF80000004D
:1067600000000000000001FFF0000003FFFFFFFF3A
:10677000FFFFFFFFFFFFFFFFFFFFFFFFFFFFFFFF29
:10678000FFFFFFFFFFFFFFFFFFFFF8000000FFFF1D
:10679000FFFFFFFFFFFFF0000003FFFFFFFFFFFF12
:1067A000FFFFFFFFFFFFFFFFFFFFFFFFFFFFFFFFF9
:1067B000FFFFFFFFFFFFFFFFF8000000FFFFFFFFED
:1067C000FFFFFFFFF0000003FFFFFFFFFFFFFFFFE2
:1067D000FFFFFFFFFFFFFFFFFFFFFFFFFFFFFFFFC9
:1067E000FFFFFFFFFFFFF8000000FFFFFFFFFFFFBD
:1067F000FFFFF0000003FFFFFFFFFFFFFFFFFFFFB2
:10680000FFFFFFFFFFFFFFFFFFFFFFFFFFFFFFFF98
:10681000FFFFFFFFF8000000FFFFFFFFFFFFFFFF8C
:10682000F0000003FFFFFFFFFFFFFFFFFFFFFFFF81
:10683000FFFFFFFFFFFFFFFFFFFFFFFFFFFFFFFF68
:10684000FFFFF8000000FFFFFFFFFFFFFFFFF0006A
:106850000003FFFFFFFFFFFFFFFFFFFFFFFFFFFF43
:10686000FFFFFFFFFFFFFFFFFFFFFFFFFFFFFFFF38
:10687000F8000000FFFFFFFFFFFFFFFFF000000335
:10688000FFFFFFFFFFFFFFFFFFFFFFFFFFFFFFFF18
:10689000FFFFFFFFFFFFFFFFFFFFFFFFFFFFF8000E
:1068A0000000FFFFFFFFFFFFFFFFF0000003FFFFFF
:1068B000FFFFFFFFFFFFFFFFFFFFFFFFFFFFFFFFE8
:1068C000FFFFFFFFFFFFFFFFFFFFFFFFF8000000DC
:1068D000FFFFFFFFFFFFFFFFF0000003FFFFFFFFD1
:1068E000FFFFFFFFFFFFFFFFFFFFFFFFFFFFFFFFB8
:1068F000FFFFFFFFFFFFFFFFFFFFF8000000FFFFAC
:10690000FFFFFFFFFFFFF0000003FFFFFFFFFFFFA0
:10691000FFFFFFFFFFFFFFFFFFFFFFFFFFFFFFFF87
:10692000FFFFFFFFFFFFFFFFF8000000FFFFFFFF7B
:10693000FFFFFFFFF0000003FFFFFFFFFFFFFFFF70
:10694000FFFFFFFFFFFFFFFFFFFFFFFFFFFFFFFF57
:10695000FFFFFFFFFFFFF8000000FFFFFFFFFFFF4B
:10696000FFFFF0000003FFFFFFFFFFFFFFFFFFFF40
:10697000FFFFFFFFFFFFFFFFFFFFFFFFFFFFFFFF27
:10698000FFFFFFFFF8000000FFFFFFFFFFFFFFFF1B
:10699000F0000003FFFFFFFFFFFFFFFFFFFFFFFF10
:1069A000FFFFFFFFFFFFFFFFFFFFFFFFFFFFFFFFF7
:1069B000FFFFF8000000FFFFFFFFFFFFFFFFF000F9
:1069C0000003FFFFFFFFFFFFFFFFFFFFFFFFFFFFD2
:1069D000FFFFFFFFFFFFFFFFFFFFFFFFFFFFFFFFC7
:1069E000F8000000FFFFFFFFFFFFFFFFF0000003C4
:1069F000FFFFFFFFFFFFFFFFFFFFFFFFFFFFFFFFA7
:106A0000FFFFFFFFFFFFFFFFFFFFFFFFFFFFF8009C
:106A10000000FFFFFFFFFFFFFFFFF0000003FFFF8D
:106A2000FFFFFFFFFFFFFFFFFFFFFFFFFFFFFFFF76
:106A3000FFFFFFFFFFFFFFFFFFFFFFFFF80000006A
:106A4000FFFFFFFFFFFFFFFFF0000003FFFFFFFF5F
:106A5000FFFFFFFFFFFFFFFFFFFFFFFFFFFFFFFF46
:106A6000FFFFFFFFFFFFFFFFFFFFF8000000FFFF3A
:106A7000FFFFFFFFFFFFF0000003FFFFFFFFFFFF2F
:106A8000FFFFFFFFFFFFFFFFFFFFFFFFFFFFFFFF16
:106A9000FFFFFFFFFFFFFFFFF80000000000000006
:106AA0000000000000000003FFFFFFFFFFFFFFFFEB
:106AB000FFFFFFFFFFFFFFFFFFFFFFFFFFFFFFFFE6
:106AC000FFFFFFFFFFFFF8000000000000000000D4
:106AD000000000000003FFFFFFFFFFFFFFFFFFFFBD
:106AE000FFFFFFFFFFFFFFFFFFFFFFFFFFFFFFFFB6
:106AF000FFFFFFFFF80000000000000000000000A2
:106B000000000003FFFFFFFFFFFFFFFFFFFFFFFF8E
:106B1000FFFFFFFFFFFFFFFFFFFFFFFFFFFFFFFF85
:106B2000FFFFF8000000000000000000000000006F
:106B30000003FFFFFFFFFFFFFFFFFFFFFFFFFFFF60
:106B4000FFFFFFFFFFFFFFFFFFFFFFFFFFFFFFFF55
:106B5000F80000000000000000000000000000033A
:106B6000FFFFFFFFFFFFFFFFFFFFFFFFFFFFFFFF35
:106B7000FFFFFFFFFFFFFFFFFFFFFFFFFFFFF8002B
:106B80000000000000000000000000000003FFFF04
:106B9000FFFFFFFFFFFFFFFFFFFFFFFFFFFFFFFF05
:106BA000FFFFFFFFFFFFFFFFFFFFFFFFF8000000F9
:106BB000000000000000000000000003FFFFFFFFD6
:106BC000FFFFFFFFFFFFFFFFFFFFFFFFFFFFFFFFD5
:106BD000FFFFFFFFFFFFFFFFFFFFF80000000000C7
:106BE00000000000000000000003FFFFFFFFFFFFA8
:106BF000FFFFFFFFFFFFFFFFFFFFFFFFFFFFFFFFA5
:106C0000FFFFFFFFFFFFFFFFF80000000000000094
:106C10000000000000000003FFFFFFFFFFFFFFFF79
:106C2000FFFFFFFFFFFFFFFFFFFFFFFFFFFFFFFF74
:106C3000FFFFFFFFFFFFF800000000000000000062
:106C4000000000000003FFFFFFFFFFFFFFFFFFFF4B
:106C5000FFFFFFFFFFFFFFFFFFFFFFFFFFFFFFFF44
:106C6000FFFFFFFFF8000000000000000000000030
:106C700000000003FFFFFFFFFFFFFFFFFFFFFFFF1D
:106C8000FFFFFFFFFFFFFFFFFFFFFFFFFFFFFFFF14
:106C9000FFFFF800000000000000000000000000FE
:106CA0000003FFFFFFFFFFFFFFFFFFFFFFFFFFFFEF
:106CB000FFFFFFFFFFFFFFFFFFFFFFFFFFFFFFFFE4
:106CC000F8000000000000000000000000000003C9
:106CD000FFFFFFFFFFFFFFFFFFFFFFFFFFFFFFFFC4
:106CE000FFFFFFFFFFFFFFFFFFFFFFFFFFFFF800BA
:106CF0000000000000000000000000000003FFFF93
:106D0000FFFFFFFFFFFFFFFFFFFFFFFFFFFFFFFF93
:106D1000FFFFFFFFFFFFFFFFFFFFFFFFF800000087
:106D2000000000000000000000000003FFFFFFFF64
:106D3000FFFFFFFFFFFFFFFFFFFFFFFFFFFFFFFF63
:106D4000FFFFFFFFFFFFFFFFFFFFF8000000000055
:106D500000000000000000000003FFFFFFFFFFFF36
:106D6000FFFFFFFFFFFFFFFFFFFFFFFFFFFFFFFF33
:106D7000FFFFFFFFFFFFFFFFF80000000000000023
:106D80000000000000000003FFFFFFFFFFFFFFFF08
:106D9000FFFFFFFFFFFFFFFFFFFFFFFFFFFFFFFF03
:106DA000FFFFFFFFFFFFF8000000000000000000F1
:106DB000000000000003FFFFFFFFFFFFFFFFFFFFDA
:106DC000FFFFFFFFFFFFFFFFFFFFFFFFFFFFFFFFD3
:106DD000FFFFFFFFF80000000000000000000000BF
:106DE00000000003FFFFFFFFFFFFFFFFFFFFFFFFAC
:106DF000FFFFFFFFFFFFFFFFFFFFFFFFFFFFFFFFA3
:106E0000FFFFF8000000000000000000000000008C
:106E10000003FFFFFFFFFFFFFFFFFFFFFFFFFFFF7D
:106E2000FFFFFFFFFFFFFFFFFFFFFFFFFFFFFFFF72
:106E3000F800000000000000000000000000000357
:106E4000FFFFFFFFFFFFFFFFFFFFFFFFFFFFFFFF52
:106E5000FFFFFFFFFFFFFFFFFFFFFFFFFFFFF80048
:106E60000000000000000000000000000003FFFF21
:106E7000FFFFFFFFFFFFFFFFFFFFFFFFFFFFFFFF22
:106E8000FFFFFFFFFFFFFFFFFFFFFFFFF800000016
:106E9000000000000000000000000003FFFFFFFFF3
:106EA000FFFFFFFFFFFFFFFFFFFFFFFFFFFFFFFFF2
:106EB000FFFFFFFFFFFFFFFFFFFFF80000000000E4
:106EC00000000000000000000003FFFFFFFFFFFFC5
:106ED000FFFFFFFFFFFFFFFFFFFFFFFFFFFFFFFFC2
:106EE000FFFFFFFFFFFFFFFFF800000000000000B2
:106EF0000000000000000003FFFFFFFFFFFFFFFF97
:106F0000FFFFFFFFFFFFFFFFFFFFFFFFFFFFFFFF91
:106F1000FFFFFFFFFFFFF80000000000000000007F
:106F2000000000000003FFFFFFFFFFFFFFFFFFFF68
:106F3000FFFFFFFFFFFFFFFFFFFFFFFFFFFFFFFF61
:106F4000FFFFFFFFFC000000000000000000000049
:106F500000000003FFFFFFFFFFFFFFFFFFFFFFFF3A
:106F6000FFFFFFFFFFFFFFFFFFFFFFFFFFFFFFFF31
:106F7000FFFFFFFFFFFFFFFFFFFFFFFFFFFFFFFF21
:106F8000FFFFFFFFFFFFFFFFFFFFFFFFFFFFFFFF11
:106F9000FFFFFFFFFFFFFFFFFFFFFFFFFFFFFFFF01
:106FA000FFFFFFFFFFFFFFFFFFFFFFFFFFFFFFFFF1
:106FB000FFFFFFFFFFFFFFFFFFFFFFFFFFFFFFFFE1
:106FC000FFFFFFFFFFFFFFFFFFFFFFFFFFFFFFFFD1
:106FD000FFFFFFFFFFFFFFFFFFFFFFFFFFFFFFFFC1
:106FE000FFFFFFFFFFFFFFFFFFFFFFFFFFFFFFFFB1
:106FF000FFFFFFFFFFFFFFFFFFFFFFFFFFFFFFFFA1
:10700000FFFFFFFFFFFFFFFFFFFFFFFFFFFFFFFF90
:10701000FFFFFFFFFFFFFFFFFFFFFFFFFFFFFFFF80
:10702000FFFFFFFFFFFFFFFFFFFFFFFFFFFFFFFF70
:10703000FFFFFFFFFFFFFFFFFFFFFFFFFFFFFFFF60
:10704000FFFFFFFFFFFFFFFFFFFFFFFFFFFFFFFF50
:10705000FFFFFFFFFFFFFFFFFFFFFFFFFFFFFFFF40
:10706000FFFFFFFFFFFFFFFFFFFFFFFFFFFFFFFF30
:10707000FFFFFFFFFFFFFFFFFFFFFFFFFFFFFFFF20
:10708000FFFFFFFFFFFFFFFFFFFFFFFFFFFFFFFF10
:10709000FFFFFFFFFFFFFFFFFFFFFFFFFFFFFFFF00
:1070A000FFFFFFFFFFFFFFFFFFFFFFFFFFFFFFFFF0
:1070B000FFFFFFFFFFFFFFFFFFFFFFFFFFFFFFFFE0
:1070C000FFFFFFFFFFFFFFFFFFFFFFFFFFFFFFFFD0
:1070D000FFFFFFFFFFFFFFFFFFFFFFFFFFFFFFFFC0
:1070E000FFFFFFFFFFFFFFFFFFFFFFFFFFFFFFFFB0
:1070F000FFFFFFFFFFFFFFFFFFFFFFFFFFFFFFFFA0
:10710000FFFFFFFFFFFFFFFFFFFFFFFFFFFFFFFF8F
:10711000FFFFFFFFFFFFFFFFFFFFFFFFFFFFFFFF7F
:10712000FFFFFFFFFFFFFFFFFFFFFFFFFFFFFFFF6F
:10713000FFFFFFFFFFFFFFFFFFFFFFFFFFFFFFFF5F
:10714000FFFFFFFFFFFFFFFFFFFFFFFFFFFFFFFF4F
:10715000FFFFFFFFFFFFFFFFFFFFFFFFFFFFFFFF3F
:10716000FFFFFFFFFFFFFFFFFFFFFFFFFFFFFFFF2F
:10717000FFFFFFFFFFFFFFFFFFFFFFFFFFFFFFFF1F
:10718000FFFFFFFFFFFFFFFFFFFFFFFFFFFFFFFF0F
:10719000FFFFFFFFFFFFFFFFFFFFFFFFFFFFFFFFFF
:1071A000FFFFFFFFFFFFFFFFFFFFFFFFFFFFFFFFEF
:1071B000FFFFFFFFFFFFFFFFFFFFFFFFFFFFFFFFDF
:1071C000FFFFFFFFFFFFFFFFFFFFFFFFFFFFFFFFCF
:1071D000FFFFFFFFFFFFFFFFFFFFFFFFFFFFFFFFBF
:1071E000FFFFFFFFFFFFFFFFFFFFFFFFFFFFFFFFAF
:1071F000FFFFFFFFFFFFFFFFFFFFFFFFFFFFFFFF9F
:10720000FFFFFFFFFFFFFFFFFFFFFFFFFFFFFFFF8E
:10721000FFFFFFFFFFFFFFFFFFFFFFFFFFFFFFFF7E
:10722000FFFFFFFFFFFFFFFFFFFFFFFFFFFFFFFF6E
:10723000FFFFFFFFFFFFFFFFFFFFFFFFFFFFFFFF5E
:10724000FFFFFFFFFFFFFFFFFFFFFFFFFFFFFFFF4E
:10725000FFFFFFFFFFFFFFFFFFFFFFFFFFFFFFFF3E
:10726000FFFFFFFFFFFFFFFFFFFFFFFFFFFFFFFF2E
:10727000FFFFFFFFFFFFFFFFFFFFFFFFFFFFFFFF1E
:10728000FFFFFFFFFFFFFFFFFFFFFFFFFFFFFFFF0E
:10729000FFFFFFFFFFFFFFFFFFFFFFFFFFFFFFFFFE
:1072A000FFFFFFFFFFFFFFFFFFFFFFFFFFFFFFFFEE
:1072B000FFFFFFFFFFFFFFFFFFFFFFFFFFFFFFFFDE
:1072C000FFFFFFFFFFFFFFFFFFFFFFFFFFFFFFFFCE
:1072D000FFFFFFFFFFFFFFFFFFFFFFFFFFFFFFFFBE
:1072E000FFFFFFFFFFFFFFFFFFFFFFFFFFFFFFFFAE
:1072F000FFFFFFFFFFFFFFFFFFFFFFFFFFFFFFFF9E
:10730000FFFFFFFFFFFFFFFFFFFFFFFFFFFFFFFF8D
:10731000FFFFFFFFFFFFFFFFFFFFFFFFFFFFFFFF7D
:10732000FFFFFFFFFFFFFFFFFFFFFFFFFFFFFFFF6D
:10733000FFFFFFFFFFFFFFFFFFFFFFFFFFFFFFFF5D
:10734000FFFFFFFFFFFFFFFFFFFFFFFFFFFFFFFF4D
:10735000FFFFFFFFFFFFFFFFFFFFFFFFFFFFFFFF3D
:10736000FFFFFFFFFFFFFFFFFFFFFFFFFFFFFFFF2D
:10737000FFFFFFFFFFFFFFFFFFFFFFFFFFFFFFFF1D
:10738000FFFFFFFFFFFFFFFFFFFFFFFFFFFFFFFF0D
:10739000FFFFFFFFFFFFFFFFFFFFFFFFFFFFFFFFFD
:1073A000FFFFFFFFFFFFFFFFFFFFFFFFFFFFFFFFED
:1073B000FFFFFFFFFFFFFFFFFFFFFFFFFFFFFFFFDD
:1073C000FFFFFFFFFFFFFFFFFFFFFFFFFFFFFFFFCD
:1073D000FFFFFFFFFFFFFFFFFFFFFFFFFFFFFFFFBD
:1073E000FFFFFFFFF000078006007FF00FFC01FCAD
:1073F00001FF8003FFC003800300FF007FE01CF05B
:1074000000C018007007FF1FFF00FF00FFFFFFFF15
:10741000FFFFF000078006007F83C3FC00FE03FE31
:107420000F03FFF007E00F807F80FF8380F803F0F9
:107430003C01F80FFF1FFF007F80FFFFFFFFFFFFF2
:10744000F07E07F03F83FF07E1FF80FF8FFC3F8363
:10745000FFF81FF81FE03FE3FF0FE0FE07F8FF070C
:10746000FE3FFE0FFFE03FC3FFFFFFFFFFFFF1FC0A
:1074700007F03F83FE0FF0FFC07FCFF83FC3FFF858
:107480001FF83FE01FF3FC1FF0FE07F9FF07FF3F67
:10749000FE0FFFE03FE7FFFFFFFFFFFFF3FC0FF0F2
:1074A0003F83FC1FF07FC03FCFF07FE3FFF81FF862
:1074B0003FE01FF3FC1FF8FF03F1FF07FF3FFC0F46
:1074C000FFE01FE7FFFFFFFFFFFFF3F81FF03F8321
:1074D000FC1FF83FC03FCFE07FF3FFF81FF83FE00D
:1074E0000FF3F83FF8FF03F3FF07FF3FFC07FFE050
:1074F0000FE7FFFFFFFFFFFFF3F01FF03F83F81FD1
:10750000F83FC81FCFE0FFF3FFF81FF83FE407F391
:10751000F83FFCFF81E3FF07FF3FFC07FFE407E7BD
:10752000FFFFFFFFFFFFFFF03FF03F83F81FF81F53
:10753000C80FCFE0FFF3FFF81FF83FE607F3F03F77
:10754000FCFF81E7FF07FF3FF903FFE607E7FFFFC7
:10755000FFFFFFFFFFE03FF03F83F83FF81FCC073E
:10756000CFC0FFFFFFF81FF83FE703F3F03FFFFF37
:10757000C0C7FF07FF3FF903FFE603E7FFFFFFFF79
:10758000FFFFFFE07FF03F83F03FF81FCE07CF8083
:10759000FFFFFFF81FF83FE701F3F03FFFFFE0CFE9
:1075A000FF07FF3FF381FFE701E7FFFFFFFFFFFF5B
:1075B000FFC0FFF00003F03FF80FCE03CF80FFFFC6
:1075C000FFF81FF83FE780F3E03FFFFFE00FFF0702
:1075D000FF3FF381FFE781E7FFFFFFFFFFFFFF8032
:1075E000FFF00003F03FF80FCF01CF80FFFFFFF85F
:1075F0001FF83FE7C0F3E03FFFFFF01FFF07FF3F2B
:10760000F3C0FFE7C0E7FFFFFFFFFFFFFF81FFF0D1
:107610003F83F03FF80FCF81CF80F8003FF81FF88D
:107620003FE7C073E03C001FF01FFF07FF3FE7C0CC
:10763000FFE7C067FFFFFFFFFFFFFF01FFF03F8392
:10764000F03FF81FCF80CF80F8003FF81FF83FE7EA
:10765000E033E03C001FF83FFF07FF3FE7C0FFE7D4
:10766000E067FFFFFFFFFFFFFE03FFF03F83F03FF8
:10767000F81FCFC04F80FF01FFF81FF83FE7F0333E
:10768000F03FC0FFF83FFF07FF3FC0007FE7F02754
:10769000FFFFFFFFFFFFFE07FFF03F83F81FF81F0C
:1076A000CFE00F80FF83F8781FF83FE7F803F03F43
:1076B000C0FFF83FFF07FF3FC0007FE7F007FFFF75
:1076C000FFFFFFFFFC07F7F03F83F81FF81FCFF025
:1076D0000FC0FF83F0781FF83FE7F803F03FE0FFAB
:1076E000F83FFF07FF3FCFF03FE7F807FFFFFFFF3F
:1076F000FFFFFC0FE7F03F83F81FF83FCFF00FE0EC
:10770000FF83F0781FF83FE7FC03F83FE0FFF83F06
:10771000FF07FF3F9FF03FE7FC07FFFFFFFFFFFF73
:10772000F80FE7F03F83FC1FF03FCFF80FE07F83B7
:10773000F0781FF83FE7FE03F83FE0FFF83FFF0750
:10774000FF3F9FF81FE7FC07FFFFFFFFFFFFF01F52
:10775000C7F03F83FE0FF07FCFFC0FF07F83F0F880
:107760001FF83FE7FE03FC1FC0FFF83FFF03FE7F4B
:107770003FF81FE7FE07FFFFFFFFFFFFE03F07F0B7
:107780003F83FF0FE0FFCFFC0FF83F03F1F83FF816
:107790003FE7FF03FE0FC0FFF83FFF83FE7E3FF889
:1077A0001FE7FF07FFFFFFFFFFFFE03C07E01F8130
:1077B000FF87C1FFCFFE0FFC1E03F9F03FF01FE370
:1077C000FF83FF0780FFF01FFFC1F8FC1FF80FC306
:1077D000FF87FFFFFFFFFFFFE000078006007FE05D
:1077E00007FC01FF0FFF0003FC007F8003007FC345
:1077F000FFC000FF8003FFE001F803C007007F87A0
:10780000FFFFFFFFFFFFE000078006007FF83FFC5F
:1078100001FFFFFFE0FFFE00FF8003007FFFFFF09E
:1078200000FF8003FFFC03F803C007007F87FFFF12
:10783000FFFFFFFFFFFFFFFFFFFFFFFFFFFFFFFF58
:10784000FFFFFFFFFFFFFFFFFFFFFFFFFFFFFFFF48
:10785000FFFFFFFFFFFFFFFFFFFFFFFFFFFFFFFF38
:10786000FFFFFFFFFFFFFFFFFFFFFFFFFFFFFFFF28
:10787000FFFFFFFFFFFFFFFFFFFFFFFFFFFFFFFF18
:10788000FFFFFFFFFFFFFFFFFFFFFFFFFFFFFFFF08
:10789000FFFFFFFFFFFFFFFFFFFFFFFFFFFFFFFFF8
:1078A000FFFFFFFFFFFFFFFFFFFFFFFFFFFFFFFFE8
:1078B000FFFFFFFFFFFFFFFFFFFFFFFFFFFFFFFFD8
:1078C000FFFFFFFFFFFFFFFFFFFFFFFFFFFFFFFFC8
:1078D000FFFFFFFFFFFFFFFFFFFFFFFFFFFFFFFFB8
:1078E000FFFFFFFFFFFFFFFFFFFFFFFFFFFFFFFFA8
:1078F000FFFFFFFFFFFFFFFFFFFFFFFFFFFFFFFF98
:10790000FFFFFFFFFFFFFFFFFFFFFFFFFFFFFFFF87
:10791000FFFFFFFFFFFFFFFFFFFFFFFFFFFFFFFF77
:10792000FFFFFFFFFFFFFFFFFFFFFFFFFFFFFFFF67
:10793000FFFFFFFFFFFFFFFFFFFFFFFFFFFFFFFF57
:10794000FFFFFFFFFFFFFFFFFFFFFFFFFFFFFFFF47
:10795000FFFFFFFFFFFFFFFFFFFFFFFFFFFFFFFF37
:10796000FFFFFFFFFFFFFFFFFFFFFFFFFFFFFFFF27
:10797000FFFFFFFFFFFFFFFFFFFFFFFFFFFFFFFF17
:10798000FFFFFFFFFFFFFFFFFFFFFFFFFFFFFFFF07
:10799000FFFFFFFFFFFFFFFFFFFFFFFFFFFFFFFFF7
:1079A000FFFFFFFFFFFFFFFFFFFFFFFFFFFFFFFFE7
:1079B000FFFFFFFFFFFFFFFFFFFFFFFFFFFFFFFFD7
:1079C000FFFFFFFFFFFFFFFFFFFFFFFFFFFFFFFFC7
:1079D000FFFFFFFFFFFFFFFFFFFFFFFFFFFFFFFFB7
:1079E000FFFFFFFFFFFFFFFFFFFFFFFFFFFFFFFFA7
:1079F000FFFFFFFFFFFFFFFFFFFFFFFFFFFFFFFF97
:107A0000FFFFFFFFFFFFFFFFFFFFFFFFFFFFFFFF86
:107A1000FFFFFFFFFFFFFFFFFFFFFFFFFFFFFFFF76
:107A2000FFFFFFFFFFFFFFFFFFFFFFFFFFFFFFFF66
:107A3000FFFFFFFFFFFFFFFFFFFFFFFFFFFFFFFF56
:107A4000FFFFFFFFFFFFFFFFFFFFFFFFFFFFFFFF46
:107A5000FFFFFFFFFFFFFFFFFFFFFFFFFFFFFFFF36
:107A6000FFFFFFFFFFFFFFFFFFFFFFFFFFFFFFFF26
:107A7000FFFFFFFFFFFFFFFFFFFFFFFFFFFFFFFF16
:107A8000FFFFFFFFFFFFFFFFFFFFFFFFFFFFFFFF06
:107A9000FFFFFFFFFFFFFFFFFFFFFFFFFFFFFFFFF6
:107AA000FFFFFFFFFFFFFFFFFFFFFFFFFFFFFFFFE6
:107AB000FFFFFFFFFFFF00000000000000000000CC
:107AC000000000000000FFFFFFFFFFFFFFFFFFFFC0
:107AD000FFFFFFFFFFFFFFFFFFFFFFFFFFFFFFFFB6
:107AE000FFFFFFFFFFFFFFFFFFFFFFFFFFFFFFFFA6
:107AF000FFFFFFFFFFFFFFFFFFFFFFFFFFFFFFFF96
:107B0000FFFFFFFFFFFFFFFFFFFFFFFFFFFFFFFF85
:107B1000FFFFFFFFFFFFFFFFFFFFFFFFFFFFFFFF75
:107B2000FFFFFFFFFFFFFFFFFFFFFFFFFFFFFFFF65
:107B3000FFFFFFFFFFFFFFFFFFFFFFFFFFFFFFFF55
:107B4000FFFFFFFFFFFFFFFFFFFFFFFFFFFFFFFF45
:107B5000FFFFFFFFFFFFFFFFFFFFFFFFFFFFFFFF35
:107B6000FFFFFFFFFFFFFFFFFFFFFFFFFFFFFFFF25
:107B7000FFFFFFFFFFFFFFFFFFFFFFFFFFFFFFFF15
:107B8000FFFFFFFFFFFFFFFFFFFFFFFFFFFF000003
:107B900000000000000000000000000000000000E5
:107BA00000000000000000000000000000000000D5
:107BB00000000000000000000000000000000000C5
:107BC00000000000000000000000000000000000B5
:107BD00000000000000000000000000000000000A5
:107BE0000000000000000000000000000000000095
:107BF0000000000000000000000000000000000085
:107C00000000000000000000000000000000000074
:107C10000000000000000000000000000000000064
:107C20000000000000000000000000000000000054
:107C30000000000000000000000000000000000044
:107C40000000000000000000000000000000000034
:107C50000000000000000000000000000000000024
:107C60000000000000000000000000000000000014
:107C70000000000000000000000000000000000004
:107C800000000000000000000000000000000000F4
:107C900000000000000000000000000000000000E4
:107CA00000000000000000000000000000000000D4
:107CB00000000000000000000000000000000000C4
:107CC00000000000000000000000000000000000B4
:107CD00000000000000000000000000000000000A4
:107CE0000000000000000000000000000000000094
:107CF0000000000000000000000000000000000084
:107D00000000000000000000000000000000000073
:107D10000000000000000000000000000000000063
:107D20000000000000000000000000000000000053
:107D30000000000000000000000000000000000043
:107D40000000000000000000000000000000000033
:107D50000000000000000000000000000000000023
:107D60000000000000000000000000000000000013
:107D70000000000000000000000000000000000003
:107D80000000000000FFFF87F87FC00FE00FC07FFA
:107D9000801FD8000000003FFF81FFF80FC07F80E8
:107DA0001FD80000000FF07F0FF07F800F000FC082
:107DB0007F800000000000FFFF87F87FC03FF00FCA
:107DC000C07F803FF8000000003FFF81FFF80FC038
:107DD0007F803FF80000000FF07F0FF07F800F00E2
:107DE0000FC07F800000000000FC0F03E01F007C3C
:107DF0007803E00E0078F80000000001F0000F802A
:107E000003E00E0078F800000007E03E07C01E0007
:107E10000F0003E00E000000000001F01F01E00E63
:107E200000783C03E00C00F0780000000001E00066
:107E30000F0003E00C00F07800000003C01C03C03A
:107E40000C000F8003E00C000000000001E01E01A8
:107E5000E00E00F01E03F00C01E03C000000000109
:107E6000E0000F0003F00C01E03C00000001E0180E
:107E700003C00C001F8003F00C000000000001C0D4
:107E80003E01E00E00F01E03F00C01E01C000000BB
:107E90000001E0000F0003F00C01E01C00000001F5
:107EA000E03803C00C001F8003F00C00000000004D
:107EB00003803C01E00E01E00F03F00C03C01C0046
:107EC00000000001E0000F0003F00C03C01C0000E4
:107ED0000001E03803C00C001F8003F00C0000001C
:107EE000000003807C01E00E01E00F03780C03C06A
:107EF0000C0000000001E0000F0003780C03C00C30
:107F000000000000F03003C00C001BC003780C0020
:107F10000000000000007801E00E03E00F03780C81
:107F200007800C0000000001E0000F0003780C0740
:107F3000800C00000000F07003C00C003BC0037810
:107F40000C00000000000000F801E00E03C00783F1
:107F50007C0C0780000000000001E0000F00037CA3
:107F60000C07800000000000F07003C00C003BC054
:107F7000037C0C00000000000000F001E00E03C0D4
:107F800007833C0C0780000000000001E0000F00A8
:107F9000033C0C07800000000000786003C00C0068
:107FA0003BC0033C0C00000000000001F001E00EAB
:107FB00003C007833E0C0780000000000001E000C2
:107FC0000F00033E0C0780000000000078E003C0B3
:107FD0000C0031C0033E0C00000000000001E00175
:107FE000E00E03C007831E0C0F000000000000011C
:107FF000E0000F00031E0C0F00000000000078C01E
:1080000003C00C0071E0031E0C0000000000000320
:10801000E001E00E03C007831F0C0F00000000000A
:108020000001E0000F00031F0C0F00000000000023
:108030003CC003C00C0071E0031F0C0000000000F6
:108040000003C001E00E03C007830F0C0F00000007
:1080500000000001E0000F00030F0C0F0000000003
:1080600000003DC003C00C0071E0030F0C000000D5
:1080700000000003C001FFFE03C007830F8C0F0048
:10808000000000000001E0000F00030F8C0F000053
:10809000000000003D8003C00C0061E0030F8C0075
:1080A0000000000000078001FFFE03C00783078C6B
:1080B0000F00000000000001E0000F0003078C0F1C
:1080C0000000000000001F8003C00C0060E00307F8
:1080D0008C000000000000078001E00E03C0078351
:1080E00007CC0F00000000000001E0000F000307B4
:1080F000CC0F0000000000001F8003C00C00E0F067
:108100000307CC0000000000000F0001E00E03C0D8
:10811000078303CC0F01FF8000000001E0000F0087
:108120000303CC0F01FF800000001F0003C00C0000
:10813000E0F00303CC0000000000000F0001E00E9F
:1081400003C0078303EC0F01FF8000000001E00083
:108150000F000303EC0F01FF800000000F0003C0BD
:108160000C00FFF00303EC0000000000001E000103
:10817000E00E03C0078303EC0F007E000000000147
:10818000E0000F000303EC0F007E000000000F0072
:1081900003C00C00FFF00303EC0000000000001E11
:1081A0000001E00E03C0078301EC0F803C000000DB
:1081B0000001E0000F000301EC0F803C0000000014
:1081C0000F0003C00C01C0780301EC0000000000A8
:1081D000003C0001E00E03C0078301FC07803C0067
:1081E00000000001E0000F000301FC07803C0000DC
:1081F00000000F0003C00C01C0780301FC00000068
:108200000000003C0001E00E03C0078300FC078073
:108210003C0000000001E0000F000300FC07803C70
:10822000000000000F0003C00C01C0780300FC0038
:1082300000000000007C0001E00E03C0078300FC8A
:1082400007803C0000000001E0000F000300FC0775
:10825000803C000000000F0003C00C018078030088
:10826000FC000000000000780301E00E01E00F03B5
:10827000007C07803C0000000001E0000F000300CC
:108280007C07803C000000000F0003C00C018078D8
:1082900003007C000000000000F80301E00E01E094
:1082A0000F03007C03C03C0000000001E0000F0051
:1082B00003007C03C03C000000000F0003C00C035F
:1082C000803C03007C000000000000F00701E00E8D
:1082D00001E00F03003C03C03C0000000001E0008F
:1082E0000F0003003C03C03C000000000F0003C06F
:1082F0001C03803C03003C000000000001F007016B
:10830000E00E00F01E03003C03E03C000000000112
:10831000E0000F0003003C03E03C000000000F0001
:1083200003C01C03803C03003C000000000001E08F
:108330000F01E00E00701C03001C01E03C00000077
:108340000001E0000F0003001C01E03C0000000001
:108350000F0001E03803003C03001C000000000097
:1083600003E01E01E01F00783C03001C00F07C00CD
:1083700000000001E0000F0003001C00F07C000082
:1083800000000F0001F07807803E03001C00000091
:10839000000003FFFE07F87FC03FF81FE01C00FF4E
:1083A000FC0000000001E001FFF81FE01C00FFFCE2
:1083B000000000007FE000FFF01FE0FF9FE01C00D6
:1083C0000000000003FFFE07F87FC01FF01FE00C55
:1083D000003FE00000000301E001FFF81FE00C0097
:1083E0003FE0000000007FE0007FC01FE0FF9FE053
:1083F0000C000000000000000000000000038000EE
:108400000000000F000000000781E00000000000F5
:1084100000000F00000000000000000F000000003E
:10842000000000000000000000000000000000004C
:10843000000000000000000000000783C0000000F2
:10844000000000000000000000000000000000002C
:10845000000000000000000000000000000000001C
:108460000000000000000000000000000783C000C2
:1084700000000000000000000000000000000000FC
:1084800000000000000000000000000000000000EC
:108490000000000000000000000000000000078F46
:1084A000800000000000000000000000000000004C
:1084B00000000000000000000000000000000000BC
:1084C00000000000000000000000000000000000AC
:1084D00007FF000000000000000000000000000096
:1084E000000000000000000000000000000000008C
:1084F000000000000000000000000000000000007C
:10850000000003FC0000000000000000000000006C
:10851000000000000000000000000000000000005B
:10852000000000000000000000000000000000004B
:10853000000000000000000000000000000000003B
:10854000000000000000000000000000000000002B
:10855000000000000000000000000000000000001B
:10856000000000000000000000000000000000000B
:1085700000000000000000000000000000000000FB
:1085800000000000000000000000000000000000EB
:1085900000000000000000000000000000000000DB
:1085A00000000000000000000000000000000000CB
:1085B00000000000000000000000000000000000BB
:1085C00000000000000000000000000000000000AB
:1085D000000000000000000000000000000000009B
:1085E000000000000000000000000000000000008B
:1085F000000000000000000000000000000000007B
:10860000000000000000000000000000000000006A
:10861000000000000000000000000000000000005A
:10862000000000000000000000000000000000004A
:10863000000000000000000000000000000000003A
:10864000000000000000000000000000000000002A
:10865000000000000000000000000000000000001A
:10866000000000000000000000000000000000000A
:108670000000000000000000000000000000FFFFFC
:10868000FFFFFFFFFFFFFFFFFFFFFFFFFFFFFFFFFA
:10869000FFFFFFFFFFFFFFFFFFFFFFFFFFFFFFFFEA
:1086A000FFFFFFFFFFFFFFFFFFFFFFFFFFFFFFFFDA
:1086B000FFFFFFFFFFFFFFFFFFFFFFFFFFFFFFFFCA
:1086C000FFFFFFFFFFFFFFFFFFFFFFFFFFFFFFFFBA
:1086D000FFFFFFFFFFFFFFFFFFFFFFFFFFFFFFFFAA
:1086E000FFFFFFFFFFFFFFFFFFFFFFFFFFFFFFFF9A
:1086F000FFFFFFFFFFFFFFFFFFFFFFFFFFFFFFFF8A
:10870000FFFFFFFFFFFFFFFFFFFFFFFFFFFFFFFF79
:10871000FFFFFFFFFFFFFFFFFFFFFFFFFFFFFFFF69
:10872000FFFFFFFFFFFFFFFFFFFFFFFFFFFFFFFF59
:10873000FFFFFFFFFFFFFFFFFFFFFFFFFFFFFFFF49
:10874000FFFFFFFFFFFF000000000000000000002F
:108750000000000000000000000000000000000019
:108760000000000000000000000000000000000009
:1087700000000000000000000000000000000000F9
:1087800000000000000000000000000000000000E9
:1087900000000000000000000000000000000000D9
:1087A00000000000000000000000000000000000C9
:1087B00000000000000000000000000000000000B9
:1087C00000000000000000000000000000000000A9
:1087D0000000000000000000000000000000000099
:1087E0000000000000000000000000000000000089
:1087F0000000000000000000000000000000000079
:108800000000000000000000000000000000000068
:108810000000000000000000000000000000000058
:108820000000000000000000000000000000000048
:108830000000000000000000000000000000000038
:10884000FFFFFFFFFFFFFFFFFFFFFFFFFFFFFFFF38
:10885000FFFFFFFFFFFFFFFFFFFFFFFFFFFFFFFF28
:10886000FFFFFFFFFFFFFFFFFFFFFFFFFFFFFFFF18
:10887000FFFFFFFFFFFFFFFFFFFFFFFFFFFFFFFF08
:10888000FFFFFFFFFFFFFFFFFFFFFFFFFFFFFFFFF8
:10889000FFFFFFFFFFFFFFFFFFFFFFFFFFFFFFFFE8
:1088A000FFFFFFFFFFFFFFFFFFFFFFFFFFFFFFFFD8
:1088B000FFFFFFFFFFFFFFFFFFFFFFFFFFFFFFFFC8
:1088C000FFFFFFFFFFFFFFFFFFFFFFFFFFFFFFFFB8
:1088D000FFFFFFFFFFFFFFFFFFFFFFFFFFFFFFFFA8
:1088E000FFFFFFFFFFFFFFFFFFFFFFFFFFFFFFFF98
:1088F000FFFFFFFFFFFFFFFFFFFFFFFFFFFFFFFF88
:10890000FFFFFFFFFFFFFFFFFFFFFFFFFFFFFFFF77
:10891000FFFFFFFFFFFFFFFFFFFFFFFFFFFFFFFF67
:10892000FFFFFFFFFFFFFFFFFFFFFFFFFFFFFFFF57
:10893000FFFFFFFFFFFFFFFFFFFFFFFFFFFFFFFF47
:10894000FFFFFFFFFFFFFFFFFFFFFFFFFFFFFFFF37
:10895000FFFFFFFFFFFFFFFFFFFFFFFFFFFFFFFF27
:10896000FFFFFFFFFFFFFFFFFFFFFFFFFFFFFFFF17
:10897000FFFFFFFFFFFFFFFFFFFFFFFFFFFFFFFF07
:10898000FFFFFFFFFFFFFFFFFFFFFFFFFFFFFFFFF7
:10899000FFFFFFFFFFFFFFFFFFFFFFFFFFFFFFFFE7
:1089A000FFFFFFFFFFFFFFFFFFFFFFFFFFFFFFFFD7
:1089B000FFFFFFFFFFFFFFFFFFFFFFFFFFFFFFFFC7
:1089C000FFFFFFFFFFFFFFFFFFFFFFFFFFFFFFFFB7
:1089D000FFFFFFFFFFFFFFFFFFFFFFFFFFFFFFFFA7
:1089E000FFFFFFFFFFFFFFFFFFFFFFFFFFFFFFFF97
:1089F000FFFFFFFFFFFFFFFFFFFFFFFFFFFFFFFF87
:108A0000FFFFFFFFFFFFFFFFFFFFFFFFFFFFFFFF76
:108A1000FFFFFFFFFFFFFFFFFFFFFFFFFFFFFFFF66
:108A2000FFFFFFFFFFFFFFFFFFFFFFFFFFFFFFFF56
:108A3000FFFFFFFFFFFFFF0000000000000000003D
:108A40000000000000000000000000000000000026
:108A50007FFFFFFFFFFFFFFFFFFFFFFFFFFFFFFFA6
:108A6000FFFFFFFFFFFFFFFFF0000000000000001E
:108A700000000000000000000000000000000000F6
:108A8000000007FFFFFFFFFFFFFFFFFFFFFFFFFFEC
:108A9000FFFFFFFFFFFFFFFFFFFFEFFFFFFFFFFFF6
:108AA000FFFFFFFFFFFFFFFFFFFFFFFFFFFFFFFFD6
:108AB000FFFFFFFFFBFFFFFFFFFFFFFFFFFFFFFFCA
:108AC000FFFFFFFFFFFFFFFFFFFFFFFFDFFFFFFFD6
:108AD000FFFFFFFFFFFFFFFFFFFFFFFFFFFFFFFFA6
:108AE000FFFFFFFFFFFFFDFFFFFFFFFFFFFFFFFF98
:108AF000FFFFFFFFFFFFFFFFFFFFFFFFFFFFBFFFC6
:108B0000FFFFFFFFFFFFFFFFFFFFFFFFFFFFFFFF75
:108B1000FFFFFFFFFFFFFFFFFEFFFFFFFFFFFFFF66
:108B2000FFFFFFFFFFFFFFFFFFFFFFFFFFFFFFFF55
:108B3000BFFFFFFFFFFFFFFFFFFFFFFFFFFFFFFF85
:108B4000FFFFFFFFFFFFFFFFFFFFFEFFFFFFFFFF36
:108B5000FFFFFFFFFFFFFFFFFFFFFFFFFFFFFFFF25
:108B6000FFFFBFFFFFFFFFFFFFFFFFFFFFFFFFFF55
:108B7000FFFFFFFFFFFFFFFFFFFFFFFFFEFFFFFF06
:108B8000FFFFFFFFFFFFFFFFFFFFFFFFFFFFFFFFF5
:108B9000FFFFFFFFBFFFFFFFFFFFFFFFFFFFFFFF25
:108BA000FFFFFFFFFFFFFFFFFFFFFFFFFFFFFEFFD6
:108BB000FFFFFFFFFFFFFFFFFFFFFFFFFFFFFFFFC5
:108BC000FFFFFFFFFFFF3FFFFFFFFFFFFFFFFFFF75
:108BD000FFEFFFFFFFFFFFFFFFFFFFFFFFFFFFFFB5
:108BE000FE7FFFFFFFFFFFFFFFFFFFFFFFFFFFFF16
:108BF000FFFFFFFFFFFFFFFF3FF3FFFFF07F807FDF
:108C0000FFFFFF8FFFFFF800FFFF003FFFFFFFFFA9
:108C1000FFFFFE7FFFFFFFFFFFFFFFFFFFFFFFFFE5
:108C2000FFFFFFFFFFFFFFFFFFFF3FF3FFFFCF1F30
:108C3000F3FFFFFFFFCFFFFFFCFCFFFFCF8FFFFF26
:108C4000FFFFFFFFFE7FFFFFFFFFFFFFFFFFFFFFB5
:108C5000FFFFFFFFFFFFFFFFFFFFFFFF3FE3FFFF00
:108C6000BF8FF3FFFFFFFFCFFFFFFCFE7FFFCFCFE4
:108C7000FFFFFFFFFFFFFE7FFFFFFFFFFFFFFFFF85
:108C8000FFFFFFFFFFFFFFFFFFFFFFFFFFFF3FC3F0
:108C9000FFFFBFCFF3FFFFFFFFCFFFFFFCFF7FFF13
:108CA000CFE7FFFFFFFFFFFFFE7FFFFFFFFFFFFF9D
:108CB000FFFFFFFFFFFFFFFFFFFFFFFFFFFFFFFFC4
:108CC0003FD3FFFF9FCFF3FFFFFFFFCFFFFFFCFF6F
:108CD000FFFFCFE7FFFFFFFFFFFFFE7FFFFFFFFF6D
:108CE000FFFFFFFFFFFFFFFFFFFFFFFFFFFFFFFF94
:108CF000FFFF3FB3FFFF9FCFF3FFFFFFFFCFFFFF5C
:108D0000FCFBFFFFCFE7FFFFFFFFFFFFFE7FFFFF43
:108D1000FFFFFFFFFFFFFFFFFFFFFFFFFFFFFFFF63
:108D2000FFFFFFFF3FB3FFFFFFCFF3FEC1FE1FCCEE
:108D30001FFFFCFBFFFFCFE7C1FEC3FE1FF38E7FCB
:108D4000FFFFFFFFFFFFFFFFFFFFFFFFFFFFFFFF33
:108D5000FFFFFFFFFFFF3F73FFFFFF9FF3F8B8FC2C
:108D6000E7CB8FFFFCF3FFFFCFCFBC70B8FCE783EE
:108D7000667FFFFFFFFFFFFFFFFFFFFFFFFFFFFF1C
:108D8000FFFFFFFFFFFFFFFF3EF3FFFFFF3FF3FC8F
:108D90007CF9E7C7CFFFFC03E001CF8F3E7C7CF975
:108DA000F7F2E67FFFFFFFFFFFFFFFFFFFFFFFFF81
:108DB000FFFFFFFFFFFFFFFFFFFF3EF3FFFFFE7F11
:108DC000F3FCFCF3E7CFCFFFFCF3FFFFC03F3E7C9B
:108DD000FE73F3F1FE7FFFFFFFFFFFFFFFFFFFFFCB
:108DE000FFFFFFFFFFFFFFFFFFFFFFFF3DF3FFFF61
:108DF000FCFFF3FCFCF3FFCFCFFFFCFBFFFFCFFF3B
:108E0000F87CFE73F3F3FE7FFFFFFFFFFFFFFFFF22
:108E1000FFFFFFFFFFFFFFFFFFFFFFFFFFFF3BF332
:108E2000FFFFF9FFF3FCFCF3FFCFCFFFFCFBFFFFDD
:108E3000CFFF867CFE7003F3FE7FFFFFFFFFFFFF87
:108E4000FFFFFFFFFFFFFFFFFFFFFFFFFFFFFFFF32
:108E500038007FFFF3FFF3FCFCF3FFCFCFFFFCFFF5
:108E6000FFFFCFFF3E7CFE73FFF3FE7FFFFFFFFFA0
:108E7000FFFFFFFFFFFFFFFFFFFFFFFFFFFFFFFF02
:108E8000FFFF3FF3FFFFE7EFF3FCFCF3FFCFCFFF64
:108E9000FCFF7FFFCFFE7E7CFE73FFF3FE7FFFFFB4
:108EA000FFFFFFFFFFFFFFFFFFFFFFFFFFFFFFFFD2
:108EB000FFFFFFFF3FF3FFFFCFEFF3FCFCF3FBCF20
:108EC000CFFFFCFF7FFFCFFE7E7CFE73FBF3FE7FB8
:108ED000FFFFFFFFFFFFFFFFFFFFFFFFFFFFFFFFA2
:108EE000FFFFFFFFFFFF3FF3F1FF9FCFF3FCFCF914
:108EF000FBCFCFFFFCFEFFFFCFFE7E5CFCF9FBF358
:108F0000FE7FFFFFFFFFFFFFFFFFFFFFFFFFFFFFF2
:108F1000FFFFFFFFFFFFFFFF3FF3F1FF800FF3FCB9
:108F2000FCFCF7CFCFFFFCFCFFFFCFFE385C79FCE9
:108F3000F7F3FE7FFFFFFFFFFFFFFFFFFFFFFFFFD6
:108F4000FFFFFFFFFFFFFFFFFFFF3F8071FF801F5D
:108F50008078787E0F8787FFF000FFFF03FF873C54
:108F600083FE0F807E7FFFFFFFFFFFFFFF00FFFFFD
:108F7000FFFFFFFFFFFFFFFFFFFFFFFF3FFFFFFFC1
:108F8000FFFFFFFFFFFFFFFFFFFFFFFFFFFFFFFFF1
:108F9000FFFCFFFFFFFFFE7FFFFFFFFFFFFFC000A3
:108FA0001FFFFFFFFFFFFFFFFFFFFFFFFFFF3FFF71
:108FB000FFFFFFFFFFFFFFFFFFFFFFFFFFFFFFFFC1
:108FC000FFFFFFFCFFFFFFFFFE7FFFFFFFFFFFFC38
:108FD000000007FFFFFFFFFFFFFFFFFFFFFFFFFF97
:108FE0003FFFFFFFFFFFFFFFFFFFFFFFFFFFFFFF51
:108FF000FFFFFFFFFFF03FFFFFFFFE7FFFFFFFFFD1
:10900000FFE0000003FFFFFFFFFFFFFFFFFFFFFF89
:10901000FFFF3FFFFFFFFFFFFFFFFFFFFFFFFFFF20
:10902000FFFFFFFFFFFFFFFFFFFFFFFFFE7FFFFFD1
:10903000FFFFFE00000001FFFFFFFFFFFFFFFFFF3C
:10904000FFFFFFFF3FFFFFFFFFFFFFFFFFFFFFFFF0
:10905000FFFFFFFFFFFFFFFFFFFFFFFFFFFFFE7FA1
:10906000FFFFFFFFE0000000007FFFFFFFFFFFFFAB
:10907000FFFFFFFFFFFFBFFFFFFFFFFFFFFFFFFF40
:10908000FFFFFFFFFFFFFFFFFFFFFFFFFFFFFFFFF0
:10909000FEFFFFFFFFFE00000000000FFFFFFFFFCD
:1090A000FFFFFFFFFFFFFFFFBFFFFFFFFFFFFFFF10
:1090B000FFFFFFFFFFFFFFFFFFFFFFFFFFFFFFFFC0
:1090C000FFFFFEFFFFFFFFF0000000000003FFFFB7
:1090D000FFFFFFFFFFFFFFFFFFFFBFFFFFFFFFFFE0
:1090E000FFFFFFFFFFFFFFFFFFFFFFFFFFFFFFFF90
:1090F000FFFFFFFFFEFFFFFFFF0000000000000179
:10910000FFFFFFFFFFFFFFFFFFFFFFFFBFFFFFFFAF
:10911000FFFFFFFFFFFFFFFFFFFFFFFFFFFFFFFF5F
:10912000FFFFFFFFFFFFFEFFFFFFF000000000005A
:109130000000FFFFFFFFFFFFFFFFFFFFFFFFDFFF5D
:10914000FFFFFFFFFFFFFFFFFFFFFFFFFFFFFFFF2F
:10915000FFFFFFFFFFFFFFFFFDFFFFFF000000001D
:10916000000000001FFFFFFFFFFFFFFFFFFFFFFFEB
:10917000EFFFFFFFFFFFFFFFFFFFFFFFFFFFFFFF0F
:10918000FFFFFFFFFFFFFFFFFFFFFBFFFFF80000F8
:1091900000000000000007FFFFFFFFFFFFFFFFFFD1
:1091A000FFFFF000000000000000000000000000D1
:1091B00000000000000000000000000007FFFFF0BA
:1091C000000000000000000003FFFFFFFFFFFFFFA3
:1091D000FFFFFFFFFF000000000000000000000094
:1091E00000000000000000000000000000007FFF01
:1091F000FFE0000000000000000001FFFFFFFFFF94
:10920000FFFFFFFFFFFFFFFFFFFFFFFFFFFFFFFF6E
:10921000FFFFFFFFFFFFFFFFFFFFFFFFFFFFFFFF5E
:10922000FFFFFFC00000000000000000003FFFFF44
:10923000FFFFFFFFFFFFFFFFFFFFFFFFFFFFFFFF3E
:10924000FFFFFFFFFFFFFFFFFFFFFFFFFFFFFFFF2E
:10925000FFFFFFFFFF800000000000000000000F84
:10926000FFFFFFFFFFFFFFFFFFFFFFFFFFFFFFFF0E
:10927000FFFFFFFFFFFFFFFFFFFFFFFFFFFFFFFFFE
:10928000FFFFFFFFFFFFFF80000000000000000065
:109290000007FFFFFFFFFFFFFFFFFFFFFFFFFFFFD5
:1092A000FFFFFFFFFFFFFFFFFFFFFFFFFFFFFFFFCE
:1092B000FFFFFFFFFFFFFFFFFF8000000000000037
:1092C00000000003FFFFFFFFFFFFFFFFFFFFFFFFA7
:1092D000FFFFFFFFFFFFFFFFFFFFFFFFFFFFFFFF9E
:1092E000FFFFFFFFFFFFFFFFFFFFFF8001F8000010
:1092F0000000000000007FFFFFFFFFFFFFFFFFFFF8
:10930000FFFFFFFFFFFFFFFFFFFFFFFFFFFFFFFF6D
:10931000FFFFFFFFFFFFFFFFFFFFFFFFFF0003FE59
:1093200000000000000000001FFFFFFFFFFFFFFF25
:10933000FFFFFFFFFFFFFFFFFFFFFFFFFFFFFFFF3D
:10934000FFFFFFFFFFFFFFFFFFFFFFFFFFFFFF80AC
:1093500007FF00000000000000000FFFFFFFFFFFFD
:10936000FFFFFFFFFFFFFFFFFFFFFFFFFFFFFFFF0D
:10937000FFFFFFFFFFFFFFFFFFFFFFFFFFFFFFFFFD
:10938000FF800FFF000000000000000003FFFFFF50
:10939000FFFFFFFFFFFFFFFFFFFFFFFFFFFFFFFFDD
:1093A000FFFFFFFFFFFFFFFFFFFFFFFFFFFFFFFFCD
:1093B000FFFFFF800FFF800000000000000000FFA3
:1093C000FFFFFFFFFFFFFFFFFF00000000000000A6
:1093D000000000000000000000000000000000008D
:1093E00000007FFFFFC01FFF8000FC0000000000A6
:1093F00000FFFFFFFFFFFFFFFFFFF0000000000086
:10940000000000000000000000000000000000005C
:109410000000000007FFFFC00FFF8007FF000000F3
:109420000000003FFFFFFFFFFFFFFFFFEFFFFFFF19
:10943000FFFFFFFFFFFFFFFFFFFFFFFFFFFFFFFF3C
:10944000FFFFFFFFFFFFFBFFFFC01FFF800FFFC0FD
:1094500000000000000FFFFFFFFFFFFFFFFFDFFF27
:10946000FFFFFFFFFFFFFFFFFFFFFFFFFFFFFFFF0C
:10947000FFFFFFFFFFFFFFFFFDFFFFC01FFF801F7C
:10948000FFE0000000000003FFFFFFFFFFFFFFFF02
:10949000BFFFFFFFFFFFFFFFFFFFFFFFFFFFFFFF1C
:1094A000FFFFFFFFFFFFFFFFFFFFFEFFFFE00FFFDC
:1094B000001FFFF8000000000001FFFFFFFFFFFF9B
:1094C000FFFFBFFFFFFFFFFFFFFFFFFFFFFFFFFFEC
:1094D000FFFFFFFFFFFFFFFFFFFFFFFFFEFFFFE0BC
:1094E00007FF001F03FC0000000000007FFFFFFFDC
:1094F000FFFFFFFFBFFFFFFFFFFFFFFFFFFFFFFFBC
:10950000FFFFFFFFFFFFFFFFFFFFFFFFFFFFFEFF6C
:10951000FFE003FE003E00FC0000000000001FFF13
:10952000FFFFFFFFFFFFBFFFFFFFFFFFFFFFFFFF8B
:10953000FFFFFFFFFFFFFFFFFFFFFFFFFFFFFFFF3B
:10954000FEFFFFE001FC003E007C00000000000088
:1095500007FFFFFFFFFFFFFF3FFFFFFFFFFFFFFFD3
:10956000FFFFFFFFFFFFFFFFFFFFFFFFFFFFFFFF0B
:10957000FFFFFE7FFFF00000003E0038000000000B
:10958000000003FFFFFFFFFFFFFF3FFFFFFFFFFFA5
:10959000FFFFFFFFFFFFFFFFFFFFFFFFFFFFFFFFDB
:1095A000FFFFFFFFFE7FFFF00000003E00180000FD
:1095B0000000000000FFFFFFFFFFFFFF3FFFFFFF76
:1095C000FFFFFFFFFFFFFFFFFE1FFFFFFFFFFFFF8C
:1095D000FFFFFFFFFFFFFE7FFFF00000003F0010D6
:1095E000000000000000003FFFFFFFFFFFFF3FFF04
:1095F000007C0FFFBFFC1E041FFFFCCFFFFE10C44A
:109600003C3C03E007001FFFFE7FFFF00000001F4F
:109610008000000000000000000FFFFFFFFFFFFFC1
:109620003FFF9F3F3FFF1FF9E79F7FFFF9CFFFFFFE
:1096300039EE7E7F9FEE779F9FFFFE7FFFF8000051
:10964000001F80000000000000000007FFFFFFFF78
:10965000FFFF3FFF9F9F3FFF1FF3F39EFFFFF9CFE9
:10966000FFFF39EE7E7F9FDE7B9FCFFFFE7FFFF8FF
:109670000000000FC0000030000000000001FFFFEC
:10968000FFFFFFFF3FFF9F9F3FFF5FE7FB9EFFFF47
:10969000F9CFFFFF3DDE7E7F9FDE7B9FEFFFFE7FEA
:1096A000FFF80000000FC00000780000000000007C
:1096B0007FFFFFFFFFFF3FFF9F9F3FFEDFE7FB9D19
:1096C000FFFFF9CFFFFFBDDE7E7F9FFE7F9FFFFF85
:1096D000FE7FFFFC00000007E00000FE000000002D
:1096E00000001FFFFFFFFFFF3FFF9F9F3FFECFCF09
:1096F000FF9BFFFFF99FFFFFB9DE7E7F9FFE7F9FED
:109700007FFFFE7FFFFC00000007F00003FE00006B
:109710000000000007FFFFFFFFFF3FFF9F3F3FFEEE
:10972000CFCFFF9BFFFFF83FFFFFB8DE7E7F9FFE9E
:109730007F9F7FFFFE7FFFFC00000003F00007FE1D
:1097400000000000000003FFFFFFFFFF3FFF9E7FC0
:109750003FFEEFCFFF93FFFFFCE0FFFF98DE7E7F31
:109760009FFE7F9E7FFFFE7FFFFC00001001F80040
:109770000FFC00000000000000FFFFFFFFFF3FFFA5
:1097800080FF3FFDEFCFFF89FFFFF8FBFFFF98DE73
:10979000007F9FFE7F807FFFFE7FFFFE000038017D
:1097A000F8001FFE000000000000003FFFFFFFFF69
:1097B0003FFF9F3F3FFDE7CFFF89FFFFF67BFFFFA6
:1097C00096BE7E7F9FFE7F9E7FFFFE7FFFFE000096
:1097D0003800F8003FBE000000000000000FFFFF4F
:1097E000FFFF3FFF9F9F3FFC07CFFF9CFFFFF67BE4
:1097F000FFFFD6BE7E7F9FFE7F9F7FFFFE7FFFFE27
:1098000000007C00FC007F3C00000000000000071E
:10981000FFFFFFFF3FFF9FCF3FFDF7CFFF9CFFFF05
:10982000E73BFFFFD6BE7E7F9FFE7F9F7FFFFE7FD1
:10983000FFFE00007E00F801FC7E0000000000003A
:109840000003FFFFFFFF3FFF9FCF3FFBF3CFFF9ED4
:109850007FFFE737FFFFD63E7E7F9FFE7F9FFFFFA4
:10986000FE7FFFFF00003F00F803F87C00180000B7
:1098700000000003FFFFFFFF3FFF9FCF3FBBF3E769
:10988000FB9E7FFFE797FFFFCE7E7E7F9FFE7F9F41
:10989000EFFFFE7FFFFF00003FC1F807F07C001FD5
:1098A000000000000001FFFFFFFF3FFF9FCF3FBB15
:1098B000F3E7FB9F3FFFE78FFFFFCE7E7E7F9FFE9C
:1098C0007F9FEFFFFE7FFFFF00001FFFF81FE07C80
:1098D000003F000000000001FFFFFFFF3FFF9F8FE0
:1098E0003F3BFBF7F79F3FFFF3CF7FFFCF7E7E7FAE
:1098F0009FFE7F9FDFFFFE7FFFFF000007FFF03F1F
:10990000C07C003E000000000001FFFFFFFF3FFFA2
:109910009F1F3E73F9F1EF9F9FFFF1C67FFFEF7E20
:109920007E7F9FFE7F9F9FFFFE7FFFFF800001FFE6
:10993000E07F007C007E000000000001FFFFFFFFD1
:109940003FFF007C0061E0FC1E070FFFF838FFFFBF
:10995000EF7C3C3C03F81E001FFFFE7FFFFF8000F2
:1099600000FFC0FFC0F8007C000000000001FFFF06
:10997000FFFF3FFFFFFFFFFFFFFFFFFFFFFFFFFFB7
:10998000FFFFFFFFFFFFFFFFFFFFFFFFFE7FFFFF68
:109990008000003F81FFF0F800F8000000000001A7
:1099A000FFFFFFFF3FFFFFFFFFFFFFFFFFFFFFFF87
:1099B000FFFFFFFFFFFFFFFFFFFFFFFFFFFFFE7F38
:1099C000FFFFC000000007FFF8F801F800000000EA
:1099D0000001FFFFFFFF3FFFFFFFFFFFFFFFFFFF54
:1099E000FFFFFFFFFFFFFFFFFFFFFFFFFFFFFFFF87
:1099F000FE7FFFFFC00000000FF3FEF801F0000043
:109A000000000001FFFFFFFFBFFFFFFFFFFFFFFFA1
:109A1000FFFFFFFFFFFFFFFFFFFFFFFFFFFFFFFF56
:109A2000FFFFFEFFFFFFC00000001FC0FFF803F0B4
:109A3000000000000003FFFFFFFFBFFFFFFFFFFF6D
:109A4000FFFFFFFFFFFFFFFFFFFFFFFFFFFFFFFF26
:109A5000FFFFFFFFFEFFFFFFC00000007F803FF021
:109A600003E0000600000007FFFFFFFFBFFFFFFF4E
:109A7000FFFFFFFFFFFFFFFFFFFFFFFFFFFFFFFFF6
:109A8000FFFFFFFFFFFFFEFFFFFFE00000001F00E2
:109A90001FF007C0000F80000007FFFFFFFFBFFFA0
:109AA000FFFFFFFFFFFFFFFFFFFFFFFFFFFFFFFFC6
:109AB000FFFFFFFFFFFFFFFFFEFFFFFFE0000000D3
:109AC0000E0007F00FC0000FC000000FFFFFFFFFE8
:109AD000DFFFFFFFFFFFFFFFFFFFFFFFFFFFFFFFB6
:109AE000FFFFFFFFFFFFFFFFFFFFFDFFFFFFE000A6
:109AF0000000000001F00F80001FE000000FFFFFDA
:109B0000FFFFEFFFFFFFFFFFFFFFFFFFFFFFFFFF75
:109B1000FFFFFFFFFFFFFFFFFFFFFFFFFBFFFFFF59
:109B2000E0000000000001F01F00001FF800001F0F
:109B3000FFFFFFFFF0000000000000000000000039
:109B4000000000000000000000000000000007FF0F
:109B5000FFFFF0000000000003E03F00003FFE00B8
:109B6000003FFFFFFFFFFF000000000000000000BB
:109B700000000000000000000000000000000000E5
:109B80007FFFFFFFF0000000000003F01E00007EDA
:109B9000FF80003FFFFFFFFFFFFFFFFFFFFFFFFF13
:109BA000FFFFFFFFFFFFFFFFFFFFFFFFFFFFFFFFC5
:109BB000FFFFFFFFFFFFF8000000000003E03E0092
:109BC000007C3FE0007FFFFFFFFFFFFFFFFFFFFF85
:109BD000FFFFFFFFFFFFFFFFFFFFFFFFFFFFFFFF95
:109BE000FFFFFFFFFFFFFFFFF8000000000003E0A2
:109BF0007C0000FC1FE000FFFFFFFFFFFFFFFFFFF7
:109C0000FFFFFFFFFFFFFFFFFFFFFFFFFFFFFFFF64
:109C1000FFFFFFFFFFFFFFFFFFFFFC000000000052
:109C200003E07C0000F807C000FFFFFFFFFFFFFF1D
:109C3000FFFFFFFFFFFFFFFFFFFFFFFFFFFFFFFF34
:109C4000FFFFFFFFFFFFFFFFFFFFFFFFFC00000024
:109C5000000007E0F80001F801C001FFFFFFFFFF6F
:109C6000FFFFFFFFFFFFFFFFFFFFFFFFFFFFFFFF04
:109C7000FFFFFFFFFFFFFFFFFFFFFFFFFFFFFE00F4
:109C80000000000003E0F80001F0008001FFFFFF8A
:109C9000FFFFFFFFFFFFFFFFFFFFFFFFFFFFFFFFD4
:109CA000FFFFFFFFFFFFFFFFFFFFFFFFFFFFFFFFC4
:109CB000FF000000000003C1F80003E0000003FF04
:109CC000FFFFFFFFFFFFFFFFFFFFFFFFFFFFFFFFA4
:109CD000FFFFFFFFFFFFFFFFFFFFFFFFFFFFFFFF94
:109CE000FFFFFF800000000000C3F00007F000004D
:109CF00003FFFFFFFFFFFFFFFFFFFFFFFFFFFFFF70
:109D0000FFFFFFFFFFFFFFFFFFFFFFFFFFFFFFFF63
:109D1000FFFFFFFFFFE0000000000003E00007F886
:109D2000000007FFFFFFFFFFFF0000000000000032
:109D30000000000000000000000000000000000023
:109D400000007FFFFFFFFFF0000000000007F000B1
:109D50000FFE00000FFFFFFFFFFFF00000000000FC
:109D600000000000000000000000000000000000F3
:109D70000000000007FFFFFFFFFC000000000007DD
:109D8000FC000FFF80000FFFFFFFFFFFEFFFFFFF53
:109D9000FFFFFFFFFFFFFFFFFFFFFFFFFFFFFFFFD3
:109DA000FFFFFFFFFFFFFBFFFFFFFFFF00000000C3
:109DB0000001FE001F3FE0001FFFFFFFFFFFDFFF6E
:109DC000FFFFFFFFFFFFFFFFFFFFFFFFFFFFFFFFA3
:109DD000FFFFFFFFFFFFFFFFFDFFFFFFFFFFC000D3
:109DE000000000007F803F0FF0001FFFFFFFFFFF1C
:109DF000BFFFFFFFFFFFFFFFFFFFFFFFFFFFFFFFB3
:109E0000FFFFFFFFFFFFFFFFFFFFFEFFFFFFFFFF63
:109E1000E000000000001FE03E07F0003FFFFFFFF2
:109E2000FFFFBFFFFFFFFFFFFFFFFFFFFFFFFFFF82
:109E3000FFFFFFFFFFFFFFFFFFFFFFFFFEFFFFFF33
:109E4000FFFFF800000000000FF87E01E0007FFF38
:109E5000FFFFFFFFBFFFFFFFFFFFFFFFFFFFFFFF52
:109E6000FFFFFFFFFFFFFFFFFFFFFFFFFFFFFEFF03
:109E7000FFFFFFFFFE000000000003F87C00600011
:109E80007FFFFFFFFFFFBFFFFFFFFFFFFFFFFFFFA2
:109E9000FFFFFFFFFFFFFFFFFFFFFFFFFFFFFFFFD2
:109EA000FEFFFFFFFFFFFF800000000001F0F80051
:109EB0000000FFFFFFFFFFFF3FFFFFFFFFFFFFFF70
:109EC000FFFFFFFFFFFFFFFFFFFFFFFFFFFFFFFFA2
:109ED000FFFFFE7FFFFFFFFFFFC0000000000061EB
:109EE000F8000000FFFFFFFFFFFF3FFFFFFFFFFF46
:109EF000FFFFFFFFFFFFFFFFFFFFFFFFFFFFFFFF72
:109F0000FFDFFFFFFE7FFFFFFFFFFFF0000000000D
:109F10000001F0000001FFFFFFFFFFFF3FFFE7FC34
:109F20003FF0FFFFFE0FFC3FF0FFFFFFFFFC3FFF96
:109F3000FFFFFC1FFFFFFE7FFFFFFFFFFFFC000096
:109F400000000003F8000001FFFFFFFFFFFF3FFFDD
:109F5000E7F1CFC73FF3FDE7F1CFC73FFFFFFFFCBE
:109F60003FFFFFFFFF9FFFFFFE7FFFFFFFFFFFFFA2
:109F7000000000000003FE000003FFFFFFFFFFFFE3
:109F80003FFFC7F3EFCFBFE3F9F3F3EFCFBFFFFF1F
:109F9000FFFFFFFFFFFFFF9FFFFFFE7FFFFFFFFFB2
:109FA000FFFF800000000000FF800007FFFFFFFFB1
:109FB000FFFF3FFF87E7E79F9FF7F9F3E7E79F9FE3
:109FC000FFFFFFFFFFFFFFFFFF9FFFFFFE7FFFFF82
:109FD000FFFFFFFFE000000000003FE00007FFFF81
:109FE000FFFFFFFF3FFFA7E7E79F9E7739F3E7E714
:109FF0009F9FFFFFFFFFFFFFFFFFFF9FFFFFFE7F12
:10A00000FFFFFFFFFFFFF800000000001FF0000F40
:10A01000FFFFFFFFFFFF3FFF67CFF33FCE363FF36A
:10A02000CFF33FCFFFFFFFFF7FFFFFFFFF9FFFFF4C
:10A03000FE7FFFFFFFFFFFFFFE000000000007FEA6
:10A04000000FFFFFFFFFFFFF3FFF67CFF33FCF147E
:10A050007FF7CFF33FCFFFFD87F07F820FC3FF9FD6
:10A06000F837FE7FFFFFFFFFFFFFFF8000000000CB
:10A0700001FC001FFFFFFFFFFFFF3FFEE7CFF33FA5
:10A08000CFE3FFE7CFF33FCFFFE171FE7FE7BF9C58
:10A09000FF9FF3C7FE7FFFFFFFFFFFFFFFC0000032
:10A0A0000000007C001FFFFFFFFFFFFF3FFDE7CF29
:10A0B000F33FCFE3FF8FCFF33FCFFFF8F9FE7FE70A
:10A0C0007F3EFF9FE7E7FE7FFFFFFFFFFFFFFFE011
:10A0D000000000000038003FFFFFFFFFFFFF3FFDD3
:10A0E000E7CFF33FCF147FE7CFF33FCFFFF9FCFE7D
:10A0F0007FF2FE7E7F9FE7F7FE7FFFFFFFFFFFFF00
:10A10000FFF0000000000008003FFFFFFFFFFFFF1F
:10A110003FFBE7CFF33FCE363FF3CFF33FCFFFF91F
:10A12000FCFE7FFAFE7E7F9FE3FFFE7FFFFFFFFFC7
:10A13000FFFFFFFC000000000000007FFFFFFFFFAB
:10A14000FFFF3FF7E7CFF33FCE773FF9CFF33FCFA6
:10A15000FFF9FCFE7FF9FE007F9FF83FFE7FFFFFC7
:10A16000FFFFFFFFFFFF000000000000007FFFFF78
:10A17000FFFFFFFF3FF000CFF33FCFF7FFF9CFF333
:10A180003FCFFFF9FCFE7FF8FE7FFF9FFE0FFE7FB3
:10A19000FFFFFFFFFFFFFFFFC0000000000000FF08
:10A1A000FFFFFFFFFFFF3FFFE7E7E79F9FE3F9F9AF
:10A1B000E7E79F9FFFF9FCFE7FF6FE7FFF9FFFC74B
:10A1C000FE7FFFFFFFFFFFFFFFFFF000000000002A
:10A1D00001FFFFFFFFFFFFFF3FFFE7E7E79F9FE76D
:10A1E000F9F9E7E79F9FFFF9FCFE7FF67E7F7F9FEF
:10A1F000EFE7FE7FFFFFFFFFFFFFFFFFF80000001C
:10A20000000001FFFFFFFFFFFFFF3FFFE7F3EFCF7E
:10A21000BFFFF9F3F3EFCFBFFFF9F9FE7FEF3F3F49
:10A220007F9FEFE7FE7FFFFFFFFFFFFFFFFFFE00C7
:10A230000000000003FFFFFFFFFFFFFF3FFFE7F904
:10A24000CFE73FFFFDE3F9CFE73FFFF8F3FE7FDF06
:10A25000BF9EFF9FE3CFFE7FFFFFFFFFFFFFFFFFDC
:10A26000FFC00000000007FFFFFFFFFFFFFF3FFFF1
:10A2700000FC3FF0FFFFFE0FFC3FF0FFFFF907F08F
:10A280000F0E0FC1FC03EC1FFE7FFFFFFFFFFFFF60
:10A29000FFFFFFE00000000007FFFFFFFFFFFFFFE1
:10A2A0003FFFFFFFFFFFFFFFFFFFFFFFFFFFFFF984
:10A2B000FFFFFFFFFFFFFFFFFFFFFE7FFFFFFFFF2F
:10A2C000FFFFFFFFFFF0000000000FFFFFFFFFFF99
:10A2D000FFFF3FFFFFFFFFFFFFFFFFFFFFFFFFFF4E
:10A2E000FFF9FFFFFFFFFFFFFFFFFFFFFE7FFFFF05
:10A2F000FFFFFFFFFFFFFFFC000000000FFFFFFF5D
:10A30000FFFFFFFF3FFFFFFFFFFFFFFFFFFFFFFF1D
:10A31000FFFFFFE07FFFFFFFFFFFFFFFFFFFFE7F6D
:10A32000FFFFFFFFFFFFFFFFFFFF800000001FFF99
:10A33000FFFFFFFFFFFF3FFFFFFFFFFFFFFFFFFFED
:10A34000FFFFFFFFFFFFFFFFFFFFFFFFFFFFFFFF1D
:10A35000FE7FFFFFFFFFFFFFFFFFFFFFC0000000CA
:10A360001FFFFFFFFFFFFFFFBFFFFFFFFFFFFFFF1D
:10A37000FFFFFFFFFFFFFFFFFFFFFFFFFFFFFFFFED
:10A38000FFFFFEFFFFFFFFFFFFFFFFFFFFFFF000EC
:10A3900000003FFFFFFFFFFFFFFFBFFFFFFFFFFFCB
:10A3A000FFFFFFFFFFFFFFFFFFFFFFFFFFFFFFFFBD
:10A3B000FFFFFFFFFEFFFFFFFFFFFFFFFFFFFFFFAE
:10A3C000F80000007FFFFFFFFFFFFFFFBFFFFFFF61
:10A3D000FFFFFFFFFFFFFFFFFFFFFFFFFFFFFFFF8D
:10A3E000FFFFFFFFFFFFFEFFFFFFFFFFFFFFFFFF7E
:10A3F000FFFFFF0000007FFFFFFFFFFFFFFFBFFF2A
:10A40000FFFFFFFFFFFFFFFFFFFFFFFFFFFFFFFF5C
:10A41000FFFFFFFFFFFFFFFFFEFFFFFFFFFFFFFF4D
:10A42000FFFFFFFFFFC00000FFFFFFFFFFFFFFFF79
:10A43000DFFFFFFFFFFFFFFFFFFFFFFFFFFFFFFF4C
:10A44000FFFFFFFFFFFFFFFFFFFFFDFFFFFFFFFF1E
:10A45000FFFFFFFFFFFFFFE00000FFFFFFFFFFFF29
:10A46000FFFFEFFFFFFFFFFFFFFFFFFFFFFFFFFF0C
:10A47000FFFFFFFFFFFFFFFFFFFFFFFFFBFFFFFFF0
:10A48000FFFFFFFFFFFFFFFFFFF00001FFFFFFFFE8
:10A49000FFFFFFFFF00000000000000000000000D0
:10A4A000000000000000000000000000000007FFA6
:10A4B000FFFFFFFFFFFFFFFFFFFFFFFE0001FFFFAA
:10A4C000FFFFFFFFFFFFFF00000000000000000093
:10A4D000000000000000000000000000000000007C
:10A4E0007FFFFFFFFFFFFFFFFFFFFFFFFFFF0003F7
:10A4F000FFFFFFFFFFFFFFFFFFFFFFFFFFFFFFFF6C
:10A50000FFFFFFFFFFFFFFFFFFFFFFFFFFFFFFFF5B
:10A51000FFFFFFFFFFFFFFFFFFFFFFFFFFFFFFFF4B
:10A520008007FFFFFFFFFFFFFFFFFFFFFFFFFFFFB2
:10A53000FFFFFFFFFFFFFFFFFFFFFFFFFFFFFFFF2B
:10A54000FFFFFFFFFFFFFFFFFFFFFFFFFFFFFFFF1B
:10A55000FFFFE00FFFFFFFFFFFFFFFFFFFFFFFFF1A
:10A56000FFFFFFFFFFFFFFFFFFFFFFFFFFFFFFFFFB
:10A57000FFFFFFFFFFFFFFFFFFFFFFFFFFFFFFFFEB
:10A58000FFFFFFFFFC1FFFFFFFFFFFFFFFFFFFFFBE
:10A59000FFFFFFFFFFFFFFFFFFFFFFFFFFFFFFFFCB
:10A5A000FFFFFFFFFFFFFFFFFFFFFFFFFFFFFFFFBB
:10A5B000FFFFFFFFFFFFFFFFFFFFFFFFFFFFFFFFAB
:10A5C000FFFFFFFFFFFFFFFFFFFFFFFFFFFFFFFF9B
:10A5D000FFFFFFFFFFFFFFFFFFFFFFFFFFFFFFFF8B
:10A5E000FFFFFFFFFFFFFFFFFFFFFFFFFFFFFFFF7B
:10A5F000FFFFFFFFFFFFFFFFFFFFFFFFFFFFFFFF6B
:10A60000FFFFFFFFFFFFFFFFFFFFFFFFFFFFFFFF5A
:10A61000FFFFFFFFFFFFFFFFFFFFFFFFFFFFFFFF4A
:10A62000FFFFFFFFFFFFFFFFFFFFFFFFFFFFFFFF3A
:10A63000FFFFFFFFFFFFFFFFFFFFFFFFFFFFFFFF2A
:10A64000FFFFFFFFFFFFFFFFFFFFFFFFFFFFFFFF1A
:10A65000FFFFFFFFFFFFFFFFFFFFFFFFFFFFFFFF0A
:10A66000FFFFFFFFFFFFFFFFFFFFFFFFFFFFFFFFFA
:10A67000FFFFFFFFFFFFFFFFFFFFFFFFFFFFFFFFEA
:10A68000FFFFFFFFFFFFFFFFFF00000000000000D3
:10A6900000000000000000000000000000000000BA
:10A6A0000000000000000000FFFFFFFFFFFFFFFFB2
:10A6B000FFFFFFFFFFFFFFFFFFFFF00000000000B4
:10A6C000000000000000000000000000000000008A
:10A6D000000000000000000000000FFFFFFFFFFF70
:10A6E000FFFFFFFFFFFFFFFFFFFFFFFFEFFFFFFF8A
:10A6F000FFFFFFFFFFFFFFFFFFFFFFFFFFFFFFFF6A
:10A70000FFFFFFFFFFFFFFFFFFFFFFFFF7FFFFFF61
:10A71000FFFFFFFFFFFFFFFFFFFFFFFFFFFFDFFF69
:10A72000FFFFFFFFFFFFFFFFFFFFFFFFFFFFFFFF39
:10A73000FFFFFFFFFFFFFFFFFFFFFFFFFFFFFBFF2D
:10A74000FFFFFFFFFFFFFFFFFFFFFFFFFFFFFFFF19
:10A75000BFFFFFFFFFFFFFFFFFFFFFFFFFFFFFFF49
:10A76000FFFFFFFFFFFFFFFFFFFFFFFFFFFFFFFFF9
:10A77000FDFFFFFFFFFFFFFFFFFFFFFFFFFFFFFFEB
:10A78000FFFFBFFFFFFFFFFFFFFFFFFFFFFFFFFF19
:10A79000FFFFFFFFFFFFFFFFFFFFFFFFFFFFFFFFC9
:10A7A000FFFFFDFFFFFFFFFFFFFFFFFFFFFFFFFFBB
:10A7B000FFFFFFFFBFFFFFFFFFFFFFFFFFFFFFFFE9
:10A7C000FFFFFFFFFFFFFFFFFFFFFFFFFFFFFFFF99
:10A7D000FFFFFFFFFDFFFFFFFFFFFFFFFFFFFFFF8B
:10A7E000FFFFFFFFFFFFBFFFFFFFFFFFFFFFFFFFB9
:10A7F000FFFFFFFFFFFFFFFFFFFFFFFFFFFFFFFF69
:10A80000FFFFFFFFFFFFFDFFFFFFFFFFFFFFFFFF5A
:10A81000FFFFFFFFFFFFFFFF3FFFFFFFFFFFFFFF08
:10A82000FFFFFFFFFFFFFFFFFFFFFFFFFFFFFFFF38
:10A83000FFFFFFFFFFFFFFFFFCFFFFFFFFFFFFFF2B
:10A84000FFFFFFFFFFFFFFFFFFFF3FFFFFFFFFFFD8
:10A85000FFFFFFFFFFFFFFFFFFFFFFFFFFFFFFFF08
:10A86000FFFFFFFFFFFFFFFFFFFFFCFFFFFFFFFFFB
:10A87000FFFFFFFFFFFFFFFFFFFFFFFF3FFFFFFFA8
:10A88000FFFFFFFFFFFFFFFFFFFFFFFFFFFFFFFFD8
:10A89000FFFFFFFFFFFFFFFFFFFFFFFFFCFFFFFFCB
:10A8A000FFFFFFFFFFFFFFFFFFFFFFFFFFFF3FFC7B
:10A8B00003F003F8070786003003FFFFE01FE0FF07
:10A8C000FFFC37F0DC03FFEFFF07F07FC1FFFCFF69
:10A8D000FFFFFFFFFFFFFFFFFFFFFFFFFFFFFFFF88
:10A8E0003FFF3CFCF9FF3F9FCF3F3CF9FFFFFCFFE0
:10A8F000CF3FFFF3C7CF1F3CFFCFFCF3CF9FBCFF81
:10A90000FCFFFFFFFFFFFFFFFFFFFFFFFFFFFFFF5A
:10A91000FFFF3FFF3E7CFCFF3FCFDF3F9CFCFFFF84
:10A92000FCFF9F9FFFF7E7DF9F3E7E0FF9F39F8FAE
:10A930003E7FFCFFFFFFFFFFFFFFFFFFFFFFFFFF6B
:10A94000FFFFFFFF3FFF3F3CFCFF3FCFDF3FDCFC53
:10A95000FFFFFCFF3FDFFFE7F79FDF3F3FCFF3FF46
:10A960009FCF3E7FFCFFFFFFFFFFFFFFFFFFFFFFCB
:10A97000FFFFFFFFFFFF3FFF3F3CFCFF3FCFDF3FFD
:10A98000FCFCFFFFFCFF3FDFFFE7F79FDF3F3FCF10
:10A99000F3FF9FCF3E7FFCFFFFFFFFFFFFFFFFFFA7
:10A9A000FFFFFFFFFFFFFFFF3FFF3F9CFCFF3FEF6D
:10A9B000BF3EFCFCFFFFFCFE7FFF8FE7FF9FFF3FDA
:10A9C0009FCFF7FF8FCFFE7FFCFFFFFFFFFFFFFF53
:10A9D000FFFFFFFFFFFFFFFFFFFF3FFF3F9CFCFF6D
:10A9E0003FE7BF3EFCFCFFFFFCFE7FFF8FE1FF87E0
:10A9F000FF3F9FCFE7FFC79FFEFFFCFFFFFFFFFF6B
:10AA0000FFFFFFFFFFFFFFFFFFFFFFFF3FFF3F9C39
:10AA1000F1FF3FE7BF3CFCF1FFFFFCFE7FFF8FF043
:10AA20007FC1FF3F9FCFE60FE33FFCFFFCFFFFFF2F
:10AA3000FFFFFFFFFFFFFFFFFFFFFFFFFFFF3FFFE6
:10AA40003F9C07FF3FE77F00FC07FFFFFCFE7FFF07
:10AA5000FFFC1FF07F3F9FCFE5E3F07FF1FFFCFF9E
:10AA6000FFFFFFFFFFFFFFFFFFFFFFFFFFFFFFFFF6
:10AA70003FFF3F9CEFFF3FF77F3CFCEFFFFFFCFEFB
:10AA80007FFFFFFF0FFC3F3F9FCFE3F3E63FFCFF5D
:10AA9000FCFFFFFFFFFFFFFFFFFFFFFFFFFFFFFFC9
:10AAA000FFFF3FFF3F9CE7FF3FF37F3EFCE7FFFFD9
:10AAB000FCFE7FFFFFFFC7FF1F3F9FCFE7F9CF1FC0
:10AAC000FE7FFCFFFFFFFFFFFFFFFFFFFFFFFFFF1A
:10AAD000FFFFFFFF3FFF3F9CE7FF3FF37F3EFCE7A9
:10AAE000FFFFFCFE7FFFFFFFE3FF8F3F9FCFE7F9F4
:10AAF0009F8FFF3FFCFFFFFFFFFFFFFFFFFFFFFFF9
:10AB0000FFFFFFFFFFFF3FFF3F9CF3FF3FF2FF3FD1
:10AB1000FCF3FFFFFCFE7FFFFFEFF3BFCF3F9FCFB4
:10AB2000E7F99FCFFF3FFCFFFFFFFFFFFFFFFFFFA6
:10AB3000FFFFFFFFFFFFFFFF3FFF3F3CF3FF3FF83B
:10AB4000FF3FDCF3FFFFFCFF3FDFFFEFF3BFCF3F33
:10AB50003FCFE7F99FCF3F3FFCFFFFFFFFFFFFFF26
:10AB6000FFFFFFFFFFFFFFFFFFFF3FFF3F3CF9FF3E
:10AB70003FF8FF3FDCF9FFFFFCFF3FDFFFE7F39FFC
:10AB8000CF3F3FCFF3F99FCF3F3FFCFFFFFFFFFFDA
:10AB9000FFFFFFFFFFFFFFFFFFFFFFFF3FFF3E7CC9
:10ABA000F9FF3FF9FF3FBCF9FFFFFCFFBFBF8FF785
:10ABB000F7DFDF3E7FCFF3F3CFDF3E7FFCFFFFFF0A
:10ABC000FFFFFFFFFFFFFFFFFFFFFFFFFFFF3FFF55
:10ABD0003CFCF9FF3FF9FF3F3CF9FFFFFCFF8F7F93
:10ABE0008FF1E7C79F3CFFCFF9E7C79FBC7FFCFF12
:10ABF000FFFFFFFFFFFFFFFFFFFFFFFFFFFFFFFF65
:10AC00003FFC03F03C7807FDFC00303C7FFFE01F79
:10AC1000E0FF8FFE1FF87C03FE01FE0FF07FC1FFF7
:10AC2000FCFFFFFFFFFFFFFFFFFFFFFFFFFFFFFF37
:10AC3000FFFF3FFFFFFFFFFFFFFFFFFFFFFFFFFFE4
:10AC4000FFFFFFFFFFFFFFFFFFFFFFFFFFFFFFFF14
:10AC5000FFFFFCFFFFFFFFFFFFFFFFFFFFFFFFFF07
:10AC6000FFFFFFFF3FFFFFFFFFFFFFFFFFFFFFFFB4
:10AC7000FFFFFFFFFFFFFFFFFFFFFFFFFFFFFFFFE4
:10AC8000FFFFFFFFFCFFFFFFFFFFFFFFFFFFFFFFD7
:10AC9000FFFFFFFFFFFF3FFFFFFFFFFFFFFFFFFF84
:10ACA000FFFFFFFFFFFFFFFFFFFFFFFFFFFFFFFFB4
:10ACB000FFFFFFFFFFFFFCFFFFFFFFFFFFFFFFFFA7
:10ACC000FFFFFFFFFFFFFFFFBFFFFFFFFFFFFFFFD4
:10ACD000FFFFFFFFFFFFFFFFFFFFFFFFFFFFFFFF84
:10ACE000FFFFFFFFFFFFFFFFFDFFFFFFFFFFFFFF76
:10ACF000FFFFFFFFFFFFFFFFFFFFBFFFFFFFFFFFA4
:10AD0000FFFFFFFFFFFFFFFFFFFFFFFFFFFFFFFF53
:10AD1000FFFFFFFFFFFFFFFFFFFFFDFFFFFFFFFF45
:10AD2000FFFFFFFFFFFFFFFFFFFFFFFFBFFFFFFF73
:10AD3000FFFFFFFFFFFFFFFFFFFFFFFFFFFFFFFF23
:10AD4000FFFFFFFFFFFFFFFFFFFFFFFFFDFFFFFF15
:10AD5000FFFFFFFFFFFFFFFFFFFFFFFFFFFFBFFF43
:10AD6000FFFFFFFFFFFFFFFFFFFFFFFFFFFFFFFFF3
:10AD7000FFFFFFFFFFFFFFFFFFFFFFFFFFFFFDFFE5
:10AD8000FFFFFFFFFFFFFFFFFFFFFFFFFFFFFFFFD3
:10AD9000DFFFFFFFFFFFFFFFFFFFFFFFFFFFFFFFE3
:10ADA000FFFFFFFFFFFFFFFFFFFFFFFFFFFFFFFFB3
:10ADB000FBFFFFFFFFFFFFFFFFFFFFFFFFFFFFFFA7
:10ADC000FFFFEFFFFFFFFFFFFFFFFFFFFFFFFFFFA3
:10ADD000FFFFFFFFFFFFFFFFFFFFFFFFFFFFFFFF83
:10ADE000FFFFF7FFFFFFFFFFFFFFFFFFFFFFFFFF7B
:10ADF000FFFFFFFFF0000000000000000000000067
:10AE00000000000000000000000000000000000042
:10AE1000000000000FFFFFFFFFFFFFFFFFFFFFFF2E
:10AE2000FFFFFFFFFFFFFF00000000000000000029
:10AE30000000000000000000000000000000000012
:10AE4000000000000000FFFFFFFFFFFFFFFFFFFF0C
:10AE5000FFFFFFFFFFFFFFFFFFFFFFFFFFFFFFFF02
:10AE6000FFFFFFFFFFFFFFFFFFFFFFFFFFFFFFFFF2
:10AE7000FFFFFFFFFFFFFFFFFFFFFFFFFFFFFFFFE2
:10AE8000FFFFFFFFFFFFFFFFFFFFFFFFFFFFFFFFD2
:10AE9000FFFFFFFFFFFFFFFFFFFFFFFFFFFFFFFFC2
:10AEA000FFFFFFFFFFFFFFFFFFFFFFFFFFFFFFFFB2
:10AEB000FFFFFFFFFFFFFFFFFFFFFFFFFFFFFFFFA2
:10AEC000FFFFFFFFFFFFFFFFFFFFFFFFFFFFFFFF92
:10AED000FFFFFFFFFFFFFFFFFFFFFFFFFFFFFFFF82
:10AEE000FFFFFFFFFFFFFFFFFFFFFFFFFFFFFFFF72
:10AEF000FFFFFFFFFFFFFFFFFFFFFFFFFFFFFFFF62
:10AF0000FFFFFFFFFFFFFFFFFFFFFFFFFFFFFFFF51
:10AF1000FFFFFFFFFFFFFFFFFFFFFFFFFFFFFFFF41
:10AF2000FFFFFFFFFFFFFFFFFFFFFFFFFFFFFFFF31
:10AF3000FFFFFFFFFFFFFFFFFFFFFFFFFFFFFFFF21
:10AF4000FFFFFFFFFFFFFFFFFFFFFFFFFFFFFFFF11
:10AF5000FFFFFFFFFFFFFFFFFFFFFFFFFFFFFFFF01
:10AF6000FFFFFFFFFFFFFFFFFFFFFFFFFFFFFFFFF1
:10AF7000FFFFFFFFFFFFFFFFFFFFFFFFFFFFFFFFE1
:10AF8000FFFFFFFFFFFFFFFFFFFFFFFFFFFFFFFFD1
:10AF9000FFFFFFFFFFFFFFFFFFFFFFFFFFFFFFFFC1
:10AFA000FFFFFFFFFFFFFFFFFFFFFFFFFFFFFFFFB1
:10AFB000FFFFFFFFFFFFFFFFFFFFFFFFFFFFFFFFA1
:10AFC000FFFFFFFFFFFFFFFFFFFFFFFFFFFFFFFF91
:10AFD000FFFFFFFFFFFFFFFFFFFFFFFFFFFFFFFF81
:10AFE000FFFFFFFFFFFFFFFFFFFFFFFFFFFFFFFF71
:10AFF000FFFFFFFFFFFFFFFFFFFFFFFFFFFFFFFF61
:10B00000FFFFFFFFFFFFFFFFFFFFFFFFFFFFFFFF50
:10B01000FFFFFFFFFFFFFFFFFFFFFFFFFFFFFFFF40
:10B02000FFFFFFFFFFFFFFFFFFFFFFFFFFFFFFFF30
:10B03000FFFFFFFFFFFFFFFFFFFFFFFFFFFFFFFF20
:10B04000FFFFFFFFFFFFFFFFFFFFFFFFFFFFFFFF10
:10B05000FFFFFFFFFFFFFFFFFFFFFFFFFFFFFFFF00
:10B06000FFFFFFFFFFFFFFFFFFFFFFFFFFFFFFFFF0
:10B07000FFFFFFFFFFFFFFFFFFFFFFFFFFFFFFFFE0
:10B08000FFFFFFFFFFFFFFFFFFFFFFFFFFFFFFFFD0
:10B09000FFFFFFFFFFFFFFFFFFFFFFFFFFFFFFFFC0
:10B0A000FFFFFFFFFFFFFFFFFFFFFFFFFFFFFFE7C8
:10B0B000FFFFFFFE7FFFFFFFE7FFFFFFF7DFFFFF61
:10B0C000FFFFFFFFFF8FFFFFFFFFFFFDFFFFFFFF02
:10B0D000FCFFFFF1FFFFFFFFFFFFFFFFFFFFFFFF91
:10B0E000F837FFFFFFFF7FFFFFF837FFFFFFF7DFB6
:10B0F000FFFFFFFFFFFF81EFFFFFFFFFFFFDFFFFF0
:10B1000001FFFEFFFFFDFFFFFFFF87FFFFFFF1E0F5
:10B1100003FFF777FFFFFFFF7FFFFFF777FFFFFFDB
:10B12000FFFFFFFFFFFFFFFFDDEFFFFFBFFFFFFFA1
:10B13000FFFF6DFFFEFFFFFDFFFFFFFF77FFFFFF3C
:10B14000FBEDADFFFF77FFFFFFFF7FFFFFFF77FF07
:10B15000FFFFFFFFFFFFFFFFFFFFDFEFFFFFBFFF6F
:10B16000FFFFFFFFEFFFFEFFFFFDFFFFFFFEF7FF0B
:10B17000FFFFFBFDEEFFFEF4F8C9E1834F8CCFFE2D
:10B18000F4F8C9E1C71E4F088338E4FFDBEF8F8670
:10B19000089C64F1F0FFEF8F86993C7DF8F088FE03
:10B1A000FF8FFFFFFBFDEEFFFDF37766DBB7377622
:10B1B000EFFDF37766DBF7DF36DDDBB7737FC3EFD9
:10B1C0007777BE7BB37DEEFFEF77766CDBBDF76DF7
:10B1D000DDFEFF77FFFFFBFDEEFFFDF7706EDBEF9F
:10B1E0007776EFFDF7776EDBF7DF76DEBBBC777F38
:10B1F000DBEF077FBEFBB77DEFFFEF077EEDDBBD2B
:10B20000F76DEBFEFF77FFFFFBFDEEFFFBF777EE41
:10B21000E7EF7776EFFBF7776EE7F7DF773EBBBBBD
:10B22000777FDFEF7F7FBEFBB77DEFFFEF7F7EEDA8
:10B23000DBBDF773EBFEFF77FFFFFBFDEEFFFBB718
:10B24000776EDFDB7776CFFBB7776EDFF7DF76FFE2
:10B250007B37777FDDEF7777BEFBB77DEEFFEF774C
:10B2600076EDDBBDF76FF7FF77767CFFFBBDEDCFAB
:10B27000F02238C46382238F27F02238C463F70694
:10B28000231F7C98223F81838F8F883C623071FF1F
:10B29000C78F8C408C7078F1F7FF8F8E7EFFF0386F
:10B2A000C3CFFFFFFFFFDDFFFFFFFFFFFFFFFFDD5E
:10B2B000F7FFFEEF7FFFFFFFFFFFFFFFFFFFFFFF37
:10B2C000FFFFFFFFFFFFFFFFFFEEF7FFFFFFFEFFA8
:10B2D000FFFFFFFFFFFFFFFFE3FFFFFFFFFFFFFF9A
:10B2E000FFE38FFFFF18FFFFFFFFFFFFFFFFFFFFE1
:10B2F000FFFFFFFFFFFFFFFFFFFFFFF18FFFFFFFDC
:10B30000FDFFFFFFFFFFFFFFFFFFFFFFFFFFFFFF4F
:10B31000FFFFFFFFFFFFFFFFFFFFFFFFFFFFFFFF3D
:10B32000FFFFFFFFFFFFFFFFFFFFFFFFFFFFFFFF2D
:10B33000FFFFFFFFFFFFFFFFFFFFFFFFFFFFFFFF1D
:10B34000FFFFFFFFFFFFFFFFFFFFFFFFFFFFFFFF0D
:10B35000FFFFFFFFFFFFFFFFFFFFFFFFFFFFFFFFFD
:10B36000FFFFFFFFFFFFFFFFFFFFFFFFFFFFFFFFED
:10B37000FFFFFFFFFFFFFFFFFFFFFFFFFFFFFFFFDD
:10B38000FFFFFFFFFFFFFFFFFFFFFFFFFFFFFFFFCD
:10B39000FFFFFFFFFFFFFFFFFFFFFFFFFFFFFFFFBD
:10B3A000FFFFFFFFFFFFFFFFFFFFFFFFFFFFFFFFAD
:10B3B000FFFFFFFFFFFFFFFFFFFFFFFFFFFFFFFF9D
:10B3C000FFFFFFFFFFFFFFFFFFFFFFFFFFFF00008B
:10B3D000000000000000000000000000000000006D
:10B3E000000000000000000000000000000000005D
:10B3F000000000000000000000000000000000004D
:10B40000000000000000000000000000000000003C
:10B41000000000000000000000000000000000002C
:10B42000000000000000000000000000000000001C
:10B430000000FFFFFFFFFFFFFFFFFFFFFFFFFFFF1A
:10B44000FFFFFFFFFFFFFFFFFFFFFFFFFFFFFFFF0C
:10B45000FFFFFFFFFFFFFFFFFFFFFFFFFFFFFFFFFC
:10B46000FFFFFFFFFFFFFFFFFFFFFFFFFFFFFFFFEC
:10B47000FFFFFFFFFFFFFFFFFFFFFFFFFFFFFFFFDC
:10B48000FFFFFFFFFFFFFFFFFFFFFFFFFFFFFFFFCC
:10B49000FFFFFFFFFFFFFFFFFFFFFFFFFFFFFFFFBC
:10B4A000FFFFFFFFFFFFFFFFFFFFFFFFFFFFFFFFAC
:10B4B000FFFFFFFFFFFFFFFFFFFFFFFFFFFFFFFF9C
:10B4C000FFFFFFFFFFFFFFFFFFFFFFFFFFFFFFFF8C
:10B4D000FFFFFFFFFFFFFFFFFFFFFFFFFFFFFFFF7C
:10B4E000FFFFFFFFFFFFFFFFFFFFFFFFFFFFFFFF6C
:10B4F000FFFFFFFFFFFFFFFFFFFFFFFFFFFFFFFF5C
:10B50000FFFFFFFFFFFFFFFFFFFFFFFFFFFFFFFF4B
:10B51000FFFFFFFFFFFFFFFFFFFFFFFFFFFFFFFF3B
:10B52000FFFFFFFFFFFFFFFFFFFFFFFFFFFFFFFF2B
:10B53000FFFFFFFFFFFFFFFFFFFFFFFFFFFFFFFF1B
:10B54000FFFFFFFFFFFFFFFFFFFFFFFFFFFFFFFF0B
:10B55000FFFFFFFFFFFFFFFFFFFFFFFFFFFF0000F9
:10B56000000000000000002F00000000070007009E
:10B5700000147F147F1400242A7F2A1200626408BA
:10B580001323003649552250000005030000000037
:10B590001C224100000041221C000014083E081437
:10B5A0000008083E0808000000A060000008080825
:10B5B0000808000060600000002010080402003E3F
:10B5C0005149453E0000427F4000004261514946DA
:10B5D000002141454B31001814127F1000274545CA
:10B5E0004539003C4A4949300001710905030036DC
:10B5F0004949493600064949291E000036360000EF
:10B6000000005636000000081422410000141414F3
:10B6100014140000412214080002015109060032EE
:10B620004959513E007C1211127C007F494949362C
:10B63000003E41414122007F4141221C007F494997
:10B640004941007F09090901003E4149497A007FCB
:10B650000808087F0000417F4100002040413F0171
:10B66000007F08142241007F40404040007F020CD0
:10B67000027F007F0408107F003E4141413E007F71
:10B6800009090906003E4151215E007F091929463A
:10B690000046494949310001017F0101003F404016
:10B6A000403F001F2040201F003F4038403F0063C4
:10B6B00014081463000708700807006151494543E6
:10B6C00000007F41410000552A552A5500004141A4
:10B6D0007F0000040201020400404040404000009E
:10B6E00001020400002054545478007F4844443838
:10B6F00000384444442000384444487F00385454BF
:10B70000541800087E0901020018A4A4A47C007F3C
:10B71000080404780000447D4000004080847D00DF
:10B72000007F102844000000417F4000007C041886
:10B730000478007C0804047800384444443800FC51
:10B74000242424180018242418FC007C080404086D
:10B7500000485454542000043F444020003C4040E2
:10B76000207C001C2040201C003C4030403C004419
:10B7700028102844001CA0A0A07C004464544C4421
:10B780001414141414140000000000000000000041
:10B7900000000000FC000000000002000000000C9F
:10B7A000020C020000000000000090D0BCD0BC9051
:10B7B0000003000300001824FE448C00030207026B
:10B7C00001001824D8B04C80000300010201C038E9
:10B7D000E438E00001020201020208060000000055
:10B7E000000000000000000000F80402000000015A
:10B7F0000204000204F8000000040201000090604E
:10B80000F86090000000010000002020FC202000D3
:10B810000000010000000000000000000806000019
:10B820000000202020202000000000000000000078
:10B83000000000000002000000000080601C020008
:10B84000040300000000F8040404F80001020202EE
:10B8500001000008FC000000000203020000188440
:10B860004424180003020202020008042424D80021
:10B8700001020202010040B088FC800000000003C9
:10B8800002003C242424C400010202020100F82426
:10B89000242CC0000102020201000C04E41C04007C
:10B8A000000003000000D8242424D8000102020272
:10B8B000010038444444F800000302020100000083
:10B8C0001000000000000200000000002000000046
:10B8D0000000060000000020508804020000000064
:10B8E0000102909090909000000000000000000283
:10B8F000048850200002010000001804C42418002D
:10B90000000002000000F804E494F80001020202C2
:10B91000020000E09CF0800002030000030204FC2F
:10B920002424D800020302020100F80404040C00DD
:10B9300001020202010004FC0404F80002030202F6
:10B94000010004FC24740C0002030202030004FC46
:10B9500024740C00020302000000F0080444CC40F0
:10B9600000010202010004FC2020FC04020300008C
:10B9700003020404FC0404000202030202000004A7
:10B9800004FC040406040403000004FC24D00C049A
:10B9900002030200030204FC04000000020302028E
:10B9A0000203FC3CC03CFC0003000300030004FC59
:10B9B00030C4FC04020302000300F8040404F8008D
:10B9C00001020202010004FC242418000203020008
:10B9D0000000F8848404F80001020207050004FC5A
:10B9E00024649800020302000302182424448C00FB
:10B9F0000302020201000C04FC040C00000203021A
:10BA0000000004FC0000FC04000102020100047CB0
:10BA100080E01C040000030000001CE03CE01C006F
:10BA2000000300030000049C609C04000203000368
:10BA30000200041CE01C04000002030200000C844D
:10BA4000641C04000203020203000000FE02020064
:10BA5000000007040400000E30C0000000000001D8
:10BA60000200000202FE00000004040700000004BF
:10BA700002040000000000000000000000000000C0
:10BA80000808080808080000020000000000000084
:10BA900000000040A0A0C00000010202030204FC5C
:10BAA0002020C00000030202010000C0202060002E
:10BAB00000010202020000C02024FC00000102027A
:10BAC000030200C0A0A0C00000010202020000208A
:10BAD000F82424040002030202000040A0A0602019
:10BAE00000070A0A0A0404FC2020C0000203020026
:10BAF00003020020E4000000000203020000000036
:10BB000020E4000008080807000004FC80E0202072
:10BB10000203020003020404FC000000020203020C
:10BB20000200E020E020C00003000300030020E04A
:10BB30002020C00002030200030200C02020C00039
:10BB400000010202010020E02020C000080F0A02CC
:10BB5000010000C02020E0000001020A0F0820E0E0
:10BB6000402020000203020000000060A0A020008E
:10BB70000002020203000020F82000000000010281
:10BB8000020020E00020E00000010202030220E0A9
:10BB9000208060200000030100006080E0806000E1
:10BBA0000003000300002060806020000203000307
:10BBB000020020E02080602008080701000000202B
:10BBC000A0602000000203020200000020DE02004C
:10BBD000000000070400000000FF00000000000F4C
:10BBE00000000002DE200000000407000000020147
:10BBF0000204040200000000000000000000000039
:10BC000000000000000000000000000000F800003C
:10BC10000000000000330000000000100C02100CB7
:10BC2000020000000000000000000040C07840C09A
:10BC3000780000043F04043F040000708888FC087A
:10BC4000300000182020FF211E00F008F08060184E
:10BC5000000000310C031E211E0000F00888700057
:10BC600000001E21232C1927211000120E000000B5
:10BC700000000000000000000000000000E01804C8
:10BC80000200000000071820400000020418E00035
:10BC900000000040201807000000404080F0804075
:10BCA00040000202010F0102020000000000E0005B
:10BCB0000000000101010F0101010000000000006F
:10BCC0000000009070000000000000000000000074
:10BCD000000000010101010101000000000000005E
:10BCE0000000003030000000000000000000C038FC
:10BCF0000400006018070000000000E010080810B1
:10BD0000E000000F102020100F0000001010F800BD
:10BD10000000000020203F202000007008080808D4
:10BD2000F000003028242221300000300808088864
:10BD300070000018202121221C000000804030F8F3
:10BD4000000000060524243F242400F88888880881
:10BD500008000019202020110E0000E010888890B3
:10BD60000000000F112020201F000018080888681C
:10BD700018000000003E01000000007088080888DC
:10BD80007000001C222121221C0000F0080808106D
:10BD9000E0000001122222110F00000000C0C000CC
:10BDA00000000000003030000000000000800000B3
:10BDB0000000000000E000000000000080402010B3
:10BDC00008000001020408102000004040404040EC
:10BDD000400000020202020202000008102040801F
:10BDE00000000020100804020100007048080888C4
:10BDF00070000000003037000000C030C828E81094
:10BE0000E000071827282F2817000000C038E0009E
:10BE10000000203C23020227382008F88888887018
:10BE20000000203F202020110E00C0300808080824
:10BE30003800071820202010080008F8080808100B
:10BE4000E000203F202020100F0008F88888E80834
:10BE50001000203F20202320180008F88888E808D8
:10BE60001000203F200003000000C0300808083800
:10BE7000000007182020221E020008F80800000811
:10BE8000F808203F210101213F20000808F8080898
:10BE900000000020203F2020000000000808F808D3
:10BEA0000800C08080807F00000008F888C0281843
:10BEB0000800203F20012638200008F80800000074
:10BEC0000000203F20202020300008F8F800F8F87B
:10BED0000800203F013E013F200008F830C0000864
:10BEE000F808203F200007183F00E010080808105D
:10BEF000E0000F10202020100F0008F808080808A4
:10BF0000F000203F210101010000E01008080810A6
:10BF1000E0000F10282830504F0008F888888888E3
:10BF20007000203F2000030C3020007088080808B3
:10BF300038000038202121221C00180808F80808C1
:10BF400018000000203F2000000008F8080000084A
:10BF5000F808001F202020201F000878880000C853
:10BF60003808000007380E01000008F800F800F853
:10BF7000080000033E013E03000008186880806846
:10BF8000180820302C03032C30200838C800C8388B
:10BF900008000000203F2000000010080808C838F2
:10BFA00008002038262120201800000000FE020290
:10BFB00002000000007F40404000000438C0000044
:10BFC0000000000000010638C00000020202FE006E
:10BFD0000000004040407F00000000000402020416
:10BFE0000000000000000000000000000000000051
:10BFF0000000808080808080808000020204000039
:10C0000000000000000000000000000080808000B0
:10C01000000000192424123F200010F0008080004E
:10C020000000003F112020110E00000000808080E1
:10C030000000000E11202020110000008080809060
:10C04000F000001F202020103F2000008080808012
:10C050000000001F242424241700008080E090901A
:10C0600020000020203F20200000000080808080F1
:10C070008000006B94949493600010F000808080A6
:10C080000000203F210000203F2000809898000001
:10C0900000000020203F2020000000000080989831
:10C0A000000000C08080807F000010F000008080D1
:10C0B0008000203F240629302000001010F80000E6
:10C0C00000000020203F20200000808080808080B1
:10C0D0008000203F20003F20003F80800080808043
:10C0E0000000203F210000203F2000008080808051
:10C0F0000000001F202020201F0080800080800082
:10C10000000080FF912020110E00000000808000C0
:10C110008000000E11202091FF80808080008080B0
:10C12000800020203F2120000100000080808080CE
:10C1300080000033242424241900008080E08080C3
:10C1400000000000001F2020100080800000008000
:10C150008000001F202020103F20808080008080F1
:10C16000800000030C300C03000080800080800001
:10C170008080010E300C073806010080808000802E
:10C1800080000020310E2E31200080808000008051
:10C190008080008186781806010000808080808081
:10C1A00080000021302C222130000000000000FC23
:10C1B000020200000000013E404000000000FF00BD
:10C1C000000000000000FF0000000202FC00000070
:10C1D000000040403E010000000000020102020495
:10C1E000020000000000000000000000000000004D
:10C1F000000000000000000000000000000000003F
:10C20000000000000000000000000000000000002E
:10C21000000000F0F0F0000000000000000000014D
:10C220007F010000000000000000001C1C1C00003A
:10C23000000000008060301C8C60301C0C0000008E
:10C2400000000000000000000000000000000000EE
:10C25000000000000000000000E00000000000E01E
:10C2600000000086E69F86868686E69F860000019F
:10C270001F01010101011F010100000080C06020B9
:10C28000F820E0C00000000003070C18FF70E181F7
:10C2900000000000070F10107F100F0700008060E3
:10C2A000206080000000E02000000F3020309F70F0
:10C2B000DC371030C0000000100E03000718101803
:10C2C00007000000C02020E0C0000000000080E067
:10C2D0001F38E88703C43C040000070F1810100B38
:10C2E000070D1010080000808C4C38000000000082
:10C2F000000000000000000000000000000000003E
:10C30000000000000000000000000000000000002D
:10C3100080E0300804000000000000FEFF01000083
:10C320000000000000000000030F1820400000047F
:10C330000830E0800000000000000000000001FF65
:10C34000FE0000000000004020180F030000000065
:10C350000000000000000000C000000000000042DB
:10C3600066663C18FF183C6666420000000000004C
:10C37000030000000000000000000000800000003A
:10C380000000001010101010FF101010101000000E
:10C39000000000000300000000000000000000009A
:10C3A000000000000000000000000000000000008D
:10C3B000000000808C4C38000000000000000000ED
:10C3C000000000000000000000000010101010101D
:10C3D000101010101000000000000000000000000D
:10C3E000000000000000000000000000000000004D
:10C3F0000000000000000000000000001C1C1C00E9
:10C400000000000000000000000000000000E03814
:10C410000C000000000080701C03000000000060A1
:10C42000380E0100000000000000000080C0602005
:10C430002060C080000000FEFF010000000001FF3E
:10C44000FE000001070E181010180E070100000072
:10C45000808080C0E000000000000000000000FFBD
:10C46000FF000000000000001010101F1F1010102F
:10C4700000000080402020202060C08000000003D9
:10C480000300804020381F070000001C1A191818EC
:10C490001818181F00000080C020202060C08000F5
:10C4A0000000000303001010182FE78000000007B1
:10C4B0000F10101010180F070000000000000000FF
:10C4C000C0E0F000000000C0B088868180FFFF80DF
:10C4D0008000000000000010101F1F10100000005E
:10C4E000E060606060606060000000003F1008086D
:10C4F0000818F0E0000000070B101010101C0F03CC
:10C500000000000080C040202020E0C0000000FCAF
:10C51000FF211008080818F0E0000001070C1810AF
:10C520001010080F03000000C0E06060606060E071
:10C530006000000003000000E01807000000000099
:10C540000000001F1F00000000000080C0602020CD
:10C55000202060C080000087EF2C1818303068CF92
:10C56000830000070F0810101010180F07000000BC
:10C57000C0C020202020C0800000001F3F6040403D
:10C58000402010FFFE0000000C1C101010080F03CC
:10C59000000000000000000000000000000000009B
:10C5A0000000000E0E0E0000000000000000001C45
:10C5B0001C1C000000000000000000000000000043
:10C5C000000000000000000C0C0000000000000053
:10C5D00000000058380000000000000000000000CB
:10C5E000008040201000000010284482010000005C
:10C5F000000000000000000001020408100000001C
:10C600000000000000000000000000848484848496
:10C610008484848484000000000000000000000086
:10C62000000000001020408000000000000000001A
:10C6300000000000018244281000000010080402DD
:10C6400001000000000000C020201010101030E099
:10C65000C0000003030000F010080C0703000000F6
:10C6600000001C1C1C0000000000000000C0406016
:10C6700020202040C00000FCFF01F00E03C1FE039B
:10C68000807F0001070E081111101109040200003B
:10C69000000080E0E000000000000000807C4340DB
:10C6A000477FF880000010181F1000000000131FC3
:10C6B0001C1020E0E02020202060C080000000FF4F
:10C6C000FF10101010182FE78000101F1F101010FF
:10C6D0001010180F0700000080C0402020202060AC
:10C6E000E00000FCFF01000000000000010000016C
:10C6F000070E181010100804030020E0E02020208E
:10C700002040C080000000FFFF000000000001FF8B
:10C71000FE00101F1F10101018080E07010020E067
:10C72000E020202020202060800000FFFF1010105B
:10C73000107C00000000101F1F10101010101018A7
:10C74000060020E0E020202020206060800000FF24
:10C75000FF101010107C00000100101F1F100000BF
:10C76000000000000000000080C06020202040E0A9
:10C77000000000FCFF0100004040C0C1404000013B
:10C78000070E181010100F0F000020E0E02000002E
:10C79000000020E0E02000FFFF101010101010FF3C
:10C7A000FF00101F1F1000000000101F1F100000CE
:10C7B000202020E0E020202000000000000000FFFA
:10C7C000FF000000000000001010101F1F101010CC
:10C7D000000000000000202020E0E02020200000D9
:10C7E0000000000000FFFF0000000060E08080808B
:10C7F000C07F3F00000020E0E020000020A060207B
:10C80000200000FFFF30187CE3C000000000101F74
:10C810001F10000001131F1C181020E0E020000072
:10C8200000000000000000FFFF000000000000000A
:10C830000000101F1F10101010101018060020E02C
:10C84000E0E000000000E0E0E02000FF013FFEC06B
:10C85000E01E01FFFF00101F1000031F0300101F48
:10C860001F1020E0E0C0000000000020E02000FFDA
:10C870000003071C78E08000FF00101F100000007C
:10C880000000030F1F00000080C060202060C080F7
:10C89000000000FEFF010000000000FFFE0000019C
:10C8A000070E181010180C07010020E0E0202020CF
:10C8B000202060C0800000FFFF2020202020301FAB
:10C8C0000F00101F1F1000000000000000000000FB
:10C8D00080C060202060C080000000FEFF010000DA
:10C8E000000000FFFE000001070E1111133C7C67E1
:10C8F000210020E0E0202020202060C0800000FFF8
:10C90000FF101030F0D0080F0700101F1F1000009C
:10C9100000030F1C10100080C06020202020404029
:10C92000E00000070F0C1818303060E08100001F95
:10C930000C0810101010180F07008060202020E055
:10C94000E020202060800100000000FFFF000000C8
:10C95000000100000000101F1F100000000020E078
:10C96000E020000000000020E02000FFFF000000A9
:10C9700000000000FF0000070F1810101010100832
:10C9800007002060E0E02000000020E060200000C0
:10C99000077FF88000807C03000000000000071F74
:10C9A0001C070000000020E0E02000E0E020002064
:10C9B000E0200007FFF8E01FFFFCE01F0000000080
:10C9C000031F0300011F03000000002060E0A0001F
:10C9D0000020E0602000000000038F7CF8C601000A
:10C9E00000000010181E130001171F18100020600F
:10C9F000E0E02000000020E06020000001073EF899
:10CA0000E0180700000000000010101F1F101000A9
:10CA1000000000806020202020A0E0E02000000036
:10CA20000000C0F03E0F0300000000101C1F171094
:10CA30001010101806000000000000FC040404049C
:10CA400004000000000000FF0000000000000000E3
:10CA50000000007F404040404000000010E0000027
:10CA600000000000000000000000031C60800000C7
:10CA7000000000000000000000030C7080000000B7
:10CA80000404040404FC0000000000000000000096
:10CA900000FF00000000000040404040407F0000D8
:10CAA000000000000010080C040C0810000000003A
:10CAB0000000000000000000000000000000000076
:10CAC0000000000000000000000000000000000066
:10CAD0000000000000000000000000000000808056
:10CAE0008080808080808080808000000004040836
:10CAF000080000000000000000000000000000002E
:10CB00000000000000000000000000000000000025
:10CB100000000000000000000000000098D84464FD
:10CB20002424FCF80000000F1F18101010081F1F0D
:10CB300010180020E0F000000000000000000000DD
:10CB4000FFFF180804040CF8F00000001F0F181075
:10CB50001010180F0300000000000000000000008B
:10CB6000000000E0F8180404043C38000000000352
:10CB70000F0C10101010080600000000000000004C
:10CB80000020E0F0000000E0F81C04040408FFFFAF
:10CB9000000000030F18101010081F0F08000000FD
:10CBA000000000000000000000000000E0F8484421
:10CBB00044444C7870000000030F0C18101010084B
:10CBC00004000000000080C0602020E0C0000004DD
:10CBD0000404FFFF040404040000000010101F1FE1
:10CBE0001010100000000000000000000000000015
:10CBF0000000000070F88C04048CF874040C0070C1
:10CC000076CF8D8D8D89C87870000020E0F000000F
:10CC10000000000000000000FFFF08040404FCF80E
:10CC2000000000101F1F100000101F1F1000000048
:10CC3000000000606000000000000000040404FC2C
:10CC4000FC000000000000001010101F1F1010104A
:10CC50000000000000000000006060000000000014
:10CC60000000040404FCFC0000000000C0C0808040
:10CC7000C07F3F0000000020E0F000000000000046
:10CC800000000000FFFF80C0F41C0404000000103E
:10CC90001F1F1100031F1C1010000000202020E0A7
:10CCA000F000000000000000000000FFFF00000096
:10CCB000000000001010101F1F10101000000000D6
:10CCC0000000000000000000000004FCFC0804FC60
:10CCD000FC0804FCFC00101F1F10001F1F10001F89
:10CCE0001F10000000000000000000000000000411
:10CCF000FCFC08080404FCF8000000101F1F1000D2
:10CD000000101F1F100000000000000000000000C5
:10CD1000000000E0F0180C04040C18F0E000000320
:10CD20000F0C101010100C0F03000000000000008A
:10CD30000000000000000004FCFC080404040CF8DF
:10CD4000F0000080FFFF889010101C0F030000000F
:10CD50000000000000000000000000E0F81C0404D7
:10CD60000408F8FC000000030F1810109088FFFF63
:10CD7000800000000000000000000000000004042B
:10CD800004FCFC100804040C0C001010101F1F10F1
:10CD90001010000000000000000000000000000073
:10CDA000000000003078CCC48484840C1C00000097
:10CDB0001E1810101011190F06000000000000C00E
:10CDC00000000000000000040404FFFF040404004D
:10CDD0000000000000000F1F1010100C00000000E9
:10CDE000000000000000000000000004FCFE000045
:10CDF0000004FCFE000000000F1F181010081F0F99
:10CE00000800000000000000000000000000000416
:10CE10000C3CFCC40000C43C0C0400000000010FEA
:10CE20001E0E0100000000000000000000000000D5
:10CE30000000043CFCC400E47CFC84807C04000012
:10CE4000071F070000071F07000000000000000088
:10CE50000000000000000004041C7CE4C0341C043A
:10CE600004000010101C1601131F1C1810000000F5
:10CE70000000000000000000000000040C3CFCC4A6
:10CE800000C43C0404000000C080C1370E01000053
:10CE90000000000000000000000000000000000092
:10CEA0001C0404C4F47C1C0400000000101C1F17A8
:10CEB000111010180E0000000000000000F80C0413
:10CEC000000000000000001028EF0000000000003B
:10CED00000000000003F6040000000000000000073
:10CEE000FF0000000000000000000000FF00000044
:10CEF0000000000000000000FF0000000000000033
:10CF0000040CF80000000000000000000000EF2802
:10CF1000100000000000000040603F000000000022
:10CF2000000000180602020408102020300800004B
:10CF300000000000000000000000000000000000F1
:10CF400000000000000000000000000000000000E1
:10CF500000000000000000000000000000000000D1
:10CF600000000000000000000000000000000000C1
:10CF700000000000000000000000000000000000B1
:10CF800000000000000000000000000000000000A1
:10CF90000000000000000000000000000000000091
:10CFA0000000000000000000000000000000000081
:10CFB0000000000000000000000000000000000071
:10CFC0000000000000000000000000000000000061
:10CFD0000000000000000000000000000000000051
:10CFE0000000000000000000000000000000000041
:10CFF000C0E0F0F0F80000000000000000000000B9
:10D000000000000000000000FFFFFFFFFF00000025
:10D010000000000000000000000000000000000010
:10D020000F1F1F3F3F000000000000000000000035
:10D0300000000000000000007E7E7E7E7E0000007A
:10D0400000000000000000000000000000000000E0
:10D0500000000000000000000000000000000000D0
:10D0600000000000000000000000000000000000C0
:10D0700000000000000000000000000000000000B0
:10D0800000F8F8F8000080F8F878000000000000D0
:10D090000000000000000000080F0F0700000F0F45
:10D0A0000F00000000000000000000000000000071
:10D0B0000000000000000000000000000000000070
:10D0C0000000000000000000000000000000000060
:10D0D0000000000000000000000000000000000050
:10D0E0000000000000000000000000000000000040
:10D0F0000000000000000000000000000000000030
:10D10000000000000000000000000000000000001F
:10D110000000000000000000000080F8780000001F
:10D12000000000C0F83800000000203030303030FF
:10D13000F0FC3F333030303030F0FE3F3330000011
:10D14000303030303030F0FE3F3130303030B0F001
:10D15000FF3F31303030000000000000707F0F00D2
:10D160000000000040787F07000000000000000081
:10D1700000000000000000000000000000000000AF
:10D18000000000000000000000000000000000009F
:10D19000000080808000000000000000000000000F
:10D1A00080C0E0C09038383838373F3F3F3F38388C
:10D1B0003838380800000000FFFFFF7F7F80808044
:10D1C000808080808080808080800000000000005F
:10D1D0000000020303030303030303030303030326
:10D1E0000303FBFBFCFC0000004060607078787873
:10D1F00078B8B8D8B8B87878787837070F070000CB
:10D2000000000000000000000003070F07070000F7
:10D21000000000000000000000000000000000000E
:10D22000000000000000000000000000000000807E
:10D23000C0E0E0D03838383838383838383838D066
:10D24000E0E0C0800000003F3F7F7FBFC0C0C0C0A3
:10D25000C0C0C0C0C0C0C0BF7F7F3F3F0000000053
:10D26000000000000101010101010101010101C0F3
:10D27000E0F0F8F87838000000000000000000003E
:10D28000006070787C7E3F1F0F07010000000000E7
:10D29000000000000000000000000000000000008E
:10D2A000000000000000000000000000000000007E
:10D2B000000000000000000000000000000000006E
:10D2C000C0E0E0F0F838383838383838383838388E
:10D2D0003810100000000000FF7F7F7F3F0000003B
:10D2E00000000080808080808080787CFE7C000050
:10D2F000FCFCFCFCF8000000000101030303030335
:10D300000303FDFCFEFD000007070F277770707018
:10D310007070707070707070702027070F070000B9
:10D3200000000000000000000000000000000000FD
:10D3300000000000000000000000000000000000ED
:10D3400000000000000000000000000000000000DD
:10D3500000F8F8F8000000000000000000000000E5
:10D3600000000000000000000E0F0F010000000090
:10D3700000000000000000000000000000000000AD
:10D38000000000000000000000000000000000009D
:10D39000000000000000000000000000000000008D
:10D3A000000000000000000000000000000000007D
:10D3B000000000000000000000000000000000006D
:10D3C000000000000000000000000000000000005D
:10D3D000000000000000000000000000000000004D
:10D3E00080C0E0D0B83838381818080000000000B5
:10D3F0000000000000000000FFFFFF7F7F00000032
:10D40000000000000000000000000000000000001C
:10D41000FFFCFCFCF8000000000000000000000021
:10D42000000000000000000007070F2777707070F1
:10D4300060604000000000000000000000000000EC
:10D4400000000000000000000000000000000000DC
:10D4500000000000000000000000000000000000CC
:10D4600000000000000000000000000000000000BC
:10D4700008183838383890D0E0C08000000000002C
:10D4800000000000000000000000000000007F7F9E
:10D49000FFFFFF000000000000000000000000008F
:10D4A000000000000000F8F8FCFCFF000000000095
:10D4B00000000000000000004060707070702727BE
:10D4C0000F0707000000000000000000000000003F
:10D4D000000000000000000000000000000000004C
:10D4E000000000000000000000000000000000003C
:10D4F000000000000000000000000000000000002C
:10D50000000000000000FCFEFEFEFC000000000029
:10D51000000000000000003078787C3C3C3E1E1C7F
:10D52000010C1E1E3E3C7C7878300000000000009C
:10D5300000000000000000000000000000000000EB
:10D5400000000000000000000000000000000000DB
:10D5500000000000000000000000000000000000CB
:10D5600000000000000000000000000000000000BB
:10D5700000000000000000000000000000000000AB
:10D58000000000000000000000000000000000009B
:10D59000000000000000000000000000000000008B
:10D5A00000000000000000000080808080808080FB
:10D5B000007C7CFE7E7E8080808080808080000079
:10D5C000020303030303030301F9FCFEFDF9030354
:10D5D000030303030301000000000000000000003B
:10D5E0000001010000000000000000000000000039
:10D5F000000000000000000000000000000000002B
:10D60000000000000000000000000000000000001A
:10D61000000000000000000000000000000000000A
:10D6200000000000000000000000000000000000FA
:10D6300000000000000000000000000000000000EA
:10D6400000000000000000000000000000000000DA
:10D6500000000000000000000000000000000000CA
:10D66000000000000000C0F8FCFCFC3C04000000CE
:10D6700000000000000000000000000000000303A4
:10D680000303010000000000000000000000000093
:10D69000000000000000000000000000000000008A
:10D6A000000000000000000000000000000000007A
:10D6B000000000000000000000000000000000006A
:10D6C000000000000000000000000000000000005A
:10D6D000000000000000000000000000000000004A
:10D6E0002030383838383838383838383818080062
:10D6F000000000000000000000000000000000002A
:10D700000000000000000000000000000000000019
:10D710000000000000000000000000000000000009
:10D7200000000000000000000000000000000000F9
:10D7300000000000000000000000000000000000E9
:10D7400000000000000000000000000000000000D9
:10D7500000000000000000000000000000000000C9
:10D7600000000000000000000000000000000000B9
:10D7700000000000000000000000000000000000A9
:10D78000000000000000007C7C7C7C7C000000002D
:10D790000000000000000000000000000000000089
:10D7A0000000000000000000000000000000000079
:10D7B0000000000000000000000000000000000069
:10D7C0000000000000000000000000000000000059
:10D7D0000000000000000000000000000000000049
:10D7E000000080C0E0F00000000000000000000029
:10D7F000000000000060F0F8FCFF7F1F0F07000032
:10D800000000000000C0E0F0F8FCFC7C3C1C0C01B7
:10D81000010000000000006070787C7E7F3F1F0FD9
:10D8200007010000000000000000000000000000F0
:10D8300000000000000000000000000000000000E8
:10D8400000000000000000000000000000000000D8
:10D8500000000000000000000000000000000000C8
:10D8600080C0E0D0B83838383838383838383838A8
:10D8700038D0F0E0E0C00000FFFFFF7F7F00000035
:10D880000000000000000000003F7F7F7FFF0000DD
:10D89000FFFCFCFCF800000000000000000000009D
:10D8A00000F8FCFCFCFC0000070F0F2F7770707075
:10D8B00070707070707070707027270F070700000D
:10D8C0000000000000000000000000000000000058
:10D8D0000000000000000000000000000000000048
:10D8E0000000000000000000000000000000000038
:10D8F000000000000000000000C0E0F0F0F80000B0
:10D900000000000000000000000000000000000017
:10D91000007F7FFFFFFF000000000000000000000C
:10D92000000000000000000000F8F8FCFCFF000010
:10D9300000000000000000000000000000000000E7
:10D94000000F1F3F3F7F00000000000000000000AC
:10D9500000000000000000000000000000000000C7
:10D9600000000000000000000000000000000000B7
:10D9700000000000000000000000000000000000A7
:10D980000020203038383838383838383838383887
:10D990003890D0E0C08000000000000080808080CF
:10D9A0008080808080808080807F7FFFFFFF0000FC
:10D9B000FCFCFDFBFB03030303030303030303035B
:10D9C000030303020000000007072F277770707021
:10D9D00070707070707070707070606040000000E7
:10D9E0000000000000000000000000000000000037
:10D9F0000000000000000000000000000000000027
:10DA00000000000000000000000000000000000016
:10DA1000081838383838383838383838383838907E
:10DA2000D0E0C08000000000000080808080808006
:10DA3000808080808080807F7FFFFFFF000000016A
:10DA4000010103030303030303030303030303FBB2
:10DA5000FBFCFCFF00000000406070707070707094
:10DA60007070707070707027270F0707000000003B
:10DA700000000000000000000000000000000000A6
:10DA80000000000000000000000000000000000096
:10DA90000000000000000000000000000000000086
:10DAA000F8F0E0E0C000000000000000000000000E
:10DAB00000C0E0F0F0F80000FFFFFF7F7F80808073
:10DAC0008080808080808080807F7FFFFFFF0000DB
:10DAD000000002030303030303030303030303031D
:10DAE00003FBFBFCFCFF0000000000000000000046
:10DAF0000000000000000000000F1F3F3F7F0000FB
:10DB00000000000000000000000000000000000015
:10DB10000000000000000000000000000000000005
:10DB200000000000000000000000000000000000F5
:10DB300080C0E0D0B83838383838383838383838D5
:10DB40003818180808000000FFFFFF7F7F808080E2
:10DB500080808080808080808080000000000000C5
:10DB6000000002030303030303030303030303038C
:10DB700003FBFBFDFCFC00000040607070707070E7
:10DB800070707070707070707027270F070700003A
:10DB90000000000000000000000000000000000085
:10DBA0000000000000000000000000000000000075
:10DBB0000000000000000000000000000000000065
:10DBC00080C0E0D0B8383838383838383838383845
:10DBD0003818180808000000FFFFFF7F7F80808052
:10DBE0008080808080808080808000000000000035
:10DBF000FFFCFCFBFB030303030303030303030317
:10DC000003FBFBFDFCFC0000070F1F2F77707070FB
:10DC100070707070707070707027270F07070000A9
:10DC200000000000000000000000000000000000F4
:10DC300000000000000000000000000000000000E4
:10DC400000000000000000000000000000000008CC
:10DC50001818383838383838383838383838389824
:10DC6000D8E8F0F000000000000000000000000014
:10DC7000000000000000007F7FFFFFFF00000000A9
:10DC8000000000000000000000000000000000F89C
:10DC9000F8FCFCFF00000000000000000000000095
:10DCA000000000000000000F1F3F3F7F0000000049
:10DCB0000000000000000000000000000000000064
:10DCC0000000000000000000000000000000000054
:10DCD0000000000000000000000000000000000044
:10DCE00080C0E0D0B8383838383838383838383824
:10DCF0003890D0E0C0800000FFFFFF7F7F808080F1
:10DD00008080808080808080807F7F7FFFFF000018
:10DD1000FFFCFCFDFB0303030303030303030303F3
:10DD200003FBFBFDFCFC0000070F1F2F77707070DA
:10DD300070707070707070707027270F0707000088
:10DD400000000000000000000000000000000000D3
:10DD500000000000000000000000000000000000C3
:10DD600000000000000000000000000000000000B3
:10DD700080C0E0D0B8383838383838383838383893
:10DD80003890D0E0C0800000FFFFFF7F7F008080E0
:10DD90008080808080808080007F7FFFFFFF000088
:10DDA000000002030303030303030303030303034A
:10DDB00003FBFBFCFCFF0000000040607070707013
:10DDC00070707070707070707027270F07070000F8
:10DDD0000000000000000000000000000000000043
:10DDE0000000000000000000000000000000000033
:10DDF0000000000000000000000000000000000023
:10DE00000000000000000000000000000000000012
:10DE100000000000000000E0E0E0E0E000000000A2
:10DE200000000000000000000000000000000007EB
:10DE300007070707000000000000000000000000C6
:10DE4000000000000000007E7E7E7E7E000000005C
:10DE500000000000000000000000000000000000C2
:10DE600000000000000000000000000000000000B2
:10DE700000000000000000000000000000000000A2
:10DE80000000000000000000000000000000000092
:10DE90000000000000000000000000000000000082
:10DEA00000000000000000E0E0E0E0E00000000012
:10DEB000000000000000000000000000000000075B
:10DEC0000707070700000000000000000000000036
:10DED000000000000000F0FEFEFEFE1E020000003A
:10DEE000000000000000000000000000000003032C
:10DEF000030301000000000000000000000000001B
:10DF00000000000000000000000000000000000011
:10DF10000000000000000000000000000000000001
:10DF200000000000000000000000000000000000F1
:10DF300000000000008000000000008080C0C0C021
:10DF4000E0E0F07078383C1C1C0E0E0F0707000054
:10DF50000003030307070F0D0C18183830306060FA
:10DF6000C0C0C08080000000000000000000000071
:10DF7000000000000000000000000101010300009B
:10DF80000000000000000000000000000000000091
:10DF90000000000000000000000000000000000081
:10DFA0000000000000000000000000000000000071
:10DFB0000000000000000000000000000000000061
:10DFC00000000000000000000080E0E0E0E0E0E091
:10DFD000E0E0E0E0E0E0E0E0E0E0E0E0E060000081
:10DFE00000101C1C1C1C1C1C1C1C1C1C1C1C1C1C99
:10DFF0001C1C1C1C1C0C0000000000000000000089
:10E000000000000000000000000000000000000010
:10E010000000000000000000000000000000000000
:10E0200000000000000000000000000000000000F0
:10E0300000000000000000000000000000000000E0
:10E040008000000000000000000000000000000050
:10E0500000000000000000000307070F0E1E1C1C3C
:10E0600038387870F0E0E0C0C080808000000000A8
:10E0700000808080C0C0E0606030303818180C0D1F
:10E080000F07070303030000030301010000000062
:10E090000000000000000000000000000000000080
:10E0A0000000000000000000000000000000000070
:10E0B0000000000000000000000000000000000060
:10E0C0000000000000000000000000000000001040
:10E0D0003838383838383838383838383890D0E028
:10E0E000C0800000000000000000000000008080F0
:10E0F00080808080807F7FFFFFFF000000000000A5
:10E10000000000007F7E7E7D79030303030303028A
:10E110000000000000000000000000007E7E7E7E07
:10E120007E00000000000000000000000000000071
:10E1300000000000000000000000000000000000DF
:10E1400000000000000000000000000000000000CF
:10E1500000000000000000000000000000000000BF
:10E160000000000000000080C0C0E060603030307F
:10E17000189898989898000000C0F0FC3E0F07038C
:10E18000010080E0F87C1E07030100000000000091
:10E19000000F7FFFF0C0800000001F7FFFC08000E5
:10E1A00000000080C0E00000000000000103070F35
:10E1B0000E1C1C3838313373636363616160000087
:10E1C000000000000000000000000000000000004F
:10E1D000000000000000000000000000000000003F
:10E1E000000000000000000000000000000000002F
:10E1F000F0E0E8D89838383838383838383838388F
:10E200003898D8E8F0F00000FFFFFF7F7F80808023
:10E210008080808080808080807F7F7FFFFF000003
:10E22000FFFCFCFDFB0303030303030303030303DE
:10E2300003FBFBFDFCFC00007F3F1F1F0F000000E5
:10E240000000000000000000000F1F3F3F7F0000A3
:10E2500000000000000000000000000000000000BE
:10E2600000000000000000000000000000000000AE
:10E27000000000000000000000000000000000009E
:10E28000F0E0E8D8983838383838383838383838FE
:10E2900038B8D0E0C0800000FFFFFF7F7F80808023
:10E2A0008080808080808080807F7F7FFFFF000073
:10E2B000FFFCFCFDFB03030303030303030303034E
:10E2C00003FBFBFDFCFC00003F5F5F6F677070703D
:10E2D00070707070707070707077270F0707000093
:10E2E000000000000000000000000000000000002E
:10E2F000000000000000000000000000000000001E
:10E30000000000000000000000000000000000000D
:10E3100080C0E0D0B83838383838383838383838ED
:10E320003818180808000000FFFFFF7F7F0000007A
:10E3300000000000000000000000000000000000DD
:10E34000FFFCFCF8F80000000000000000000000E6
:10E35000000000000000000007070F2777707070B2
:10E36000707070707070707070606040400000007D
:10E37000000000000000000000000000000000009D
:10E38000000000000000000000000000000000008D
:10E39000000000000000000000000000000000007D
:10E3A000F0E8E8D8983838383838383838383838D5
:10E3B00038D0F0E0E0C00000FFFFFF7F7F000000EA
:10E3C0000000000000000000003F7F7F7FFF000092
:10E3D000FFFCFCFCF8000000000000000000000052
:10E3E00000F8FCFCFCFC00003F5F5F6F6770707022
:10E3F00070707070707070707077270F0707000072
:10E40000000000000000000000000000000000000C
:10E4100000000000000000000000000000000000FC
:10E4200000000000000000000000000000000000EC
:10E43000F0F0E8C8D838383838383838383838380C
:10E440003838181808000000FFFFFF7F7F808080A9
:10E4500080808080808080808080000000000000BC
:10E46000FFFCFCFBFB03030303030303030303039E
:10E4700003030301010000003F3F5F4F6F707070A6
:10E48000707070707070707070706060400000002C
:10E49000000000000000000000000000000000007C
:10E4A000000000000000000000000000000000006C
:10E4B000000000000000000000000000000000005C
:10E4C000F0F0E8C8D838383838383838383838387C
:10E4D0003838181808000000FFFFFF7F7F80808019
:10E4E000808080808080808080800000000000002C
:10E4F000FFFCFCFBFB03030303030303030303030E
:10E5000003030301010000007F3F3F1F0F000000D5
:10E5100000000000000000000000000000000000FB
:10E5200000000000000000000000000000000000EB
:10E5300000000000000000000000000000000000DB
:10E5400000000000000000000000000000000000CB
:10E5500080C0E0D0B83838383838383838383838AB
:10E560003818180808000000FFFFFF7F7F00000038
:10E57000000000808080808080800000000000001B
:10E58000FFFCFCF8F8000000010101030303030392
:10E5900003FBFBFDFCFC0000070F1F2F7770707062
:10E5A00070707070707070707027270F0707000010
:10E5B000000000000000000000000000000000005B
:10E5C000000000000000000000000000000000004B
:10E5D000000000000000000000000000000000003B
:10E5E000F8F0E0E0C00000000000000000000000C3
:10E5F00000C0E0F0F0F80000FFFFFF7F7F80808028
:10E600008080808080808080807F7F7FFFFF00000F
:10E61000FFFCFCFDFB0303030303030303030303EA
:10E6200003FBFBFDFCFC00007F3F1F1F0F000000F1
:10E630000000000000000000000F1F3F3F7F0000AF
:10E6400000000000000000000000000000000000CA
:10E6500000000000000000000000000000000000BA
:10E6600000000000000000000000000000000000AA
:10E67000C0E0F0F0F8000000000000000000000022
:10E6800000000000000000007F7FFFFFFF0000008F
:10E69000000000000000000000000000000000007A
:10E6A000F8F8FCFCFF000000000000000000000083
:10E6B00000000000000000000F1F3F3F7F0000002F
:10E6C000000000000000000000000000000000004A
:10E6D000000000000000000000000000000000003A
:10E6E000000000000000000000000000000000002A
:10E6F000000000000000000000000000000000001A
:10E700000000000000000000000000000000000009
:10E7100000C0E0F0F0F80000000000000000000081
:10E720000000000000000000003F7F7F7FFF00002E
:10E73000FEFCFCFCF80000000000000000000000EF
:10E7400000F8F8FCFCFC00003F1F5F6F6770707002
:10E75000707070707070707070676F5F5F3F0000F6
:10E7600000000000000000000000000000000000A9
:10E770000000000000000000000000000000000099
:10E780000000000000000000000000000000000089
:10E79000F8F0E0E0C00000000000008080C0E0E091
:10E7A000F0F8F87838380000FFFFFF7F7F80B8BCB2
:10E7B000BCBE9F8F8F878383818000000000000094
:10E7C000FFFCFCFBFB03030303030303030303033B
:10E7D00003FBFBFDFCFC00007F3F1F1F0F00000040
:10E7E0000000000000000000000F1F3F3F7F0000FE
:10E7F0000000000000000000000000000000000019
:10E800000000000000000000000000000000000008
:10E8100000000000000000000000000000000000F8
:10E82000F8F0F0E0C0000000000000000000000070
:10E830000000000000000000FFFFFF7F7F000000DD
:10E8400000000000000000000000000000000000C8
:10E85000FFFCFCF8F80000000000000000000000D1
:10E8600000F8F8FCFCFC00003F1F5F6F67707070E1
:10E87000707070707070707070676F5F5F3F0000D5
:10E880000000000000000000000000000000000088
:10E890000000000000000000000000000000000078
:10E8A0000000000000000000000000000000000068
:10E8B000F0F0E8D8983838383838383838383838B8
:10E8C0003838D8D8E8D80000FFFFFF7F7F0000006D
:10E8D000000000000000000000007FFFFFFF0000BC
:10E8E000FFFCFCFCF800000000000000000000003D
:10E8F0000000F8FCFEFC00007F3F1F1F0F0000001F
:10E90000000000000000000000001F3F7F3F0000EB
:10E9100000000000000000000000000000000000F7
:10E9200000000000000000000000000000000000E7
:10E9300000000000000000000000000000000000D7
:10E94000F0E0E8D898383838383838383838383837
:10E950003898D8E8F0F00000FFFFFF7F7F0000004C
:10E960000000000000000000003F7F7F7FFF0000EC
:10E97000FFFCFCFCF80000000000000000000000AC
:10E9800000F8F8FCFCFC00007F3F1F1F0F00000098
:10E990000000000000000000000F1F3F3F7F00004C
:10E9A0000000000000000000000000000000000067
:10E9B0000000000000000000000000000000000057
:10E9C0000000000000000000000000000000000047
:10E9D00080C0E0D0B8383838383838383838383827
:10E9E00038D0F0E0E0C00000FFFFFF7F7F000000B4
:10E9F0000000000000000000003F7F7F7FFF00005C
:10EA0000FFFCFCFCF800000000000000000000001B
:10EA100000F8FCFCFCFC0000070F0F2F77707070F3
:10EA200070707070707070707027270F070700008B
:10EA300000000000000000000000000000000000D6
:10EA400000000000000000000000000000000000C6
:10EA500000000000000000000000000000000000B6
:10EA6000F0E0E8D898383838383838383838383816
:10EA700038B8D0E0C0800000FFFFFF7F7F8080803B
:10EA80008080808080808080807F7F7FFFFF00008B
:10EA9000FFFCFCFDFB030303030303030303030366
:10EAA00003030301020000007F3F3F1F0F0000002F
:10EAB0000000000000000000000000000000000056
:10EAC0000000000000000000000000000000000046
:10EAD0000000000000000000000000000000000036
:10EAE0000000000000000000000000000000000026
:10EAF00080C0E0D0B8383838383838383838383806
:10EB00003890D0C0C0800000FFFFFF7F7F00000072
:10EB10000000000000000000007FFFFFFFFF00007A
:10EB2000FCF8F8F8F0000000000000000000000011
:10EB300000F8FCFCFCFF00000F1F1F3F7F7070708F
:10EB40007060605010307070F0F7F7EFC7C70000CA
:10EB500000000000000000000000000000000000B5
:10EB60000000010303070000000000000000000097
:10EB70000000000000000000000000000000000095
:10EB8000F0E0E8D8983838383838383838383838F5
:10EB900038B8D0E0C0800000FFFFFF7F7F8080801A
:10EBA0008080808080808080807F7F7FFFFF00006A
:10EBB000FFFCFCFDFB030303030303031B3BFBFB05
:10EBC000FBF3E381020000003F1F0F0F070000006E
:10EBD000000000000000000107070F0F1F1E0000CB
:10EBE0000000000000000000000000000000000025
:10EBF0000000000000000000000000000000000015
:10EC00000000000000000000000000000000000004
:10EC100080C0F0D0B83838383838383838383838D4
:10EC20003818180808000000FFFFFF7F7F808080F1
:10EC300080808080808080808080000000000000D4
:10EC4000000002030303030303030303030303039B
:10EC500003FBFBFDFCFC0000004060607070707006
:10EC600070707070707070707027270F0707000049
:10EC70000000000000000000000000000000000094
:10EC80000000000000000000000000000000000084
:10EC9000000000000000000000000000000000086C
:10ECA00018383838383838D8D8E8D8D838383838D4
:10ECB0003838180800000000000000000000007F45
:10ECC000FFFFFF7F000000000000000000000000C8
:10ECD00000000000000000F8FCFFFCFC0000000049
:10ECE0000000000000000000000000000000003FE5
:10ECF0003F7F3F3F000000000000000000000000D8
:10ED00000000000000000000000000000000000003
:10ED100000000000000000000000000000000000F3
:10ED200000000000000000000000000000000000E3
:10ED3000F8F0E0E0C000000000000000000000006B
:10ED400000C0E0F0F0F80000FFFFFF7F7F00000050
:10ED50000000000000000000003F7F7F7FFF0000F8
:10ED6000FFFCFCFCF80000000000000000000000B8
:10ED700000F8FCFCFCFC0000070F0F2F7770707090
:10ED800070707070707070707027270F0707000028
:10ED90000000000000000000000000000000000073
:10EDA0000000000000000000000000000000000063
:10EDB0000000000000000000000000000000000053
:10EDC000F0F0E0C080000000000000000000000043
:10EDD00000C0E0E0F0F80000FFFFFF7F7F000000D0
:10EDE0000000000000000000007FFFFFFFFF0000A8
:10EDF00003060E3E7EFCFCF8F0E0C080C0E0F8FCAC
:10EE0000FC7C3E0E0603000000000000000001072D
:10EE10000F1F7F013F1F07030100000000000000DB
:10EE200000000000000000000000000000000000E2
:10EE300000000000000000000000000000000000D2
:10EE400000000000000000000000000000000000C2
:10EE5000F8F0E0E0C000000000000000000000004A
:10EE60000000E0F0F8F00000FFFFFF7F7F000000EF
:10EE7000000000000000000000007FFFFFFF000016
:10EE8000FCF8F8F8F00000000000000000000000AE
:10EE90000000FCFCFDFC000007070F2727707070C6
:10EEA0007070707070707070707067674F6700007E
:10EEB0000000000000000000000000000000000052
:10EEC0000000000000000000000000000000000042
:10EED00000000000000000000000000000000038FA
:10EEE00078F8F8F8F0C08000000000000080C0F062
:10EEF000F8F8F878380000000001030F1F3FFFFE0C
:10EF0000FCF838FCFEFF3F1F0F030100000000006B
:10EF10000000C0E0F0FCFEFF7F1F30FFFFFCF8E0C8
:10EF2000C0000000000000787E7F7F3F0F070100D7
:10EF30000000000001070F1F7F7F7E787000000037
:10EF400000000000000000000000000000000000C1
:10EF500000000000000000000000000000000000B1
:10EF600000000000000000000000000000000000A1
:10EF7000F8F0E0E0C0000000000000000000000029
:10EF80000000C0E0F0F00000FFFFFF7F7F80808086
:10EF9000808080808080808080807F7FFFFF000075
:10EFA000000002030303030303FBFBFBFBFB030360
:10EFB0000303030100000000000000000000000047
:10EFC000003F3F7F3F3F00000000000000000000C6
:10EFD0000000000000000000000000000000000031
:10EFE0000000000000000000000000000000000021
:10EFF0000000000000000000000000000000000011
:10F00000080818383838383838383838B8E8F0F858
:10F01000F8F8781800000000000000000000000070
:10F0200000307CFEFF7F1F0F030000000000000087
:10F03000000080C0F0FCFCFC7E1E06030000000007
:10F0400000000000000040707C7E7F7F1F4F7370C7
:10F050007070707070707070604040000000000050
:10F0600000000000000000000000000000000000A0
:10F070000000000000000000000000000000000090
:10F080000000000000000000000000000000000080
:10F09000F0F0E8C8D8383838181808000000000028
:10F0A0000000000000000000FFFFFF7F7F00000065
:10F0B0000000000000000000000000000000000050
:10F0C000FFFCFCF8F8000000000000000000000059
:10F0D00000000000000000003F5F5F6F677070700D
:10F0E0006060400000000000000000000000000020
:10F0F0000000000000000000000000000000000010
:10F1000000000000000000000000000000000000FF
:10F1100000000000000000000000000000000000EF
:10F120000078F8F8C00000000000000000000000B7
:10F1300000000000000000000000077FFFFCC0008E
:10F1400000000000000000000000000000000000BF
:10F1500000000000077FFFFCC0000000000000006E
:10F160000000000000000000000000000000077F19
:10F170007F7C400000000000000000000000000054
:10F18000000000000000000000000000000000007F
:10F19000000000000000000000000000000000006F
:10F1A0000000000000000000000000000000000857
:10F1B000081838383898D8E8E8F000000000000057
:10F1C000000000000000000000000000007F7FFF42
:10F1D000FFFF000000000000000000000000000031
:10F1E0000000000000F8F8FCFCFF00000000000038
:10F1F00000000000000000404060707070676F5FAA
:10F200005F3F000000000000000000000000000060
:10F2100000000000000000000000000000000000EE
:10F2200000000000000000000000000000000000DE
:10F2300000000000000000000000000000000000CE
:10F24000000000000000000000000000800000003E
:10F25000000000000000000000000000000000C0EE
:10F26000E0F87C3E0F1F3EF8F0E080000000000058
:10F270000080E0F07C3E1F0703000000000000005B
:10F2800001030F1F7CF800000101010100000000D4
:10F29000000000000000000000000000000000006E
:10F2A000000000000000000000000000000000005E
:10F2B000000000000000000000000000000000004E
:10F2C000000000000000000000000000000000003E
:10F2D000000000000000000000000000000000002E
:10F2E000000000000000000000000000000000001E
:10F2F000000000000000000000000000000000000E
:10F3000000000000000000000000000000000000FD
:10F3100000000000000000008080808080808080ED
:10F32000808080808080808080808000000000005D
:10F3300000000000000000000000000000000000CD
:10F3400000000000000000000000000000000000BD
:10F3500000000000000000000000000000000000AD
:10F36000000000000000000000000000000000009D
:10F37000000000000000103070F0F0F0E0C08000ED
:10F38000000000000000000000000000000000007D
:10F390000001010101010100000000000000000067
:10F3A000000000000000000000000000000000005D
:10F3B000000000000000000000000000000000004D
:10F3C000000000000000000000000000000000003D
:10F3D000000000000000000000000000000000002D
:10F3E000000000000000000000000000000000001D
:10F3F000F0E0E8D89838383838383838383838387D
:10F400003898D8E8F0F00000FFFFFF7F7F80808011
:10F410008080808080808080807F7F7FFFFF0000F1
:10F42000FFFCFCFDFB0303030303030303030303CC
:10F4300003FBFBFDFCFC00007F3F1F1F0F000000D3
:10F440000000000000000000000F1F3F3F7F000091
:10F4500000000000000000000000000000000000AC
:10F46000000000000000000000000000000000009C
:10F47000000000000000000000000000000000008C
:10F48000F0E0E8D8983838383838383838383838EC
:10F4900038B8D0E0C0800000FFFFFF7F7F80808011
:10F4A0008080808080808080807F7F7FFFFF000061
:10F4B000FFFCFCFDFB03030303030303030303033C
:10F4C00003FBFBFDFCFC00003F5F5F6F677070702B
:10F4D00070707070707070707077270F0707000081
:10F4E000000000000000000000000000000000001C
:10F4F000000000000000000000000000000000000C
:10F5000000000000000000000000000000000000FB
:10F5100080C0E0D0B83838383838383838383838DB
:10F520003818180808000000FFFFFF7F7F00000068
:10F5300000000000000000000000000000000000CB
:10F54000FFFCFCF8F80000000000000000000000D4
:10F55000000000000000000007070F2777707070A0
:10F56000707070707070707070606040400000006B
:10F57000000000000000000000000000000000008B
:10F58000000000000000000000000000000000007B
:10F59000000000000000000000000000000000006B
:10F5A000F0E8E8D8983838383838383838383838C3
:10F5B00038D0F0E0E0C00000FFFFFF7F7F000000D8
:10F5C0000000000000000000003F7F7F7FFF000080
:10F5D000FFFCFCFCF8000000000000000000000040
:10F5E00000F8FCFCFCFC00003F5F5F6F6770707010
:10F5F00070707070707070707077270F0707000060
:10F6000000000000000000000000000000000000FA
:10F6100000000000000000000000000000000000EA
:10F6200000000000000000000000000000000000DA
:10F63000F0F0E8C8D83838383838383838383838FA
:10F640003838181808000000FFFFFF7F7F80808097
:10F6500080808080808080808080000000000000AA
:10F66000FFFCFCFBFB03030303030303030303038C
:10F6700003030301010000003F3F5F4F6F70707094
:10F68000707070707070707070706060400000001A
:10F69000000000000000000000000000000000006A
:10F6A000000000000000000000000000000000005A
:10F6B000000000000000000000000000000000004A
:10F6C000F0F0E8C8D838383838383838383838386A
:10F6D0003838181808000000FFFFFF7F7F80808007
:10F6E000808080808080808080800000000000001A
:10F6F000FFFCFCFBFB0303030303030303030303FC
:10F7000003030301010000007F3F3F1F0F000000C3
:10F7100000000000000000000000000000000000E9
:10F7200000000000000000000000000000000000D9
:10F7300000000000000000000000000000000000C9
:10F7400000000000000000000000000000000000B9
:10F7500080C0E0D0B8383838383838383838383899
:10F760003818180808000000FFFFFF7F7F00000026
:10F770000000008080808080808000000000000009
:10F78000FFFCFCF8F8000000010101030303030380
:10F7900003FBFBFDFCFC0000070F1F2F7770707050
:10F7A00070707070707070707027270F07070000FE
:10F7B0000000000000000000000000000000000049
:10F7C0000000000000000000000000000000000039
:10F7D0000000000000000000000000000000000029
:10F7E000F8F0E0E0C00000000000000000000000B1
:10F7F00000C0E0F0F0F80000FFFFFF7F7F80808016
:10F800008080808080808080807F7F7FFFFF0000FD
:10F81000FFFCFCFDFB0303030303030303030303D8
:10F8200003FBFBFDFCFC00007F3F1F1F0F000000DF
:10F830000000000000000000000F1F3F3F7F00009D
:10F8400000000000000000000000000000000000B8
:10F8500000000000000000000000000000000000A8
:10F860000000000000000000000000000000000098
:10F87000C0E0F0F0F8000000000000000000000010
:10F8800000000000000000007F7FFFFFFF0000007D
:10F890000000000000000000000000000000000068
:10F8A000F8F8FCFCFF000000000000000000000071
:10F8B00000000000000000000F1F3F3F7F0000001D
:10F8C0000000000000000000000000000000000038
:10F8D0000000000000000000000000000000000028
:10F8E0000000000000000000000000000000000018
:10F8F0000000000000000000000000000000000008
:10F9000000000000000000000000000000000000F7
:10F9100000C0E0F0F0F8000000000000000000006F
:10F920000000000000000000003F7F7F7FFF00001C
:10F93000FEFCFCFCF80000000000000000000000DD
:10F9400000F8F8FCFCFC00003F1F5F6F67707070F0
:10F95000707070707070707070676F5F5F3F0000E4
:10F960000000000000000000000000000000000097
:10F970000000000000000000000000000000000087
:10F980000000000000000000000000000000000077
:10F99000F8F0E0E0C00000000000008080C0E0E07F
:10F9A000F0F8F87838380000FFFFFF7F7F80B8BCA0
:10F9B000BCBE9F8F8F878383818000000000000082
:10F9C000FFFCFCFBFB030303030303030303030329
:10F9D00003FBFBFDFCFC00007F3F1F1F0F0000002E
:10F9E0000000000000000000000F1F3F3F7F0000EC
:10F9F0000000000000000000000000000000000007
:10FA000000000000000000000000000000000000F6
:10FA100000000000000000000000000000000000E6
:10FA2000F8F0F0E0C000000000000000000000005E
:10FA30000000000000000000FFFFFF7F7F000000CB
:10FA400000000000000000000000000000000000B6
:10FA5000FFFCFCF8F80000000000000000000000BF
:10FA600000F8F8FCFCFC00003F1F5F6F67707070CF
:10FA7000707070707070707070676F5F5F3F0000C3
:10FA80000000000000000000000000000000000076
:10FA90000000000000000000000000000000000066
:10FAA0000000000000000000000000000000000056
:10FAB000F0F0E8D8983838383838383838383838A6
:10FAC0003838D8D8E8D80000FFFFFF7F7F0000005B
:10FAD000000000000000000000007FFFFFFF0000AA
:10FAE000FFFCFCFCF800000000000000000000002B
:10FAF0000000F8FCFEFC00007F3F1F1F0F0000000D
:10FB0000000000000000000000001F3F7F3F0000D9
:10FB100000000000000000000000000000000000E5
:10FB200000000000000000000000000000000000D5
:10FB300000000000000000000000000000000000C5
:10FB4000F0E0E8D898383838383838383838383825
:10FB50003898D8E8F0F00000FFFFFF7F7F0000003A
:10FB60000000000000000000003F7F7F7FFF0000DA
:10FB7000FFFCFCFCF800000000000000000000009A
:10FB800000F8F8FCFCFC00007F3F1F1F0F00000086
:10FB90000000000000000000000F1F3F3F7F00003A
:10FBA0000000000000000000000000000000000055
:10FBB0000000000000000000000000000000000045
:10FBC0000000000000000000000000000000000035
:10FBD00080C0E0D0B8383838383838383838383815
:10FBE00038D0F0E0E0C00000FFFFFF7F7F000000A2
:10FBF0000000000000000000003F7F7F7FFF00004A
:10FC0000FFFCFCFCF8000000000000000000000009
:10FC100000F8FCFCFCFC0000070F0F2F77707070E1
:10FC200070707070707070707027270F0707000079
:10FC300000000000000000000000000000000000C4
:10FC400000000000000000000000000000000000B4
:10FC500000000000000000000000000000000000A4
:10FC6000F0E0E8D898383838383838383838383804
:10FC700038B8D0E0C0800000FFFFFF7F7F80808029
:10FC80008080808080808080807F7F7FFFFF000079
:10FC9000FFFCFCFDFB030303030303030303030354
:10FCA00003030301020000007F3F3F1F0F0000001D
:10FCB0000000000000000000000000000000000044
:10FCC0000000000000000000000000000000000034
:10FCD0000000000000000000000000000000000024
:10FCE0000000000000000000000000000000000014
:10FCF00080C0E0D0B83838383838383838383838F4
:10FD00003890D0C0C0800000FFFFFF7F7F00000060
:10FD10000000000000000000007FFFFFFFFF000068
:10FD2000FCF8F8F8F00000000000000000000000FF
:10FD300000F8FCFCFCFF00000F1F1F3F7F7070707D
:10FD40007060605010307070F0F7F7EFC7C70000B8
:10FD500000000000000000000000000000000000A3
:10FD60000000010303070000000000000000000085
:10FD70000000000000000000000000000000000083
:10FD8000F0E0E8D8983838383838383838383838E3
:10FD900038B8D0E0C0800000FFFFFF7F7F80808008
:10FDA0008080808080808080807F7F7FFFFF000058
:10FDB000FFFCFCFDFB030303030303031B3BFBFBF3
:10FDC000FBF3E381020000003F1F0F0F070000005C
:10FDD000000000000000000107070F0F1F1E0000B9
:10FDE0000000000000000000000000000000000013
:10FDF0000000000000000000000000000000000003
:10FE000000000000000000000000000000000000F2
:10FE100080C0F0D0B83838383838383838383838C2
:10FE20003818180808000000FFFFFF7F7F808080DF
:10FE300080808080808080808080000000000000C2
:10FE40000000020303030303030303030303030389
:10FE500003FBFBFDFCFC00000040606070707070F4
:10FE600070707070707070707027270F0707000037
:10FE70000000000000000000000000000000000082
:10FE80000000000000000000000000000000000072
:10FE9000000000000000000000000000000000085A
:10FEA00018383838383838D8D8E8D8D838383838C2
:10FEB0003838180800000000000000000000007F33
:10FEC000FFFFFF7F000000000000000000000000B6
:10FED00000000000000000F8FCFFFCFC0000000037
:10FEE0000000000000000000000000000000003FD3
:10FEF0003F7F3F3F000000000000000000000000C6
:10FF000000000000000000000000000000000000F1
:10FF100000000000000000000000000000000000E1
:10FF200000000000000000000000000000000000D1
:10FF3000F8F0E0E0C0000000000000000000000059
:10FF400000C0E0F0F0F80000FFFFFF7F7F0000003E
:10FF50000000000000000000003F7F7F7FFF0000E6
:10FF6000FFFCFCFCF80000000000000000000000A6
:10FF700000F8FCFCFCFC0000070F0F2F777070707E
:10FF800070707070707070707027270F0707000016
:10FF90000000000000000000000000000000000061
:10FFA0000000000000000000000000000000000051
:10FFB0000000000000000000000000000000000041
:10FFC000F0F0E0C080000000000000000000000031
:10FFD00000C0E0E0F0F80000FFFFFF7F7F000000BE
:10FFE0000000000000000000007FFFFFFFFF000096
:10FFF00003060E3E7EFCFCF8F0E0C080C0E0F8FC9A
:020000040801F1
:10000000FC7C3E0E0603000000000000000001071B
:100010000F1F7F013F1F07030100000000000000C9
:1000200000000000000000000000000000000000D0
:1000300000000000000000000000000000000000C0
:1000400000000000000000000000000000000000B0
:10005000F8F0E0E0C0000000000000000000000038
:100060000000E0F0F8F00000FFFFFF7F7F000000DD
:10007000000000000000000000007FFFFFFF000004
:10008000FCF8F8F8F000000000000000000000009C
:100090000000FCFCFDFC000007070F2727707070B4
:1000A0007070707070707070707067674F6700006C
:1000B0000000000000000000000000000000000040
:1000C0000000000000000000000000000000000030
:1000D00000000000000000000000000000000038E8
:1000E00078F8F8F8F0C08000000000000080C0F050
:1000F000F8F8F878380000000001030F1F3FFFFEFA
:10010000FCF838FCFEFF3F1F0F0301000000000059
:100110000000C0E0F0FCFEFF7F1F30FFFFFCF8E0B6
:10012000C0000000000000787E7F7F3F0F070100C5
:100130000000000001070F1F7F7F7E787000000025
:1001400000000000000000000000000000000000AF
:10015000000000000000000000000000000000009F
:10016000000000000000000000000000000000008F
:10017000F8F0E0E0C0000000000000000000000017
:100180000000C0E0F0F00000FFFFFF7F7F80808074
:10019000808080808080808080807F7FFFFF000063
:1001A000000002030303030303FBFBFBFBFB03034E
:1001B0000303030100000000000000000000000035
:1001C000003F3F7F3F3F00000000000000000000B4
:1001D000000000000000000000000000000000001F
:1001E000000000000000000000000000000000000F
:1001F00000000000000000000000000000000000FF
:10020000080818383838383838383838B8E8F0F846
:10021000F8F878180000000000000000000000005E
:1002200000307CFEFF7F1F0F030000000000000075
:10023000000080C0F0FCFCFC7E1E060300000000F5
:1002400000000000000040707C7E7F7F1F4F7370B5
:10025000707070707070707060404000000000003E
:10026000000000000000000000000000000000008E
:10027000000000000000000000000000808080807E
:1002800080808000000000000000000000000000EE
:10029000000000FFFFFFFFFF010000000000000062
:1002A0000000000000000000000000FFFFFFFF7FD3
:1002B000000000000000000000000000000000003E
:1002C000000203FFFFFFFCF8000000000000000038
:1002D0000000000000000000000000FFFFFFFFFF23
:1002E000000000000000000000000000000000000E
:1002F00000000003070707070404040000000000D3
:1003000000000000000000000000000000000000ED
:1003100000000000000000000000000000000000DD
:10032000F8F8F800000000000000000000000000E5
:100330000000000000000000FFFFFF0000000000C0
:1003400000000000000000000000000000000000AD
:10035000FFFFFF00000000000000000000000000A0
:1003600000000000000000007F7F7F000000000010
:10037000000000000000000000000000000000007D
:10038000000000000000000000000000000000006D
:1003900000000000000000008080808080808000DD
:1003A000000000000000000000000000000000004D
:1003B000000000FFFFFFFFFF000000000000000042
:1003C00000000000000000000000007FFFFFFFFFB2
:1003D000000000000000000000000000000000001D
:1003E000000000F8FCFFFFFF030200000000000017
:1003F0000000000000000000000000FFFFFFFFFF02
:1004000000000000000000000000000000000000EC
:1004100004040407070707030000000000000000B1
:1004200000000000000000000000000000000000CC
:1004300000000000000000000000000000000000BC
:1004400000000000000000000000000000000000AC
:10045000000000000000000000008080808080809C
:10046000800000000000000080808000000000008C
:100470000607070303030303070707070607070722
:10048000070303000000000000000000000000005F
:10049000000000000000000000000000000000005C
:1004A000000000000000000000000000000000004C
:1004B000000000000000D6D0200020002000FE0335
:1004C000220222022202FE0322022000200020003B
:1004D000BEB0FC010401FC010401FC012000FF0787
:1004E0000401FC01200024013202D4B0FE07020402
:1004F000FA0402040204FE05520452044A05860569
:100500000204FE07B5E710001000FF011101110100
:10051000FF0111011101FF0111041004E007D7D3FD
:100520000000FC018000400020002000FF072000A8
:100530002000200020003800D6D0800080008000FD
:100540008000FC1F84108410841084108410FC1F11
:1005500084108000800080008000BEB0F80F080882
:10056000F80F0808F80F8000FF7F0000F80F080858
:100570000808F80F80008410A2204000D4B00000CA
:10058000FE3F0220F22702200220FA2F2221222100
:100590002221122912290A2E0220FE3F0220B5E74D
:1005A000800080008000FC1F841084108410FC1FD9
:1005B000841084108410FC1F845080408040007F91
:1005C000D7D30000FE1F0008000400028001800055
:1005D000FF7F800080008000800080008000A000FD
:1005E0004000C4AB0000FC1F9414A412FC1F800048
:1005F000FC1F8000FF7F241242248000FC1F80002B
:100600008000FF7FCBAE80008000800080108010D3
:10061000BE09A005900290028804880884108260B8
:100620008100A0004000C6C10000FC1F041004109F
:10063000FC1F24084404F41F44044404FC3F440405
:100640004204220421041004B6CF20002020AA1E58
:1006500072022202FE02227E7212AA12A612221236
:1006600022120212FE1100118010BFC90000FE7F8D
:1006700000080008F808880888088808880888089A
:10068000F808880800080008000A0004CFD4000019
:10069000F80F08080808F80F08080808F80F2002E3
:1006A000222224222812280A2002FF7F0000CABE2C
:1006B0000000FC1F0000000000000000FF7F800021
:1006C000800088088810842082408140A00040007B
:1006D000D6D000000000000000180000080000084C
:1006E00000000800080818F8FF1F18081818081854
:1006F000180818180818180818180818F8FF1F08FC
:1007000008080008000008000008000008000018A1
:1007100000001800001800000000BEB0000000003B
:100720000000400006C0FF07400006C0FF07400071
:1007300006C0FF07400802003000FEFF3F00000037
:10074000C0FF07C00002C00002C00002C0FF03805B
:10075000100080110160100E3010180C1E30001CAB
:1007600000000000D4B0000000000000080030F8D5
:10077000FF1F08001008C010083F100800100800F4
:1007800010080013C8FF10082210082210082210B9
:1007900008221008211208211488601648C0132866
:1007A0000010080010F8FF1F080010000000B5E757
:1007B0000000000000000018000008000008000011
:1007C0000800F0FF0F1008041008041008041008B7
:1007D00004F0FF07100804100804100804100804AF
:1007E000F0FF0710080000081000081000082000A3
:1007F000183000F01F000000D7D3000000000000F8
:10080000000004F0FF0F00000600000100C000001F
:100810002800001800001800001830FEFF7F0018A4
:100820000000180000180000180000180000180050
:10083000001800001800001800001F00000C000045
:100840000000D6D000000000000000000080000082
:100850000080010000800100008001000080010094
:10086000008001001080010CF0FFFF0F30800104B8
:1008700030800104308001043080010430800104A4
:10088000308001043080010430800104F0FFFF0754
:1008900030800104308001040080010000800100EC
:1008A0000080010000800100008001000080010044
:1008B0000080010000800100008001000080000035
:1008C00000000000BEB000000000000000000000BA
:1008D00000000001800100FFFF0100038001000310
:1008E000800100FFFF01000380010003800100FF81
:1008F000FF0100818100000003000000031CFCFFD9
:10090000FF3F000040000003C00100FFFF010003A3
:10091000C0000003C0000003C00000FFFF00000192
:10092000410000040100000E7100000781018001F8
:1009300001076000010E1898011C04E0011800C0B6
:10094000000000000000D4B0000000000000000023
:1009500000000008F0FFFF1F3000000C3000000C0A
:100960003000100C30FE3F0C3004000C3000000C46
:100970003000000C3000000C3000C00CF0FFFF0D08
:100980003030060E3030060C3010060C3010060CDD
:100990003010060C3018860C3018860C3008060D06
:1009A000300C860D3006EE0F3002FC0D3001000CCD
:1009B000F000000C3000000CF0FFFF0F3000000CC6
:1009C0001000000400000000B5E700000000000077
:1009D000000000C0000000C0010000C0000000C016
:1009E000000000C0000000C00000E0FFFF0360C086
:1009F000000360C0000360C0000360C0000360C06B
:100A0000000360C00003E0FFFF0360C0000360C09C
:100A1000000360C0000360C0000360C00003E0FF8B
:100A2000FF0360C0000160C0000000C0000800C0FB
:100A3000001000C0001000C0001800C00138008085
:100A4000FF1F0000000000000000D7D300000000DE
:100A5000000000000000000000000003C0FFFF07CE
:100A6000000080070000C0000000600000001800C7
:100A700000000C00008003000080030000800100E3
:100A8000008001080080011CFCFFFF3F0080010086
:100A90000080010000800100008001000080010052
:100AA0000080010000800100008001000080010042
:100AB00000800100008001000080010000FC0100B6
:100AC00000E000000040000000000000EC0A010807
:100AD000000000200C000000C4010008F80A010812
:100AE0000C0000206C7C0000E00100080000000009
:080AF0000000000000000000FE
:040000050800018965
:00000001FF
